locus	num_taxa	tree_length	mean_bootstrap_support
OGcluster_1000_0	26	3.8863	79.6
OGcluster_1004_0	19	1.5502	54.9
OGcluster_1006_0	17	0.5816	80.1
OGcluster_1006_1	18	4.4111	84.5
OGcluster_1006_2	24	1.0812	84.0
OGcluster_1009_0	41	7.2195	83.2
OGcluster_1010_0	25	8.1618	65.1
OGcluster_1013_0	17	0.7028	90.5
OGcluster_1014_0	20	19.9424	47.2
OGcluster_101_0	27	2.3083	76.3
OGcluster_1021_0	50	9.6607	71.6
OGcluster_1023_0	24	0.5315	76.0
OGcluster_1026_0	32	1.3123	73.6
OGcluster_1027_0	29	3.4042	86.3
OGcluster_1029_0	20	0.7535	93.1
OGcluster_1029_1	21	0.6898	89.8
OGcluster_102_0	38	11.9811	75.3
OGcluster_102_1	49	7.4336	78.5
OGcluster_102_2	22	1.0235	86.1
OGcluster_102_3	21	0.9529	94.0
OGcluster_1031_0	40	7.1742	85.6
OGcluster_1031_1	45	5.9776	84.5
OGcluster_1033_0	45	3.2573	75.2
OGcluster_1037_0	25	0.7035	61.0
OGcluster_1037_1	21	1.4613	65.4
OGcluster_1037_2	17	1.1626	54.3
OGcluster_1038_0	17	6.7830	72.7
OGcluster_1039_0	21	10.6599	68.1
OGcluster_1042_0	48	10.1049	78.2
OGcluster_1047_0	45	10.4377	67.5
OGcluster_1049_0	47	7.7874	77.5
OGcluster_1049_1	44	21.8930	69.5
OGcluster_104_0	20	0.7455	92.1
OGcluster_104_1	47	7.1770	79.0
OGcluster_104_2	42	5.4483	75.5
OGcluster_104_3	38	7.0125	72.6
OGcluster_104_4	35	3.9689	84.3
OGcluster_104_5	26	1.7676	87.6
OGcluster_1051_0	21	1.6380	86.5
OGcluster_1054_0	25	1.3834	88.2
OGcluster_1056_0	33	4.1313	68.2
OGcluster_1058_0	24	1.1558	78.9
OGcluster_105_0	36	4.1314	79.7
OGcluster_1061_0	41	10.3685	71.3
OGcluster_1064_0	46	12.0927	70.3
OGcluster_1064_1	21	0.9884	86.4
OGcluster_1066_0	26	1.8582	79.0
OGcluster_1069_0	17	1.0234	77.3
OGcluster_106_0	32	8.8937	73.5
OGcluster_106_1	20	0.5427	82.3
OGcluster_106_2	18	2.0395	77.9
OGcluster_106_3	26	1.7707	85.0
OGcluster_1072_0	41	10.5967	65.7
OGcluster_107_0	27	8.3258	70.4
OGcluster_1081_0	21	0.5836	86.6
OGcluster_1083_0	50	7.5474	78.2
OGcluster_1085_0	49	8.0265	67.9
OGcluster_1087_0	23	0.8389	83.8
OGcluster_1090_0	22	1.4525	64.4
OGcluster_1092_0	38	11.6326	84.7
OGcluster_1094_0	22	0.6695	68.2
OGcluster_1095_0	20	0.4158	92.7
OGcluster_1096_0	21	1.1421	94.9
OGcluster_1096_1	44	3.2192	76.8
OGcluster_109_0	21	1.2923	67.3
OGcluster_109_1	18	1.5415	60.5
OGcluster_109_2	20	1.6735	81.6
OGcluster_1101_0	26	4.3014	82.3
OGcluster_1106_0	18	0.3373	69.8
OGcluster_1107_0	27	2.1341	71.3
OGcluster_1108_0	30	3.3067	71.5
OGcluster_1108_1	32	3.8000	75.6
OGcluster_1108_2	23	0.9822	87.7
OGcluster_110_0	50	28.6415	64.4
OGcluster_1110_0	19	1.0248	92.2
OGcluster_1111_0	30	3.2416	87.3
OGcluster_1111_1	21	0.8102	79.4
OGcluster_1112_0	21	2.7133	78.4
OGcluster_1112_1	21	0.5965	91.4
OGcluster_1112_2	48	6.4568	74.0
OGcluster_1116_0	21	1.6049	60.3
OGcluster_1116_1	19	0.9800	67.9
OGcluster_1117_0	18	0.5299	86.1
OGcluster_1118_0	20	3.7555	94.8
OGcluster_111_0	20	1.0453	75.4
OGcluster_1121_0	31	2.7473	92.6
OGcluster_1122_0	40	3.3761	76.7
OGcluster_1125_0	26	1.5087	88.7
OGcluster_1131_0	29	9.8218	83.3
OGcluster_1131_1	38	7.7577	81.7
OGcluster_1133_0	49	5.7614	73.2
OGcluster_1134_0	17	0.4194	38.3
OGcluster_1137_1	48	9.3662	76.0
OGcluster_1138_0	17	1.0860	73.6
OGcluster_113_0	20	1.0792	85.5
OGcluster_113_1	28	3.6179	88.3
OGcluster_113_2	25	2.3884	79.6
OGcluster_113_3	18	0.6749	79.7
OGcluster_113_4	41	4.5821	80.4
OGcluster_113_5	23	1.4588	85.0
OGcluster_1141_0	20	2.2960	72.6
OGcluster_1142_0	45	3.1392	66.0
OGcluster_1144_0	17	5.7617	83.6
OGcluster_1145_0	26	1.8415	65.1
OGcluster_1148_0	22	1.7120	70.5
OGcluster_114_0	31	5.4658	77.3
OGcluster_114_1	39	6.1734	75.2
OGcluster_114_2	20	4.0560	81.5
OGcluster_1151_0	25	6.9326	76.3
OGcluster_1153_1	38	5.0977	78.4
OGcluster_1156_0	17	0.5356	71.7
OGcluster_1158_0	30	1.4444	84.9
OGcluster_115_0	21	0.9160	89.3
OGcluster_115_1	45	10.9073	75.4
OGcluster_115_2	28	4.2055	77.3
OGcluster_1163_0	20	1.6859	86.2
OGcluster_1163_1	18	0.3238	80.8
OGcluster_116_0	21	0.7082	80.9
OGcluster_116_1	17	0.5198	90.9
OGcluster_116_2	37	6.9883	77.9
OGcluster_1172_0	21	0.4973	89.3
OGcluster_1173_0	33	7.0756	78.5
OGcluster_117_0	30	4.0124	62.0
OGcluster_117_1	21	0.6966	63.6
OGcluster_117_2	17	1.1958	52.1
OGcluster_1182_0	35	9.1742	74.6
OGcluster_1183_0	23	6.6211	77.3
OGcluster_1184_0	27	6.4706	72.4
OGcluster_1188_0	20	0.4317	86.1
OGcluster_118_0	21	1.0137	91.5
OGcluster_118_1	26	6.9118	80.7
OGcluster_118_2	23	0.9806	79.8
OGcluster_118_3	45	5.2577	76.2
OGcluster_118_4	36	9.0366	68.0
OGcluster_118_5	47	6.1310	77.3
OGcluster_1190_0	17	1.0601	64.9
OGcluster_1190_1	26	1.4551	55.0
OGcluster_1191_1	34	2.5300	83.9
OGcluster_1194_0	25	1.5562	82.2
OGcluster_11_0	22	5.9469	72.7
OGcluster_11_1	18	0.7815	87.7
OGcluster_11_2	18	0.9758	89.4
OGcluster_11_3	19	0.9823	86.7
OGcluster_11_4	43	8.1292	78.4
OGcluster_11_5	30	1.5675	79.6
OGcluster_1200_0	23	1.3513	77.0
OGcluster_1201_0	30	1.5150	49.8
OGcluster_1204_0	26	24.9937	50.4
OGcluster_1206_0	20	0.6335	85.1
OGcluster_1206_1	22	0.7875	80.7
OGcluster_1207_0	19	1.2007	84.4
OGcluster_120_0	25	1.9250	80.2
OGcluster_120_1	20	1.3745	68.1
OGcluster_1214_0	17	0.3521	86.8
OGcluster_1215_0	17	2.3520	67.1
OGcluster_1216_1	42	11.9715	81.1
OGcluster_1226_0	34	1.5196	54.4
OGcluster_1227_0	18	0.3658	77.8
OGcluster_1228_0	42	4.2133	71.8
OGcluster_122_0	20	1.6829	65.4
OGcluster_122_1	32	2.0835	75.5
OGcluster_122_2	32	2.7499	79.6
OGcluster_1232_0	35	4.5542	86.3
OGcluster_1233_0	23	2.3276	88.7
OGcluster_1235_0	34	4.8263	52.1
OGcluster_1235_1	32	5.5683	68.3
OGcluster_1235_2	25	6.8368	55.0
OGcluster_1236_0	26	13.1666	62.0
OGcluster_1239_0	41	5.5789	77.7
OGcluster_1239_1	42	5.1024	80.5
OGcluster_1241_0	39	11.9956	68.9
OGcluster_1241_1	17	1.4620	75.0
OGcluster_1245_0	47	8.5853	82.5
OGcluster_1246_0	19	11.8380	79.9
OGcluster_1250_0	31	4.1776	79.0
OGcluster_1251_0	24	2.7779	69.6
OGcluster_1256_0	25	5.4285	68.3
OGcluster_125_0	18	0.3181	69.1
OGcluster_125_1	28	2.0368	77.5
OGcluster_125_2	22	0.4787	79.8
OGcluster_125_3	17	0.3252	87.3
OGcluster_125_4	19	1.4895	71.8
OGcluster_1264_0	23	1.1309	93.0
OGcluster_1264_1	25	3.0702	93.6
OGcluster_1265_0	27	1.1868	88.0
OGcluster_126_0	48	9.5327	70.8
OGcluster_126_1	40	5.9635	78.3
OGcluster_126_2	38	3.8950	81.1
OGcluster_1270_0	22	5.3596	82.1
OGcluster_1272_0	28	5.6959	57.0
OGcluster_1273_0	17	1.0145	85.2
OGcluster_1274_0	23	0.7187	85.6
OGcluster_1277_0	22	9.1522	71.6
OGcluster_1278_0	32	7.5259	62.3
OGcluster_1281_0	19	5.1613	69.6
OGcluster_1282_0	40	2.6030	90.8
OGcluster_1283_0	47	3.2323	81.6
OGcluster_1284_0	22	3.4698	83.3
OGcluster_1288_0	31	9.9918	76.8
OGcluster_1290_1	46	4.1596	74.8
OGcluster_1293_0	23	6.4921	73.4
OGcluster_1297_0	17	2.9733	67.4
OGcluster_129_0	19	3.5757	63.8
OGcluster_129_1	21	3.7447	72.2
OGcluster_129_2	18	2.5470	78.0
OGcluster_129_3	17	0.9778	72.1
OGcluster_129_4	29	5.1108	67.2
OGcluster_129_5	24	6.0465	80.2
OGcluster_129_6	17	3.3936	75.1
OGcluster_129_7	27	3.6562	78.4
OGcluster_1301_0	22	0.4543	78.8
OGcluster_1302_0	44	8.7912	82.7
OGcluster_1305_0	21	1.2031	73.7
OGcluster_130_0	30	2.9278	83.3
OGcluster_1312_0	21	0.9858	86.3
OGcluster_1315_0	27	4.2588	86.8
OGcluster_131_0	29	1.3167	88.4
OGcluster_131_1	24	1.0384	85.0
OGcluster_1323_0	22	0.3460	43.6
OGcluster_1327_0	29	13.6430	68.5
OGcluster_1328_0	23	2.3494	65.5
OGcluster_1328_1	20	3.8918	73.1
OGcluster_1329_1	22	2.4639	61.7
OGcluster_132_0	29	2.0829	77.6
OGcluster_132_1	21	0.7281	79.6
OGcluster_132_2	47	7.0423	71.3
OGcluster_1331_0	46	19.4273	69.6
OGcluster_1332_0	22	0.9952	80.6
OGcluster_1333_0	40	3.8554	92.8
OGcluster_1335_0	29	1.2562	88.6
OGcluster_1336_0	47	7.4820	79.1
OGcluster_1337_0	24	0.4480	55.1
OGcluster_133_0	32	5.0720	66.4
OGcluster_133_1	24	2.0995	72.5
OGcluster_1347_1	49	13.1317	77.3
OGcluster_134_0	25	2.5829	74.8
OGcluster_134_1	40	5.7388	76.5
OGcluster_134_2	38	3.7360	67.8
OGcluster_134_3	33	3.1678	69.9
OGcluster_134_4	35	5.4618	64.6
OGcluster_134_5	24	1.7628	65.5
OGcluster_134_6	22	1.1507	84.7
OGcluster_134_7	33	3.8654	87.1
OGcluster_1351_0	19	10.8186	79.4
OGcluster_1352_0	22	1.2860	73.8
OGcluster_1359_0	37	12.1477	67.7
OGcluster_1363_0	30	1.2737	48.0
OGcluster_1363_1	26	0.9109	75.7
OGcluster_1364_0	40	8.6795	76.7
OGcluster_1365_0	17	0.9687	88.9
OGcluster_1365_1	19	1.6216	88.1
OGcluster_1373_0	18	7.0274	43.1
OGcluster_1374_0	26	4.5107	89.3
OGcluster_1374_1	46	7.7452	73.4
OGcluster_1375_0	22	3.9436	80.5
OGcluster_1377_0	22	2.1338	72.3
OGcluster_1377_1	23	1.1766	70.8
OGcluster_1380_0	43	1.9878	66.5
OGcluster_1380_1	45	3.6975	72.9
OGcluster_1382_0	47	10.2038	72.2
OGcluster_138_0	50	7.1066	73.5
OGcluster_1395_0	22	4.1111	68.7
OGcluster_139_0	30	15.7333	72.4
OGcluster_139_1	42	2.4533	76.0
OGcluster_13_0	36	2.4696	72.3
OGcluster_13_1	21	2.8036	65.9
OGcluster_13_2	37	1.5986	66.7
OGcluster_13_3	21	1.0161	71.4
OGcluster_13_4	17	0.1716	69.2
OGcluster_1400_0	30	9.1145	92.1
OGcluster_1404_0	19	7.3288	68.6
OGcluster_1408_0	38	14.3898	67.4
OGcluster_1409_0	47	3.8232	75.1
OGcluster_1419_0	25	7.8834	59.4
OGcluster_141_0	45	17.4242	73.0
OGcluster_141_1	38	3.2770	73.9
OGcluster_1422_0	21	1.1889	80.7
OGcluster_1426_0	17	11.5610	73.9
OGcluster_1432_0	49	11.6837	82.0
OGcluster_1434_0	22	0.6850	75.8
OGcluster_1436_0	17	1.1936	63.4
OGcluster_1437_0	44	10.8565	76.6
OGcluster_1439_0	19	5.3780	81.6
OGcluster_1441_0	21	0.8576	90.8
OGcluster_1442_1	46	7.6146	82.0
OGcluster_1444_0	30	4.8716	79.9
OGcluster_1445_0	19	3.1836	69.1
OGcluster_1447_0	18	2.2048	69.5
OGcluster_1448_1	45	8.6753	80.6
OGcluster_144_0	40	6.4105	73.6
OGcluster_1450_0	17	3.2686	73.6
OGcluster_1450_1	20	1.2156	91.1
OGcluster_1451_1	50	9.6714	74.1
OGcluster_145_0	38	2.7810	86.4
OGcluster_145_1	22	6.5314	81.3
OGcluster_1460_0	19	1.3118	68.6
OGcluster_1465_0	17	6.4305	93.1
OGcluster_1465_1	17	4.7121	76.1
OGcluster_1467_0	32	4.5470	68.3
OGcluster_1467_1	23	0.8722	75.3
OGcluster_146_0	23	1.1352	80.8
OGcluster_146_1	30	1.5959	87.1
OGcluster_146_2	21	1.0670	86.2
OGcluster_1473_0	29	6.1533	82.7
OGcluster_1483_0	26	16.8032	72.4
OGcluster_148_0	23	1.3111	76.5
OGcluster_1490_0	22	0.6322	86.4
OGcluster_1491_0	48	6.8828	73.0
OGcluster_1492_0	46	21.8347	72.0
OGcluster_1495_0	25	6.2401	79.8
OGcluster_1499_0	45	9.9956	79.9
OGcluster_14_0	18	1.7044	84.8
OGcluster_14_1	30	6.1293	61.0
OGcluster_14_2	17	3.5051	58.0
OGcluster_14_3	18	3.3383	63.7
OGcluster_14_4	18	1.0665	80.2
OGcluster_14_5	24	4.4366	73.4
OGcluster_14_6	17	2.5140	91.1
OGcluster_1500_0	19	4.4987	66.0
OGcluster_1501_0	32	2.9439	83.1
OGcluster_1501_1	23	2.4786	92.2
OGcluster_1503_0	20	0.7113	81.9
OGcluster_1505_1	40	5.3021	79.1
OGcluster_1506_1	46	13.2612	75.0
OGcluster_150_0	41	5.5580	83.1
OGcluster_1513_0	22	0.5322	79.6
OGcluster_1514_0	17	3.7043	60.7
OGcluster_1516_0	21	0.8155	91.2
OGcluster_1517_0	19	5.9842	94.6
OGcluster_1518_0	23	7.2963	61.7
OGcluster_1519_0	47	9.5014	73.6
OGcluster_1520_0	18	0.9747	70.9
OGcluster_1522_0	21	4.7302	70.2
OGcluster_1524_1	48	8.6328	72.8
OGcluster_1526_0	22	3.1712	72.6
OGcluster_1529_0	48	11.0436	78.6
OGcluster_1531_0	49	10.1570	79.4
OGcluster_1533_1	38	7.3462	79.4
OGcluster_1534_0	42	3.4224	77.8
OGcluster_1537_0	24	1.2268	54.2
OGcluster_1540_0	48	5.7422	72.6
OGcluster_1541_0	18	0.7270	54.9
OGcluster_1545_0	20	13.9172	51.9
OGcluster_1549_0	32	10.8243	70.0
OGcluster_1550_0	29	14.0571	65.9
OGcluster_1553_0	24	1.6387	86.4
OGcluster_1554_0	36	6.4881	78.9
OGcluster_1556_0	21	0.9060	91.5
OGcluster_1557_0	24	11.7017	72.1
OGcluster_1558_0	45	8.2477	74.8
OGcluster_1559_0	18	2.4384	73.0
OGcluster_155_0	20	6.1506	84.5
OGcluster_155_1	25	2.2784	80.5
OGcluster_155_2	19	1.0584	85.1
OGcluster_155_3	23	2.1903	83.0
OGcluster_1560_0	27	5.5041	81.0
OGcluster_1561_0	28	5.0348	65.9
OGcluster_1561_1	20	0.6769	79.8
OGcluster_1563_0	19	4.5011	64.5
OGcluster_1568_0	19	1.6012	73.8
OGcluster_156_0	17	2.0270	78.5
OGcluster_156_1	31	4.8297	75.0
OGcluster_156_2	26	2.1574	82.8
OGcluster_1572_0	29	2.8874	88.5
OGcluster_1574_0	20	4.3320	75.3
OGcluster_1576_1	37	7.9778	84.6
OGcluster_1577_1	45	20.6501	77.5
OGcluster_1581_0	17	0.3843	65.3
OGcluster_1585_0	27	5.8090	66.0
OGcluster_1589_1	43	5.3682	83.5
OGcluster_1598_0	28	2.0166	63.2
OGcluster_159_0	24	1.4073	87.8
OGcluster_159_1	25	0.9708	84.6
OGcluster_15_0	41	6.3779	75.3
OGcluster_15_1	21	1.0696	81.8
OGcluster_15_2	47	5.4444	67.8
OGcluster_15_3	24	0.8851	83.0
OGcluster_15_4	20	2.2577	71.2
OGcluster_15_5	47	9.9859	65.6
OGcluster_15_6	49	5.8721	76.6
OGcluster_1604_0	20	2.0699	73.9
OGcluster_1605_0	25	1.0933	81.7
OGcluster_1608_0	22	0.7497	89.1
OGcluster_1608_1	18	6.4242	76.6
OGcluster_160_0	19	1.8997	82.3
OGcluster_1613_0	31	1.6483	71.6
OGcluster_1616_0	18	1.2035	76.5
OGcluster_1621_0	21	9.0684	79.2
OGcluster_1622_0	23	0.9944	90.3
OGcluster_1625_0	22	1.2997	76.9
OGcluster_1628_0	26	0.9942	89.4
OGcluster_162_0	27	1.2110	73.7
OGcluster_1630_0	17	1.8536	68.6
OGcluster_1631_1	46	19.3879	71.0
OGcluster_1636_0	41	3.6314	73.2
OGcluster_1636_1	37	5.7506	75.4
OGcluster_1637_1	44	17.2330	81.6
OGcluster_163_0	22	8.9376	69.7
OGcluster_1643_0	18	0.4887	91.9
OGcluster_1647_0	17	8.3106	79.4
OGcluster_164_0	22	1.7674	91.1
OGcluster_164_1	42	6.9240	75.4
OGcluster_164_2	20	0.5952	87.0
OGcluster_1651_0	32	16.8705	72.6
OGcluster_1652_0	19	12.4113	64.1
OGcluster_165_0	37	6.1013	93.7
OGcluster_1660_0	21	1.5455	82.8
OGcluster_1660_1	19	1.7948	74.8
OGcluster_1664_0	28	1.8524	80.1
OGcluster_1666_1	47	9.9220	81.7
OGcluster_1667_0	22	8.7623	67.7
OGcluster_166_0	21	1.7399	65.3
OGcluster_166_1	27	0.8602	75.0
OGcluster_1673_0	18	1.1185	84.3
OGcluster_167_0	46	6.1589	76.3
OGcluster_167_1	42	8.7618	67.9
OGcluster_167_2	46	6.0191	75.9
OGcluster_167_3	45	6.4718	74.4
OGcluster_1681_0	26	24.5502	65.4
OGcluster_1683_0	26	3.4837	67.9
OGcluster_1683_1	21	0.5624	64.4
OGcluster_1683_2	24	4.3303	72.8
OGcluster_168_0	21	0.6724	86.3
OGcluster_1693_0	22	0.9704	84.6
OGcluster_1696_1	45	7.0836	75.3
OGcluster_1697_0	21	13.1613	67.3
OGcluster_1703_0	18	4.2476	81.4
OGcluster_1707_0	25	6.3073	69.0
OGcluster_1711_0	19	1.5844	73.6
OGcluster_1714_0	25	10.0606	61.0
OGcluster_1715_0	20	0.3661	88.9
OGcluster_1716_0	19	1.4706	70.9
OGcluster_1718_0	17	4.5874	70.8
OGcluster_1718_1	34	2.0149	69.0
OGcluster_171_0	24	3.0892	72.9
OGcluster_171_1	31	4.9963	72.6
OGcluster_171_2	39	4.2172	80.0
OGcluster_1722_0	18	8.3114	63.0
OGcluster_1724_0	19	4.0440	73.3
OGcluster_1725_0	17	0.6395	81.9
OGcluster_1729_0	45	7.6934	77.5
OGcluster_172_0	22	1.6685	48.5
OGcluster_172_1	17	0.3853	71.2
OGcluster_172_2	19	3.8871	84.8
OGcluster_1731_0	28	17.0254	65.1
OGcluster_1732_0	26	5.9052	79.9
OGcluster_1736_0	27	14.8635	65.7
OGcluster_1738_0	27	3.0413	90.8
OGcluster_1741_0	17	3.8113	67.5
OGcluster_1741_1	21	3.1834	84.4
OGcluster_1746_0	17	9.7779	75.1
OGcluster_1754_0	18	4.9636	83.8
OGcluster_1755_1	49	9.3695	74.2
OGcluster_1757_0	19	2.2127	81.1
OGcluster_1758_1	22	10.9845	81.4
OGcluster_1765_0	21	9.9377	84.8
OGcluster_1767_0	17	6.4666	55.1
OGcluster_1769_0	18	1.5999	85.8
OGcluster_1777_0	44	10.5562	75.8
OGcluster_1778_0	24	2.5636	72.5
OGcluster_1780_0	23	0.6542	70.5
OGcluster_1782_1	48	18.5624	78.2
OGcluster_1783_0	30	1.3624	84.4
OGcluster_1784_1	26	4.2926	83.3
OGcluster_1787_0	21	6.2297	73.8
OGcluster_1789_0	24	8.0969	74.0
OGcluster_1793_1	47	19.3499	76.7
OGcluster_1796_0	20	0.6175	84.2
OGcluster_1798_0	22	1.7695	85.2
OGcluster_1799_0	47	16.1438	70.4
OGcluster_17_0	31	4.8360	63.2
OGcluster_17_1	21	1.5049	90.2
OGcluster_17_2	17	2.4911	69.5
OGcluster_17_3	17	1.8076	83.7
OGcluster_1801_0	24	3.1258	73.0
OGcluster_1803_1	38	8.9638	79.9
OGcluster_1805_0	46	3.3775	55.8
OGcluster_1809_0	21	1.3114	88.0
OGcluster_180_0	36	2.1917	65.1
OGcluster_180_1	46	4.4219	74.6
OGcluster_180_3	46	4.7994	71.1
OGcluster_180_4	37	2.3789	69.9
OGcluster_1810_0	44	8.4045	74.0
OGcluster_1812_0	35	9.1889	71.5
OGcluster_1817_0	21	19.3754	62.1
OGcluster_1820_0	23	1.0411	85.5
OGcluster_1821_0	42	5.0129	73.7
OGcluster_1822_1	50	8.9804	80.6
OGcluster_1828_0	41	7.3298	75.0
OGcluster_1830_0	19	3.5761	81.3
OGcluster_1830_1	33	3.2977	78.3
OGcluster_1833_0	22	3.1222	74.3
OGcluster_1835_0	19	7.7076	81.0
OGcluster_1841_1	44	9.3649	64.4
OGcluster_1843_0	28	7.3653	58.2
OGcluster_1847_0	31	3.0369	86.7
OGcluster_1848_0	26	7.8701	76.8
OGcluster_1854_0	17	1.8371	77.4
OGcluster_1856_0	19	1.8454	61.8
OGcluster_1857_0	25	4.6903	73.3
OGcluster_1857_1	26	2.6461	80.2
OGcluster_1860_0	19	13.7980	62.6
OGcluster_1862_0	19	0.9817	95.1
OGcluster_1863_0	24	4.6374	72.8
OGcluster_1868_0	43	14.3563	75.7
OGcluster_1869_0	48	23.2522	75.2
OGcluster_1879_1	26	1.8277	58.4
OGcluster_187_0	20	0.7977	73.5
OGcluster_187_1	19	2.3060	59.9
OGcluster_187_2	22	1.2040	50.2
OGcluster_1881_0	19	0.3606	80.8
OGcluster_1884_0	24	1.2121	85.2
OGcluster_1885_0	23	19.3948	71.5
OGcluster_1887_0	17	0.7198	79.7
OGcluster_1890_0	24	10.7207	55.2
OGcluster_1893_0	30	2.7187	87.9
OGcluster_18_0	20	0.8038	93.1
OGcluster_18_10	22	1.0374	85.0
OGcluster_18_1	30	4.0480	85.9
OGcluster_18_2	26	2.5768	85.3
OGcluster_18_3	20	1.9195	88.5
OGcluster_18_4	45	10.2261	77.4
OGcluster_18_5	22	0.9681	81.1
OGcluster_18_6	17	1.5467	78.4
OGcluster_18_7	32	2.8873	85.3
OGcluster_18_8	21	0.9172	89.0
OGcluster_18_9	24	1.4143	89.5
OGcluster_1901_0	22	10.8570	75.5
OGcluster_1904_0	17	7.2573	87.5
OGcluster_1906_0	22	7.2155	58.6
OGcluster_1907_0	26	6.2440	68.4
OGcluster_190_0	25	0.8140	82.6
OGcluster_190_1	20	0.4494	82.8
OGcluster_1912_0	46	5.8032	65.7
OGcluster_1912_1	27	2.5428	85.3
OGcluster_1916_0	24	11.9431	73.9
OGcluster_1917_0	22	8.6744	60.5
OGcluster_1917_1	27	1.6351	74.4
OGcluster_1918_0	22	0.4576	80.4
OGcluster_191_0	35	11.2172	76.8
OGcluster_191_1	26	5.5581	65.1
OGcluster_1921_0	38	7.2731	76.4
OGcluster_1924_0	17	2.0882	70.9
OGcluster_192_0	48	5.7191	73.8
OGcluster_192_1	42	3.0860	80.4
OGcluster_192_2	44	3.8657	81.2
OGcluster_1930_0	44	12.0514	74.0
OGcluster_1931_0	26	2.3635	70.8
OGcluster_1932_1	45	10.7983	79.2
OGcluster_1934_1	50	7.8033	78.2
OGcluster_1941_0	43	10.6307	78.4
OGcluster_1949_0	19	0.4584	77.3
OGcluster_1950_0	39	9.7049	79.7
OGcluster_1953_0	18	0.6240	84.5
OGcluster_1954_1	49	7.8947	72.2
OGcluster_1955_0	22	10.4344	71.0
OGcluster_1956_0	33	7.7300	86.7
OGcluster_1957_0	28	1.2251	81.6
OGcluster_195_0	19	0.8492	85.6
OGcluster_195_1	22	0.9965	79.8
OGcluster_195_2	19	1.2446	78.1
OGcluster_1960_0	50	6.1497	80.6
OGcluster_1965_1	46	7.6037	77.5
OGcluster_1966_1	46	13.6206	69.4
OGcluster_1976_0	28	1.1234	82.8
OGcluster_1978_0	35	11.0170	70.8
OGcluster_1979_0	25	3.7225	69.4
OGcluster_1980_0	48	4.6890	73.4
OGcluster_1981_0	47	8.8690	76.4
OGcluster_1983_1	48	15.5131	79.8
OGcluster_1989_0	38	3.4712	75.9
OGcluster_198_0	21	0.4425	76.1
OGcluster_1991_0	48	6.2758	78.2
OGcluster_1992_0	21	0.5675	79.4
OGcluster_1994_0	48	33.4463	72.7
OGcluster_1995_1	23	0.8164	76.0
OGcluster_1998_0	27	7.5771	86.5
OGcluster_2000_0	20	1.5851	92.6
OGcluster_2001_0	20	0.6020	87.8
OGcluster_2005_0	23	1.2074	75.3
OGcluster_2008_1	47	7.1050	79.3
OGcluster_200_0	18	5.5017	77.3
OGcluster_200_1	46	3.9584	68.5
OGcluster_200_2	23	3.4236	73.0
OGcluster_200_3	17	1.0233	84.4
OGcluster_2011_0	36	8.7455	69.0
OGcluster_2015_0	24	3.3558	65.7
OGcluster_2017_0	28	6.0931	66.6
OGcluster_201_0	22	1.5772	64.1
OGcluster_2021_0	47	19.1623	72.6
OGcluster_2024_0	42	12.9341	76.7
OGcluster_2025_0	22	6.1438	93.7
OGcluster_2030_1	32	6.1321	71.0
OGcluster_2031_0	21	0.8769	72.8
OGcluster_2033_0	20	7.4342	65.2
OGcluster_2035_0	41	7.3400	75.9
OGcluster_2037_0	24	1.9928	87.3
OGcluster_203_0	17	2.2272	75.1
OGcluster_2045_0	24	6.5595	67.8
OGcluster_204_0	41	8.1434	75.4
OGcluster_204_1	23	0.7554	82.7
OGcluster_204_2	19	0.3934	82.8
OGcluster_2052_0	25	1.3045	80.8
OGcluster_2053_0	47	5.0919	81.3
OGcluster_2055_0	22	0.5455	78.4
OGcluster_2057_0	24	14.6248	47.0
OGcluster_2059_0	40	10.3770	66.9
OGcluster_2062_0	18	0.5315	90.3
OGcluster_2063_0	28	1.1572	80.9
OGcluster_2066_0	43	3.4160	78.7
OGcluster_2067_1	38	8.6034	77.8
OGcluster_206_0	39	5.3605	80.1
OGcluster_206_1	26	1.3355	82.3
OGcluster_2072_0	26	7.5515	64.2
OGcluster_2079_0	29	0.9990	83.2
OGcluster_2081_0	24	1.1219	88.8
OGcluster_2082_1	47	9.2855	65.0
OGcluster_2085_0	19	10.1508	75.1
OGcluster_2089_0	26	1.0974	84.4
OGcluster_2092_1	47	14.0407	70.0
OGcluster_2097_0	18	1.4031	57.5
OGcluster_2097_1	22	1.1375	70.7
OGcluster_2098_0	45	11.4764	74.9
OGcluster_2099_0	17	1.3505	64.1
OGcluster_20_0	41	7.7318	88.8
OGcluster_20_1	39	8.7946	81.0
OGcluster_20_2	37	10.0965	84.1
OGcluster_20_3	29	3.4934	87.5
OGcluster_20_4	30	3.8176	84.3
OGcluster_20_5	31	2.1065	85.8
OGcluster_20_6	19	1.7932	76.7
OGcluster_2100_0	20	1.7432	78.4
OGcluster_2103_0	21	1.2618	88.8
OGcluster_2106_0	19	1.2316	82.2
OGcluster_210_0	17	2.1761	74.2
OGcluster_210_1	17	2.4661	84.9
OGcluster_210_2	28	5.3542	75.5
OGcluster_2112_0	19	2.4206	78.6
OGcluster_2112_1	21	1.7196	71.9
OGcluster_2113_0	30	7.5810	74.7
OGcluster_2113_1	23	1.1362	76.5
OGcluster_2115_0	17	2.6034	78.9
OGcluster_2116_0	19	0.7822	82.9
OGcluster_2119_0	44	8.9286	75.8
OGcluster_2120_0	46	13.2521	75.6
OGcluster_2132_0	25	1.8037	73.4
OGcluster_2135_0	39	4.8324	81.1
OGcluster_2137_0	47	8.1435	75.1
OGcluster_2146_0	22	1.9774	55.0
OGcluster_2146_1	48	9.7416	70.1
OGcluster_2147_1	39	8.1049	76.6
OGcluster_2150_0	17	6.2504	74.6
OGcluster_2154_1	48	8.0878	76.9
OGcluster_2155_0	23	4.9991	75.2
OGcluster_2158_0	21	0.7815	86.2
OGcluster_2159_0	22	0.4751	85.6
OGcluster_2159_1	35	11.3399	62.8
OGcluster_2164_1	46	11.7214	82.4
OGcluster_2166_0	23	4.3639	58.4
OGcluster_2178_0	19	3.2701	84.1
OGcluster_2180_0	43	17.4056	72.2
OGcluster_2181_0	18	6.3033	80.0
OGcluster_2186_0	43	5.4774	72.3
OGcluster_2186_1	42	5.5259	79.5
OGcluster_2188_0	21	7.2213	64.2
OGcluster_2196_0	45	5.3790	74.8
OGcluster_2197_1	46	14.5638	75.2
OGcluster_21_0	17	2.1119	78.5
OGcluster_21_1	46	7.9907	75.7
OGcluster_21_2	45	9.1993	81.1
OGcluster_21_3	17	0.8661	91.2
OGcluster_21_4	20	0.9416	87.8
OGcluster_21_5	21	1.2006	88.9
OGcluster_21_6	25	3.7080	85.3
OGcluster_21_7	34	3.7897	81.6
OGcluster_21_8	18	1.0188	83.3
OGcluster_21_9	39	4.2763	75.2
OGcluster_2204_1	49	24.8671	69.9
OGcluster_2205_0	20	11.0873	70.2
OGcluster_2206_0	20	4.3719	80.1
OGcluster_2209_0	24	9.5641	60.0
OGcluster_2213_1	50	8.3284	80.0
OGcluster_2215_0	39	2.1801	79.7
OGcluster_2221_0	26	13.8296	60.0
OGcluster_2224_1	48	8.3557	73.5
OGcluster_2227_0	21	0.2459	78.7
OGcluster_2227_1	39	6.0970	81.4
OGcluster_2231_0	18	5.5840	74.5
OGcluster_2232_0	22	0.5456	84.3
OGcluster_2236_1	46	5.8118	79.0
OGcluster_2241_0	42	6.6142	77.5
OGcluster_2242_0	21	6.7728	54.6
OGcluster_2245_0	17	1.1455	82.8
OGcluster_2248_0	17	0.5954	86.9
OGcluster_2256_0	45	6.8138	74.6
OGcluster_2257_0	44	9.3461	70.0
OGcluster_2261_0	23	3.0159	90.4
OGcluster_2266_0	26	11.3872	69.6
OGcluster_2267_0	17	1.8694	69.6
OGcluster_2269_1	47	10.7303	77.0
OGcluster_226_0	17	1.0392	93.3
OGcluster_226_1	18	2.8667	63.7
OGcluster_226_2	17	0.3818	78.3
OGcluster_2271_0	40	7.2667	77.2
OGcluster_2272_0	45	13.4485	67.3
OGcluster_2273_0	20	2.6234	82.8
OGcluster_2274_0	44	13.9569	71.5
OGcluster_2278_1	43	8.9105	76.8
OGcluster_2281_0	21	0.9380	80.6
OGcluster_2283_0	17	0.6909	77.0
OGcluster_2287_1	47	5.3093	75.5
OGcluster_228_0	27	7.1069	66.5
OGcluster_228_1	21	1.3990	72.2
OGcluster_228_2	41	7.8211	66.8
OGcluster_2291_0	43	7.5743	73.4
OGcluster_2294_0	23	0.9085	79.6
OGcluster_2298_0	26	0.9061	84.9
OGcluster_229_0	40	3.0569	78.2
OGcluster_229_1	21	2.9649	70.6
OGcluster_229_2	18	6.5718	69.7
OGcluster_22_0	20	1.2473	89.4
OGcluster_22_1	18	5.1735	84.8
OGcluster_2301_0	17	1.3269	61.2
OGcluster_2303_0	50	10.7203	79.4
OGcluster_2304_0	37	2.9250	63.6
OGcluster_2309_0	22	0.7013	83.4
OGcluster_2312_0	44	8.5380	80.0
OGcluster_2313_0	43	2.9676	76.2
OGcluster_2314_0	21	2.1474	57.2
OGcluster_2317_0	19	7.6127	66.2
OGcluster_2318_0	21	0.4818	91.3
OGcluster_231_0	19	0.8664	83.3
OGcluster_2320_1	45	13.5192	72.2
OGcluster_2323_0	22	5.0961	83.1
OGcluster_2325_0	17	4.1093	73.3
OGcluster_2326_0	35	10.2530	72.8
OGcluster_2328_1	46	9.6765	74.0
OGcluster_2329_0	28	8.7703	71.3
OGcluster_232_0	46	4.4567	76.0
OGcluster_232_1	18	4.8782	71.3
OGcluster_232_2	34	2.6620	87.6
OGcluster_2330_0	23	2.7420	74.0
OGcluster_2331_0	49	7.8836	85.0
OGcluster_2332_0	33	7.1356	76.3
OGcluster_2334_0	45	5.1174	72.5
OGcluster_2338_0	20	24.5540	57.1
OGcluster_233_0	20	2.0403	49.9
OGcluster_2340_0	34	8.8714	78.0
OGcluster_2341_0	23	15.6274	58.8
OGcluster_2344_0	25	10.0677	64.2
OGcluster_2345_0	26	1.6655	86.6
OGcluster_2349_0	41	2.8803	78.9
OGcluster_234_0	33	2.6511	81.3
OGcluster_2350_1	46	12.6027	70.7
OGcluster_2351_0	22	5.2742	79.0
OGcluster_2352_0	17	4.6447	82.9
OGcluster_2353_0	30	6.8814	68.5
OGcluster_2354_0	49	13.4122	72.6
OGcluster_2365_1	38	14.0133	74.2
OGcluster_2368_0	20	1.9022	77.9
OGcluster_2369_0	24	8.9195	70.9
OGcluster_236_0	21	0.6158	88.2
OGcluster_236_1	25	1.6397	86.0
OGcluster_236_2	30	2.8873	85.9
OGcluster_2372_0	21	0.4295	89.4
OGcluster_2373_0	41	11.6755	73.2
OGcluster_2373_1	17	8.0226	67.7
OGcluster_2374_0	22	0.8632	78.9
OGcluster_2378_0	27	7.0613	68.0
OGcluster_2384_0	34	14.0569	67.1
OGcluster_2389_0	43	11.9248	69.2
OGcluster_238_0	18	3.5640	90.8
OGcluster_2390_1	49	10.9604	74.1
OGcluster_2392_1	48	12.4638	75.1
OGcluster_2393_0	20	0.7080	86.2
OGcluster_2394_1	44	13.5567	74.4
OGcluster_2395_0	35	8.5585	79.7
OGcluster_2399_0	28	3.5556	70.0
OGcluster_23_0	24	1.1644	83.5
OGcluster_23_1	17	2.1633	64.8
OGcluster_23_2	23	0.9397	71.7
OGcluster_23_3	31	1.9284	59.2
OGcluster_23_4	23	0.8775	80.4
OGcluster_23_5	20	6.2476	45.6
OGcluster_2401_1	40	10.8161	74.3
OGcluster_2407_1	45	11.1900	75.5
OGcluster_2408_0	45	22.3879	81.5
OGcluster_240_0	21	0.5860	71.4
OGcluster_240_1	20	0.2316	85.6
OGcluster_240_2	19	0.3978	75.7
OGcluster_2416_0	44	3.6592	83.3
OGcluster_2417_0	21	10.5886	69.6
OGcluster_2420_0	26	0.7907	76.9
OGcluster_2420_1	29	1.9939	67.8
OGcluster_2424_1	47	11.1941	74.6
OGcluster_2426_1	45	23.6236	70.7
OGcluster_2427_0	28	8.0695	64.1
OGcluster_2428_1	49	9.9203	66.9
OGcluster_2431_0	49	6.5967	76.3
OGcluster_2433_1	32	7.9780	80.3
OGcluster_2437_0	44	3.4295	80.1
OGcluster_243_0	18	0.8670	89.6
OGcluster_2441_0	37	9.7245	86.9
OGcluster_2441_1	28	5.4685	79.6
OGcluster_2448_0	33	6.4745	69.8
OGcluster_2448_1	17	0.4566	90.4
OGcluster_2450_1	39	11.0642	73.5
OGcluster_2451_0	19	7.6838	69.8
OGcluster_2453_1	45	14.2382	72.8
OGcluster_2456_0	21	0.5565	88.5
OGcluster_245_0	20	1.9597	43.8
OGcluster_2462_0	21	0.8582	85.4
OGcluster_2464_1	36	11.0824	85.7
OGcluster_2465_0	23	0.9259	85.3
OGcluster_2466_0	49	8.9182	72.0
OGcluster_2467_0	20	0.9893	91.1
OGcluster_2468_0	42	10.0220	71.7
OGcluster_246_0	39	5.1408	79.1
OGcluster_2470_0	46	6.2426	79.0
OGcluster_2475_0	22	0.6436	82.2
OGcluster_2477_0	25	9.7430	60.6
OGcluster_2479_0	28	8.1903	84.1
OGcluster_2493_0	42	19.2647	70.5
OGcluster_2497_0	36	11.1256	87.2
OGcluster_2499_0	23	1.3099	86.8
OGcluster_24_0	24	0.6934	91.6
OGcluster_24_1	30	1.8139	85.3
OGcluster_24_2	18	1.0842	87.6
OGcluster_24_3	18	1.5198	79.3
OGcluster_24_4	23	2.3317	84.1
OGcluster_24_5	46	8.2777	78.6
OGcluster_24_6	32	2.2193	88.5
OGcluster_24_7	41	4.7901	69.4
OGcluster_24_8	35	10.1737	80.2
OGcluster_2500_0	20	3.0841	81.4
OGcluster_2501_1	43	7.9357	76.5
OGcluster_2510_0	41	8.1135	77.4
OGcluster_2511_0	27	4.8728	88.9
OGcluster_2512_0	27	1.9019	75.0
OGcluster_2516_0	37	12.5396	70.1
OGcluster_2518_1	47	7.0116	74.5
OGcluster_251_0	22	0.9260	75.5
OGcluster_2523_1	39	15.7528	75.5
OGcluster_252_0	21	2.2015	86.6
OGcluster_2530_0	49	19.7032	78.7
OGcluster_2531_1	46	2.9009	78.7
OGcluster_2533_0	22	2.4941	63.6
OGcluster_253_0	19	0.6834	87.4
OGcluster_253_1	44	8.0216	77.2
OGcluster_253_2	17	4.8039	82.9
OGcluster_2540_0	43	3.7201	78.2
OGcluster_2545_0	34	9.8180	73.0
OGcluster_2547_0	47	7.1895	69.6
OGcluster_2549_0	43	11.4423	68.8
OGcluster_2550_0	20	4.7131	82.3
OGcluster_2553_0	24	0.7688	78.0
OGcluster_2558_0	46	18.9616	79.1
OGcluster_2566_0	36	6.8577	74.9
OGcluster_2568_0	30	11.4003	90.3
OGcluster_2568_1	41	10.7438	77.4
OGcluster_2569_0	49	11.1308	78.5
OGcluster_2570_0	19	5.6561	83.9
OGcluster_2571_0	19	2.7367	73.3
OGcluster_2572_0	29	6.0470	82.1
OGcluster_2575_0	24	1.1402	74.9
OGcluster_2577_0	20	7.6375	72.6
OGcluster_2578_0	19	10.1135	41.1
OGcluster_2579_0	20	1.0260	67.1
OGcluster_257_0	47	7.5437	74.0
OGcluster_2583_0	18	5.2920	81.7
OGcluster_2584_0	34	12.6862	78.7
OGcluster_2585_0	22	11.3598	72.8
OGcluster_2587_0	18	0.7030	81.3
OGcluster_2595_0	26	1.6976	85.9
OGcluster_259_0	43	6.9862	64.8
OGcluster_259_1	36	8.2836	75.7
OGcluster_259_2	34	6.3122	58.5
OGcluster_259_3	35	6.7618	72.8
OGcluster_2601_0	28	6.1907	85.6
OGcluster_2602_0	18	12.3336	76.6
OGcluster_2602_1	27	1.6424	84.0
OGcluster_2603_0	19	8.3436	53.3
OGcluster_2606_0	22	0.5824	85.7
OGcluster_2607_0	24	0.6322	80.0
OGcluster_2608_0	40	3.7667	77.7
OGcluster_2609_0	22	0.6364	81.8
OGcluster_260_0	26	1.4602	79.6
OGcluster_260_1	20	0.8989	86.2
OGcluster_2615_0	45	7.0873	73.5
OGcluster_2617_0	24	6.5811	76.2
OGcluster_2618_0	27	5.1662	62.2
OGcluster_261_0	19	1.0779	84.3
OGcluster_2620_0	34	5.7664	83.1
OGcluster_2620_1	38	10.0639	76.3
OGcluster_2623_0	49	11.0153	76.9
OGcluster_2624_0	44	10.2163	74.3
OGcluster_2625_1	46	8.7426	61.4
OGcluster_2626_1	46	10.1993	68.5
OGcluster_2627_0	17	0.4700	86.9
OGcluster_2630_0	18	1.1971	75.4
OGcluster_2631_0	23	3.0001	70.5
OGcluster_2632_0	21	0.8542	80.7
OGcluster_2633_0	33	24.9017	71.6
OGcluster_2637_0	17	0.2967	79.3
OGcluster_2638_0	42	8.4828	78.3
OGcluster_2640_0	23	1.5265	79.8
OGcluster_2641_0	19	2.4198	69.1
OGcluster_2644_0	45	12.8932	79.3
OGcluster_2645_0	17	4.3340	54.1
OGcluster_2645_1	18	3.1914	72.2
OGcluster_2647_0	49	9.8412	69.3
OGcluster_2648_0	18	1.4227	70.4
OGcluster_2650_0	47	10.7024	74.9
OGcluster_2652_1	45	10.2477	76.2
OGcluster_2654_0	42	11.1387	65.6
OGcluster_2656_0	47	12.9403	78.2
OGcluster_2657_0	17	2.0973	78.7
OGcluster_2657_1	45	6.0353	74.3
OGcluster_2658_0	22	1.1373	86.1
OGcluster_2659_0	27	14.3148	62.1
OGcluster_265_0	39	2.6972	72.3
OGcluster_265_1	21	0.5528	78.1
OGcluster_2661_0	38	2.6914	77.4
OGcluster_2662_1	44	14.0012	76.0
OGcluster_2663_0	18	2.6718	89.5
OGcluster_2664_0	46	8.2654	72.5
OGcluster_2665_1	47	7.9860	74.1
OGcluster_2667_1	39	8.2874	73.8
OGcluster_2668_0	25	9.9178	67.2
OGcluster_2672_1	46	11.7051	79.8
OGcluster_2673_0	43	14.3692	68.3
OGcluster_2674_1	41	8.4306	73.9
OGcluster_2675_0	21	6.0093	75.2
OGcluster_2675_1	17	0.4284	81.5
OGcluster_2678_0	22	0.5541	90.7
OGcluster_2680_0	24	3.7761	77.9
OGcluster_2681_0	21	0.8923	79.0
OGcluster_2683_0	17	0.7473	80.6
OGcluster_2685_0	17	5.4103	74.6
OGcluster_2686_0	47	8.9232	77.1
OGcluster_2692_1	43	6.9399	75.8
OGcluster_2693_0	27	1.5144	86.2
OGcluster_2694_0	36	11.1849	70.6
OGcluster_269_0	45	9.3163	77.1
OGcluster_269_1	28	3.5683	77.1
OGcluster_269_2	30	3.9637	84.6
OGcluster_269_3	41	10.0925	68.5
OGcluster_269_4	46	6.5568	75.9
OGcluster_26_0	20	0.8577	83.9
OGcluster_26_1	25	1.4007	78.0
OGcluster_26_2	26	3.5874	79.0
OGcluster_26_3	29	3.0309	84.3
OGcluster_26_4	21	0.7517	81.2
OGcluster_26_5	21	0.7414	76.4
OGcluster_26_6	28	1.8493	89.7
OGcluster_26_7	27	3.4001	84.8
OGcluster_2702_0	18	1.9476	75.1
OGcluster_2705_0	44	11.1596	73.2
OGcluster_2706_0	17	1.7488	75.4
OGcluster_270_0	17	1.1926	93.9
OGcluster_2710_0	44	7.6368	80.0
OGcluster_2715_1	48	9.1451	65.4
OGcluster_2720_0	19	0.5272	64.9
OGcluster_2720_1	20	0.6051	71.6
OGcluster_2721_0	44	7.8464	70.4
OGcluster_2724_0	45	11.6542	71.6
OGcluster_2725_0	26	9.6081	64.2
OGcluster_2727_0	46	12.4990	76.5
OGcluster_2729_1	34	7.5271	70.1
OGcluster_272_0	24	2.6103	77.0
OGcluster_2730_0	17	1.7545	69.5
OGcluster_2731_0	47	8.3621	77.9
OGcluster_2733_1	42	5.1195	78.2
OGcluster_2734_0	28	2.5491	75.9
OGcluster_2736_0	35	3.3083	75.2
OGcluster_2739_0	21	8.1403	79.6
OGcluster_2742_0	21	1.7723	69.2
OGcluster_2742_1	17	0.3831	86.3
OGcluster_2744_0	26	6.9384	91.5
OGcluster_2748_0	38	5.5885	66.3
OGcluster_274_0	24	1.7188	86.1
OGcluster_274_1	20	1.1632	88.9
OGcluster_2755_0	34	2.4742	72.3
OGcluster_2758_0	25	0.9438	86.0
OGcluster_2760_0	17	2.5523	83.7
OGcluster_2762_0	26	11.7620	61.7
OGcluster_2765_0	28	6.6081	75.7
OGcluster_2766_0	35	4.0318	74.3
OGcluster_2768_0	23	1.3252	90.0
OGcluster_2768_1	24	5.8026	86.8
OGcluster_2769_0	35	9.7575	65.6
OGcluster_276_0	23	0.8357	70.3
OGcluster_2770_0	24	9.0375	61.8
OGcluster_2771_0	24	3.8365	64.4
OGcluster_2774_0	37	9.5338	70.1
OGcluster_2777_1	42	16.1656	49.5
OGcluster_2778_0	17	0.4329	82.8
OGcluster_2779_0	32	5.5791	67.7
OGcluster_2779_1	19	0.9835	89.2
OGcluster_2781_0	44	5.6974	70.3
OGcluster_2789_0	47	18.3766	75.0
OGcluster_2793_1	49	19.7340	77.3
OGcluster_2797_1	47	9.6583	72.9
OGcluster_2798_0	29	8.1210	86.3
OGcluster_2798_1	27	1.9873	90.0
OGcluster_2799_0	17	5.9506	72.9
OGcluster_27_0	24	3.1926	86.1
OGcluster_27_1	34	4.2233	80.3
OGcluster_27_2	18	5.2799	91.3
OGcluster_27_3	47	9.3814	70.1
OGcluster_27_4	31	4.9550	66.7
OGcluster_27_5	43	6.4092	78.7
OGcluster_27_6	25	1.8013	82.8
OGcluster_27_7	34	3.5169	79.9
OGcluster_27_8	22	1.8269	90.4
OGcluster_2801_0	23	0.5730	83.7
OGcluster_2803_1	48	15.9689	69.6
OGcluster_2808_0	21	2.7122	70.4
OGcluster_2809_0	45	4.0806	78.4
OGcluster_280_0	20	0.6353	86.9
OGcluster_280_1	20	0.6451	86.1
OGcluster_2816_0	23	3.0847	71.0
OGcluster_2818_0	29	1.4505	87.1
OGcluster_281_0	26	1.3722	77.7
OGcluster_2829_0	23	8.5798	79.2
OGcluster_282_0	46	10.0662	71.9
OGcluster_282_1	46	10.7811	73.2
OGcluster_282_2	46	2.6955	70.9
OGcluster_2830_0	23	0.7775	80.6
OGcluster_2831_0	25	12.9027	59.9
OGcluster_2833_0	47	7.2226	73.1
OGcluster_2835_0	22	6.7233	86.1
OGcluster_2835_1	21	6.6310	80.9
OGcluster_2836_1	45	11.9187	62.5
OGcluster_2837_0	47	5.0559	69.6
OGcluster_2842_0	35	5.8550	82.2
OGcluster_2846_0	29	6.0787	92.1
OGcluster_2847_1	47	7.9385	78.5
OGcluster_284_0	33	6.3084	69.5
OGcluster_284_1	27	5.7972	84.3
OGcluster_2850_0	44	9.2639	72.9
OGcluster_2851_0	27	6.5962	61.8
OGcluster_2852_0	27	7.7150	73.1
OGcluster_2853_0	39	3.0292	80.6
OGcluster_2856_0	29	17.7073	59.2
OGcluster_2857_1	48	5.2133	75.0
OGcluster_2858_0	25	1.3382	85.8
OGcluster_285_0	34	2.2002	77.6
OGcluster_2862_0	35	9.1874	67.3
OGcluster_2863_0	20	0.7426	91.9
OGcluster_2868_0	17	4.5103	61.6
OGcluster_2870_1	48	19.3241	65.8
OGcluster_2871_1	44	5.1613	74.1
OGcluster_2875_0	23	1.4238	82.2
OGcluster_2877_1	24	8.5035	74.8
OGcluster_287_0	23	3.5119	91.5
OGcluster_287_1	21	0.8226	89.6
OGcluster_2881_0	27	2.5555	63.8
OGcluster_288_0	17	3.6887	35.6
OGcluster_288_1	31	3.2413	80.8
OGcluster_288_2	18	0.9586	83.4
OGcluster_2891_0	24	1.9974	59.9
OGcluster_2892_0	35	4.4779	90.2
OGcluster_2894_0	28	7.8642	67.1
OGcluster_2897_0	42	7.1298	83.1
OGcluster_2898_0	18	4.4142	59.5
OGcluster_289_0	22	1.2900	71.6
OGcluster_2901_0	46	11.2378	75.3
OGcluster_2904_0	18	2.1009	77.3
OGcluster_2908_0	33	7.8701	72.2
OGcluster_2910_0	37	18.8242	79.9
OGcluster_2912_1	46	10.0493	74.4
OGcluster_2913_0	24	2.7527	75.8
OGcluster_2921_0	17	2.5960	69.4
OGcluster_2922_0	37	5.9992	81.2
OGcluster_2923_0	24	6.9231	63.8
OGcluster_2928_0	44	21.6105	74.5
OGcluster_2931_0	46	7.7690	68.9
OGcluster_2932_0	19	13.4532	68.0
OGcluster_2933_0	24	7.7009	63.3
OGcluster_2934_0	25	1.0163	80.8
OGcluster_2936_0	39	8.9928	71.6
OGcluster_2938_0	23	0.9958	84.5
OGcluster_293_0	34	3.5561	78.3
OGcluster_2940_0	26	10.3507	64.8
OGcluster_2942_0	28	7.1756	64.2
OGcluster_2945_0	21	1.3967	88.1
OGcluster_2946_0	23	8.5289	72.6
OGcluster_2947_0	43	8.4580	71.8
OGcluster_2949_0	20	1.5549	73.4
OGcluster_294_0	18	2.2512	60.5
OGcluster_2952_0	33	1.6347	83.8
OGcluster_2961_1	46	12.6758	76.1
OGcluster_2962_0	39	8.6940	80.7
OGcluster_2964_0	27	12.7732	59.6
OGcluster_2967_0	43	11.4037	69.7
OGcluster_2970_1	46	10.8410	71.6
OGcluster_2972_0	20	0.6996	81.9
OGcluster_2973_1	43	5.3072	80.6
OGcluster_2974_0	21	2.1852	67.8
OGcluster_2976_0	19	7.9613	68.8
OGcluster_2977_0	43	13.3498	77.3
OGcluster_2979_0	18	1.4391	77.6
OGcluster_297_0	45	8.6155	77.5
OGcluster_297_1	17	1.6745	75.7
OGcluster_297_2	21	1.1173	82.3
OGcluster_2980_0	20	12.8725	67.6
OGcluster_2983_1	43	8.0966	76.9
OGcluster_2986_0	47	33.2480	72.1
OGcluster_2988_0	23	6.0650	87.5
OGcluster_298_0	42	12.9929	75.1
OGcluster_298_1	26	4.6471	80.5
OGcluster_298_2	23	12.2525	85.9
OGcluster_298_3	25	4.3518	88.8
OGcluster_298_4	22	3.8886	75.8
OGcluster_2991_0	24	1.0197	73.3
OGcluster_2995_0	35	2.7177	78.9
OGcluster_2996_0	34	2.8991	44.7
OGcluster_29_0	36	2.5957	82.4
OGcluster_29_1	25	6.2224	74.7
OGcluster_29_2	32	3.6798	81.1
OGcluster_29_3	30	1.8107	82.7
OGcluster_29_4	42	3.5647	78.7
OGcluster_29_5	17	0.5235	76.6
OGcluster_29_6	46	8.1967	77.4
OGcluster_29_7	19	0.4733	88.9
OGcluster_29_8	21	0.6442	83.8
OGcluster_3000_1	49	9.8633	71.8
OGcluster_3001_0	43	6.2178	80.0
OGcluster_3007_0	24	7.8041	63.8
OGcluster_3008_0	21	0.4028	91.4
OGcluster_3010_0	22	0.4999	79.3
OGcluster_3012_0	45	7.6841	66.5
OGcluster_3013_0	20	1.6330	84.4
OGcluster_3013_1	25	1.6452	62.5
OGcluster_3014_0	45	20.0680	78.2
OGcluster_3016_0	17	0.8297	79.8
OGcluster_301_0	17	0.9119	90.2
OGcluster_3020_0	26	2.0918	89.7
OGcluster_3022_1	46	5.2625	73.9
OGcluster_3025_0	21	6.1350	74.1
OGcluster_3027_0	17	15.7802	53.2
OGcluster_3039_0	18	7.6883	67.5
OGcluster_303_0	18	2.4601	64.2
OGcluster_303_1	20	5.7839	59.8
OGcluster_303_2	19	6.1838	57.3
OGcluster_303_3	18	0.7281	76.5
OGcluster_3042_0	25	1.4610	67.4
OGcluster_3048_0	45	8.0478	74.7
OGcluster_3049_0	38	4.1029	78.5
OGcluster_304_0	26	8.8616	73.0
OGcluster_304_1	46	5.2869	75.5
OGcluster_304_2	18	0.8640	75.7
OGcluster_3055_0	28	2.2579	89.4
OGcluster_3056_0	22	6.7848	67.7
OGcluster_3057_0	38	8.7658	82.9
OGcluster_3060_1	44	8.0276	73.1
OGcluster_3063_1	50	11.7580	73.6
OGcluster_3064_0	40	3.2513	75.0
OGcluster_3068_0	44	8.1955	68.5
OGcluster_3071_0	46	5.6653	73.3
OGcluster_3075_0	43	8.6190	78.2
OGcluster_3077_0	23	0.8515	71.5
OGcluster_307_0	41	11.4435	73.2
OGcluster_3080_0	21	2.9833	65.3
OGcluster_3082_1	43	9.8380	80.9
OGcluster_3084_0	42	2.7263	68.2
OGcluster_3087_1	44	14.9170	78.2
OGcluster_308_0	21	0.6647	85.3
OGcluster_3090_0	17	0.5313	84.7
OGcluster_3091_0	37	11.8473	71.4
OGcluster_3092_0	18	4.6233	71.1
OGcluster_3097_0	22	24.2455	77.1
OGcluster_30_0	18	0.8134	86.9
OGcluster_30_1	23	0.7692	81.0
OGcluster_30_2	51	8.7774	78.3
OGcluster_3102_0	48	11.0380	75.3
OGcluster_3105_0	46	6.4989	69.4
OGcluster_3106_0	43	11.3674	70.0
OGcluster_310_0	19	0.5657	88.8
OGcluster_310_1	20	0.2854	87.7
OGcluster_3114_0	41	3.8072	74.7
OGcluster_3117_0	48	16.5059	67.8
OGcluster_3118_0	23	0.5497	84.8
OGcluster_3119_0	25	11.3486	72.2
OGcluster_3120_0	26	1.4432	91.4
OGcluster_3120_1	18	11.5629	63.7
OGcluster_3124_0	19	5.3870	75.0
OGcluster_3126_0	18	15.6827	78.2
OGcluster_3127_0	44	14.6433	74.4
OGcluster_3128_0	34	13.0987	87.2
OGcluster_312_0	19	1.8354	95.3
OGcluster_3131_0	45	7.7343	73.7
OGcluster_3133_0	18	1.8421	62.3
OGcluster_3134_0	36	4.8538	73.6
OGcluster_3142_0	17	3.7355	80.6
OGcluster_3144_0	19	1.9730	79.2
OGcluster_3145_0	47	8.5655	76.4
OGcluster_3146_1	34	7.6459	73.4
OGcluster_3147_0	18	8.4877	58.1
OGcluster_314_0	32	2.6248	65.3
OGcluster_3151_0	17	3.0420	73.7
OGcluster_3154_1	47	22.0673	75.4
OGcluster_3155_0	23	2.7440	64.3
OGcluster_3156_0	44	13.9223	70.4
OGcluster_3157_1	40	10.4081	79.6
OGcluster_3158_0	40	14.6005	64.1
OGcluster_3167_0	26	12.4644	53.2
OGcluster_3168_0	21	0.9342	88.5
OGcluster_3169_1	41	5.0031	74.6
OGcluster_316_0	21	1.0548	82.8
OGcluster_3170_0	21	1.1840	87.1
OGcluster_3171_0	39	11.1778	86.2
OGcluster_3173_0	49	6.8602	78.7
OGcluster_3175_0	29	1.6006	81.5
OGcluster_317_0	44	3.1580	70.5
OGcluster_317_1	17	0.2641	77.5
OGcluster_3180_0	17	1.9263	60.5
OGcluster_3180_1	23	1.1584	57.5
OGcluster_3181_0	27	14.8150	58.4
OGcluster_3182_0	23	0.4676	86.4
OGcluster_3184_0	27	7.0400	63.8
OGcluster_3188_0	34	7.4663	73.9
OGcluster_3190_0	20	0.6024	81.8
OGcluster_3191_0	18	2.2952	85.3
OGcluster_3192_0	46	10.8898	76.3
OGcluster_3193_0	43	6.6588	79.3
OGcluster_3194_0	46	9.6333	80.0
OGcluster_3195_0	17	12.3654	69.2
OGcluster_3198_0	20	5.8785	58.7
OGcluster_3200_0	24	2.8085	68.3
OGcluster_3201_0	45	9.9108	72.5
OGcluster_3202_0	26	14.7084	67.3
OGcluster_3204_0	38	3.8333	77.7
OGcluster_3206_0	19	4.6696	80.0
OGcluster_3207_0	36	3.0435	75.3
OGcluster_320_1	22	0.5610	87.0
OGcluster_3211_0	48	8.6998	76.6
OGcluster_3212_1	48	19.0742	70.5
OGcluster_3214_0	18	0.5669	83.3
OGcluster_3217_0	17	1.7790	79.1
OGcluster_3217_1	21	12.3038	73.5
OGcluster_3218_0	23	0.4301	81.2
OGcluster_321_0	37	7.2452	73.2
OGcluster_321_1	44	9.1682	86.4
OGcluster_3231_0	19	2.0863	72.7
OGcluster_3232_1	50	15.3169	69.1
OGcluster_3237_1	44	7.4663	74.8
OGcluster_3239_1	45	7.8417	71.4
OGcluster_323_0	25	3.2622	90.8
OGcluster_323_1	46	8.4147	82.6
OGcluster_3240_0	20	2.5444	59.9
OGcluster_3241_0	24	5.3105	66.5
OGcluster_3242_0	42	11.4128	83.1
OGcluster_3246_0	44	10.4876	72.2
OGcluster_3250_1	43	10.2315	71.3
OGcluster_3253_0	27	7.6384	81.8
OGcluster_3254_0	45	8.0742	75.3
OGcluster_325_0	19	3.4388	72.1
OGcluster_3260_1	46	9.5783	74.5
OGcluster_3265_0	22	0.6922	71.2
OGcluster_3266_0	18	6.4290	70.7
OGcluster_326_0	20	1.1454	94.2
OGcluster_3270_0	47	13.1844	73.3
OGcluster_3271_0	22	10.0290	73.0
OGcluster_3272_1	49	12.6482	75.9
OGcluster_3276_1	48	9.1346	66.3
OGcluster_327_0	22	0.9802	85.5
OGcluster_327_1	24	1.9770	82.2
OGcluster_3280_0	18	1.2605	64.7
OGcluster_3283_1	45	11.1315	63.7
OGcluster_3288_0	24	1.2636	93.3
OGcluster_3289_0	19	0.6604	85.9
OGcluster_3290_0	42	8.5948	73.6
OGcluster_3292_0	27	2.5584	70.4
OGcluster_3293_0	46	3.8155	66.8
OGcluster_3294_0	17	1.7801	70.1
OGcluster_3295_0	21	1.1610	65.7
OGcluster_3297_0	23	0.6434	87.2
OGcluster_329_0	20	0.8808	83.0
OGcluster_32_0	21	1.7530	57.9
OGcluster_32_1	20	0.5073	90.1
OGcluster_32_2	20	0.6522	92.6
OGcluster_32_3	23	3.2178	70.0
OGcluster_32_4	24	1.6631	72.6
OGcluster_32_5	47	3.2164	67.5
OGcluster_32_6	17	1.3270	68.2
OGcluster_32_7	27	1.0192	86.7
OGcluster_32_8	17	1.4254	69.7
OGcluster_3300_1	33	3.8680	85.6
OGcluster_3301_0	17	4.9809	64.5
OGcluster_3302_1	39	4.8702	75.7
OGcluster_3304_1	46	8.1789	76.3
OGcluster_3307_0	33	1.2922	71.0
OGcluster_3311_1	44	12.7787	72.3
OGcluster_3312_0	44	7.6612	72.4
OGcluster_3315_0	41	12.7411	77.6
OGcluster_3317_0	27	2.2291	84.1
OGcluster_3318_1	49	15.0768	77.4
OGcluster_3319_1	47	8.1111	75.5
OGcluster_3321_0	48	9.7420	79.1
OGcluster_3325_0	23	2.7603	66.6
OGcluster_3327_0	44	11.4514	64.7
OGcluster_3328_1	39	6.8232	77.2
OGcluster_3329_0	33	2.6331	77.9
OGcluster_332_0	21	0.5701	77.4
OGcluster_332_1	33	2.5012	68.4
OGcluster_332_2	34	6.2007	82.2
OGcluster_332_3	20	1.2926	71.7
OGcluster_3333_0	50	34.1379	76.9
OGcluster_3334_0	26	0.6394	85.0
OGcluster_3336_1	38	8.8564	76.1
OGcluster_3338_0	20	2.4252	67.8
OGcluster_3339_0	50	6.5808	73.9
OGcluster_3341_0	31	1.4979	56.7
OGcluster_3342_0	41	9.9974	74.6
OGcluster_3343_0	24	1.3730	45.1
OGcluster_3344_0	33	1.4470	74.3
OGcluster_3347_0	31	1.5322	80.6
OGcluster_3349_0	32	5.1728	64.5
OGcluster_3355_0	20	7.7170	63.8
OGcluster_3358_1	48	8.8053	78.7
OGcluster_3359_1	47	18.5075	73.4
OGcluster_335_0	22	0.6933	88.8
OGcluster_3364_0	17	8.5751	70.9
OGcluster_3365_0	22	0.6579	85.8
OGcluster_3366_1	46	8.1727	70.5
OGcluster_3367_0	17	2.1519	67.8
OGcluster_3368_1	49	13.9062	64.7
OGcluster_3369_0	46	9.9921	67.0
OGcluster_3371_0	36	3.5132	78.7
OGcluster_3372_0	29	1.8760	67.6
OGcluster_3373_0	26	8.1629	73.1
OGcluster_3374_0	48	12.9161	69.2
OGcluster_3375_0	17	2.8024	72.9
OGcluster_3376_0	18	14.8702	57.5
OGcluster_3378_1	45	6.3215	79.4
OGcluster_337_0	47	7.6380	82.1
OGcluster_337_1	21	0.6009	94.2
OGcluster_337_2	41	9.2093	77.6
OGcluster_337_3	24	2.8371	89.2
OGcluster_3380_0	20	0.4871	80.8
OGcluster_3381_0	25	1.8078	82.4
OGcluster_3384_0	17	1.0402	79.9
OGcluster_3385_1	46	8.3800	73.8
OGcluster_3386_0	23	2.1780	71.2
OGcluster_3387_1	43	20.6818	50.1
OGcluster_338_0	43	13.1644	72.5
OGcluster_3392_1	41	13.6236	77.8
OGcluster_3394_0	23	1.3547	88.3
OGcluster_3395_0	47	6.2863	74.9
OGcluster_3396_1	39	3.3837	83.8
OGcluster_3397_0	45	11.8082	72.6
OGcluster_339_0	29	9.5786	79.2
OGcluster_33_0	36	3.4606	74.3
OGcluster_33_1	19	0.8827	90.5
OGcluster_33_2	20	0.6033	88.8
OGcluster_33_3	23	2.8852	83.3
OGcluster_33_4	22	2.5283	80.3
OGcluster_3400_0	21	5.2829	71.7
OGcluster_3401_0	22	0.4390	78.8
OGcluster_3403_0	19	0.3368	78.9
OGcluster_3403_1	33	3.6849	65.2
OGcluster_3407_0	34	2.4503	66.4
OGcluster_3408_1	42	8.7519	82.7
OGcluster_3417_0	22	3.8469	68.4
OGcluster_3418_0	43	3.3160	77.3
OGcluster_3420_0	41	4.9948	74.2
OGcluster_3421_0	43	7.3866	79.4
OGcluster_3422_0	21	4.9699	71.2
OGcluster_3423_1	49	7.8101	84.6
OGcluster_3424_1	40	10.0406	76.7
OGcluster_3425_0	21	1.1828	80.2
OGcluster_3426_1	42	11.0800	76.1
OGcluster_3427_1	26	3.2844	79.3
OGcluster_3428_0	25	3.9699	74.5
OGcluster_3429_1	48	12.0722	76.7
OGcluster_342_0	19	0.4963	92.1
OGcluster_342_1	24	3.7663	61.7
OGcluster_3433_0	42	8.2320	72.0
OGcluster_3434_0	35	13.4051	71.7
OGcluster_3435_1	46	5.6247	80.6
OGcluster_3437_0	24	14.5116	62.7
OGcluster_3439_0	22	0.9161	80.4
OGcluster_3441_0	43	3.7447	77.8
OGcluster_3442_0	19	30.8958	74.4
OGcluster_3444_1	43	6.7706	77.6
OGcluster_3445_0	26	2.2098	80.9
OGcluster_3446_0	27	7.0713	60.9
OGcluster_3449_0	24	4.3980	67.0
OGcluster_344_0	26	6.5149	63.1
OGcluster_3451_0	22	0.7086	81.4
OGcluster_3452_0	18	6.4001	53.0
OGcluster_3453_1	47	10.3773	74.5
OGcluster_3454_1	47	25.8797	78.5
OGcluster_3456_0	32	8.3345	84.1
OGcluster_3458_0	18	3.0753	72.0
OGcluster_3459_0	23	10.1473	69.3
OGcluster_345_0	34	2.4044	83.1
OGcluster_3460_0	46	9.8917	74.0
OGcluster_3461_0	45	18.2730	69.3
OGcluster_3462_0	48	4.8092	71.7
OGcluster_3464_1	50	9.1651	66.7
OGcluster_3466_1	47	9.0807	74.5
OGcluster_3467_0	21	8.3241	63.3
OGcluster_3468_0	32	6.9447	78.7
OGcluster_346_0	46	5.3045	72.1
OGcluster_3471_0	37	9.0920	69.8
OGcluster_3472_0	19	0.8385	94.3
OGcluster_3473_1	46	9.3149	74.7
OGcluster_3474_1	44	7.9812	75.3
OGcluster_3479_0	36	3.1677	80.7
OGcluster_3481_0	32	1.7300	87.8
OGcluster_3482_0	21	4.7741	69.7
OGcluster_3483_1	50	9.7835	59.0
OGcluster_3485_0	29	8.0566	82.3
OGcluster_3486_0	18	6.4953	72.5
OGcluster_3488_0	17	0.6118	79.1
OGcluster_3489_0	24	8.4528	66.2
OGcluster_348_0	42	6.0589	78.1
OGcluster_3492_0	38	3.7898	74.1
OGcluster_3493_0	17	3.9227	78.5
OGcluster_3497_0	25	1.5618	81.2
OGcluster_3499_0	49	7.1785	78.3
OGcluster_349_0	23	1.0394	89.2
OGcluster_34_0	21	0.9458	77.2
OGcluster_34_1	22	10.8435	65.5
OGcluster_34_2	27	12.1986	79.1
OGcluster_34_3	23	0.9477	81.5
OGcluster_34_4	23	1.1316	88.6
OGcluster_3500_0	20	12.5263	54.9
OGcluster_3501_0	38	12.0237	79.6
OGcluster_3503_0	23	0.5270	78.8
OGcluster_3509_1	45	23.8222	74.0
OGcluster_3511_0	43	9.2144	70.0
OGcluster_3512_0	26	4.0451	57.3
OGcluster_3517_1	46	10.1495	80.8
OGcluster_3519_0	46	12.9654	70.3
OGcluster_3520_0	46	6.1760	67.3
OGcluster_3521_0	22	0.8107	82.5
OGcluster_3522_1	47	15.9538	79.3
OGcluster_3524_0	21	7.1298	58.5
OGcluster_3525_0	25	13.3066	53.3
OGcluster_3526_1	45	8.4562	74.0
OGcluster_352_0	24	5.7891	78.5
OGcluster_3532_1	46	5.7899	78.0
OGcluster_3533_0	28	12.2618	87.9
OGcluster_3533_1	21	17.9191	73.0
OGcluster_3534_0	43	6.0503	76.4
OGcluster_353_0	47	3.3248	68.7
OGcluster_3540_0	24	6.5733	77.4
OGcluster_3542_0	40	2.9854	80.4
OGcluster_3543_1	41	4.0948	80.8
OGcluster_3545_0	45	11.9384	80.4
OGcluster_3548_0	19	7.3494	50.6
OGcluster_354_0	24	1.6626	81.5
OGcluster_354_1	30	2.6892	70.6
OGcluster_3550_1	44	15.3749	78.5
OGcluster_3551_0	49	19.2811	75.0
OGcluster_3552_0	22	5.9690	68.8
OGcluster_3553_0	28	1.3161	89.2
OGcluster_3556_0	46	8.0852	81.1
OGcluster_3557_0	18	1.3626	68.4
OGcluster_3562_0	26	6.4319	63.2
OGcluster_3564_0	38	13.7815	70.8
OGcluster_3567_0	17	0.4470	83.9
OGcluster_3568_0	48	9.2106	73.1
OGcluster_3570_0	33	2.8231	87.3
OGcluster_3571_0	47	8.8666	76.1
OGcluster_3573_0	26	10.7280	64.1
OGcluster_3578_0	21	0.5894	82.2
OGcluster_3583_0	45	7.6960	67.8
OGcluster_3584_0	47	6.1639	70.9
OGcluster_3586_1	43	6.8709	69.1
OGcluster_3589_0	36	9.0464	74.1
OGcluster_3592_0	22	0.5611	65.8
OGcluster_3593_1	46	9.7799	81.4
OGcluster_3594_0	22	2.9696	76.8
OGcluster_3599_0	24	1.1632	76.0
OGcluster_3600_0	29	2.4211	59.2
OGcluster_3601_0	19	13.2245	49.2
OGcluster_3603_0	41	8.0580	70.1
OGcluster_3609_0	46	13.9880	74.7
OGcluster_360_0	22	0.5388	87.1
OGcluster_3610_0	46	4.8670	87.5
OGcluster_3613_0	17	0.5480	92.1
OGcluster_3614_0	38	6.9975	60.5
OGcluster_3615_1	47	13.6426	70.4
OGcluster_3617_0	45	7.6002	71.6
OGcluster_3618_0	48	12.5088	73.7
OGcluster_3619_0	45	13.6340	70.7
OGcluster_3621_0	48	26.1027	81.0
OGcluster_3625_0	36	8.5606	81.3
OGcluster_3629_0	38	3.6364	80.7
OGcluster_362_0	22	3.0570	73.8
OGcluster_3630_1	41	8.5613	76.6
OGcluster_3634_0	26	5.2300	92.9
OGcluster_3636_1	37	9.3384	75.6
OGcluster_3638_1	44	6.8418	71.2
OGcluster_3639_0	26	1.8479	53.3
OGcluster_363_0	34	8.0476	79.7
OGcluster_3641_0	28	17.1879	69.2
OGcluster_3645_1	49	7.7777	76.9
OGcluster_3649_0	20	3.5131	78.6
OGcluster_3652_0	20	4.1149	64.1
OGcluster_3658_0	24	1.4574	84.5
OGcluster_3659_1	44	9.1267	81.1
OGcluster_3660_0	26	7.5070	70.4
OGcluster_3663_0	21	7.6402	74.6
OGcluster_3665_0	19	1.4671	65.9
OGcluster_3668_1	42	5.3930	72.9
OGcluster_3669_1	49	11.1573	70.9
OGcluster_3670_0	46	12.3025	77.0
OGcluster_3671_0	26	7.2605	79.8
OGcluster_3672_1	49	21.0272	73.9
OGcluster_3673_0	49	15.2027	73.9
OGcluster_3676_1	48	13.9395	79.5
OGcluster_3678_0	43	10.3456	70.7
OGcluster_3680_0	48	7.6600	70.5
OGcluster_3681_0	17	6.6248	76.5
OGcluster_3684_0	38	7.1050	78.5
OGcluster_3686_0	28	1.1923	78.1
OGcluster_3690_0	21	0.7495	79.4
OGcluster_3691_0	37	9.7155	81.5
OGcluster_3696_0	46	9.8250	72.2
OGcluster_3697_0	23	6.0896	56.5
OGcluster_3698_1	48	9.6668	62.3
OGcluster_3699_0	26	1.1202	84.6
OGcluster_369_0	17	0.8340	84.1
OGcluster_369_1	20	0.7736	85.0
OGcluster_369_2	25	8.6608	86.3
OGcluster_36_0	42	8.3860	82.8
OGcluster_36_1	34	10.2098	62.6
OGcluster_36_2	17	3.9285	84.9
OGcluster_36_3	47	6.1091	80.5
OGcluster_3707_0	18	8.3650	68.7
OGcluster_3708_0	48	11.7487	73.4
OGcluster_3709_0	21	4.5682	74.7
OGcluster_370_0	19	0.6953	83.6
OGcluster_3710_1	50	7.8218	76.5
OGcluster_3711_0	43	5.4272	79.7
OGcluster_3712_1	46	10.6983	72.4
OGcluster_3713_0	17	0.2190	76.4
OGcluster_3714_0	45	13.2373	74.1
OGcluster_3716_1	48	13.5794	68.3
OGcluster_3717_0	49	6.4059	80.9
OGcluster_3718_0	38	11.9588	85.1
OGcluster_3720_0	23	6.5803	61.7
OGcluster_3721_1	49	17.5092	66.4
OGcluster_3723_0	38	11.0011	76.3
OGcluster_3724_0	44	7.6052	75.2
OGcluster_3726_0	22	0.5573	86.5
OGcluster_3729_0	41	8.0305	72.6
OGcluster_3731_0	22	1.7317	71.3
OGcluster_3733_0	31	1.5034	89.7
OGcluster_3735_0	20	0.8879	60.6
OGcluster_3737_0	34	5.2907	67.6
OGcluster_3739_0	20	0.5549	89.3
OGcluster_373_0	21	6.6614	73.7
OGcluster_373_1	19	4.3411	63.3
OGcluster_3740_0	38	5.4870	82.0
OGcluster_3742_0	46	7.1507	79.4
OGcluster_3746_0	24	2.6128	51.0
OGcluster_3751_0	44	14.5717	68.7
OGcluster_3752_0	37	7.1026	64.1
OGcluster_3755_0	20	1.9456	70.5
OGcluster_3756_0	23	0.7886	71.2
OGcluster_3757_0	21	12.6150	58.4
OGcluster_3759_0	45	3.3068	68.6
OGcluster_375_0	20	2.3170	77.1
OGcluster_375_1	19	1.9270	90.9
OGcluster_3760_0	45	7.9552	73.8
OGcluster_3761_0	23	0.8153	56.2
OGcluster_3764_0	46	6.8248	77.5
OGcluster_3765_0	36	1.5882	66.8
OGcluster_3767_0	19	5.3018	53.5
OGcluster_3768_0	44	5.7281	71.9
OGcluster_3770_0	36	2.4600	81.5
OGcluster_3772_1	47	16.6423	67.3
OGcluster_3774_1	45	7.4835	70.2
OGcluster_3775_0	48	12.2625	69.4
OGcluster_3776_0	50	11.4381	62.7
OGcluster_3777_1	47	6.9406	74.4
OGcluster_3778_0	22	0.8539	84.0
OGcluster_3779_0	42	9.6567	60.8
OGcluster_377_0	46	10.4168	83.6
OGcluster_3780_1	30	4.8807	80.3
OGcluster_3781_0	42	12.5957	75.8
OGcluster_3782_0	21	0.6170	82.4
OGcluster_3783_1	47	10.4844	75.1
OGcluster_3785_0	21	0.6784	93.7
OGcluster_3787_0	29	1.0263	84.6
OGcluster_378_0	22	1.4624	78.8
OGcluster_3792_1	47	11.4981	50.8
OGcluster_3793_0	39	4.6636	79.7
OGcluster_3795_0	21	0.4625	79.0
OGcluster_3798_0	43	11.7059	74.7
OGcluster_37_0	24	1.0178	86.8
OGcluster_37_1	28	1.8766	81.0
OGcluster_37_2	21	11.4141	69.7
OGcluster_37_3	28	9.6033	72.6
OGcluster_37_4	20	1.5801	87.9
OGcluster_37_5	25	2.0363	80.7
OGcluster_3803_0	25	10.0812	71.0
OGcluster_3806_1	46	8.6267	69.4
OGcluster_380_0	37	2.2817	75.3
OGcluster_3813_0	48	17.5346	65.4
OGcluster_3814_0	33	11.2407	73.7
OGcluster_3815_0	24	11.7884	71.7
OGcluster_3816_0	43	4.8529	68.8
OGcluster_3818_0	17	1.8311	65.7
OGcluster_3821_0	48	6.0550	69.3
OGcluster_3823_0	42	8.3291	79.1
OGcluster_3825_0	25	1.9568	85.1
OGcluster_3831_0	26	7.3634	54.0
OGcluster_3834_0	27	1.9441	78.8
OGcluster_3835_0	21	3.5416	53.9
OGcluster_3836_0	45	10.8473	57.5
OGcluster_3838_0	19	0.2765	80.1
OGcluster_3839_1	48	5.6411	72.3
OGcluster_383_0	22	0.8472	85.5
OGcluster_3840_1	46	14.5108	67.3
OGcluster_3841_0	47	10.2818	75.8
OGcluster_3843_1	48	8.0226	77.4
OGcluster_3844_0	22	2.3261	94.8
OGcluster_3848_0	21	10.7730	69.6
OGcluster_3849_0	30	7.4494	67.3
OGcluster_384_0	23	1.4186	55.1
OGcluster_384_1	41	3.2227	50.8
OGcluster_3851_0	28	1.2975	84.6
OGcluster_3854_0	33	2.2349	84.6
OGcluster_3858_0	43	7.0004	65.5
OGcluster_3859_0	25	7.3719	74.4
OGcluster_3860_0	50	5.4051	69.9
OGcluster_3862_0	23	5.8598	58.7
OGcluster_3863_1	49	10.4310	72.3
OGcluster_3870_0	28	7.8693	67.2
OGcluster_3874_1	44	7.8148	77.6
OGcluster_3877_0	36	2.8519	82.5
OGcluster_387_0	18	2.3158	66.8
OGcluster_3881_0	37	3.6821	77.6
OGcluster_3882_1	48	6.2852	73.3
OGcluster_3883_0	20	1.5485	52.1
OGcluster_3885_0	26	1.9247	65.3
OGcluster_3886_0	22	2.8506	69.3
OGcluster_3888_1	47	10.6520	78.3
OGcluster_3889_1	33	6.3307	77.0
OGcluster_3890_1	43	7.5071	81.8
OGcluster_3892_0	46	17.7861	71.5
OGcluster_3896_0	45	7.1958	74.1
OGcluster_3897_1	45	9.4033	70.8
OGcluster_3899_0	24	3.7306	72.8
OGcluster_38_0	23	1.4082	74.5
OGcluster_38_1	22	0.6650	84.6
OGcluster_38_2	25	1.2152	85.1
OGcluster_38_3	29	1.8374	83.1
OGcluster_38_4	21	1.1194	83.4
OGcluster_38_5	19	1.4452	81.8
OGcluster_3900_0	49	27.8201	71.8
OGcluster_3902_0	19	1.1793	71.4
OGcluster_3903_0	45	19.3436	73.5
OGcluster_3905_0	30	7.7481	57.5
OGcluster_3906_0	49	8.1135	81.8
OGcluster_3907_0	22	5.4751	70.9
OGcluster_3908_0	28	1.7497	69.2
OGcluster_3918_1	43	9.0281	74.3
OGcluster_3919_0	23	0.5059	78.2
OGcluster_391_0	35	5.0333	81.4
OGcluster_3921_0	44	11.1800	70.8
OGcluster_3923_0	46	16.0267	71.0
OGcluster_3924_0	32	11.4716	84.1
OGcluster_3926_0	40	3.1633	76.6
OGcluster_3931_0	17	1.6817	71.6
OGcluster_3933_0	38	6.5301	68.2
OGcluster_3934_0	21	3.0697	69.6
OGcluster_3938_0	17	1.8114	85.8
OGcluster_3939_0	25	1.1421	85.4
OGcluster_3940_0	21	0.8832	81.8
OGcluster_3942_0	31	5.2468	77.2
OGcluster_3943_0	28	1.2631	88.3
OGcluster_3944_0	28	16.8622	68.5
OGcluster_3946_0	46	9.8284	83.7
OGcluster_3947_0	22	0.5170	85.4
OGcluster_3950_0	22	0.5896	85.6
OGcluster_3953_0	33	2.3369	77.5
OGcluster_3955_1	47	16.9597	64.6
OGcluster_3956_1	43	9.9321	77.3
OGcluster_3957_0	48	7.1472	75.0
OGcluster_3958_0	26	1.1070	88.2
OGcluster_395_0	32	6.0437	71.6
OGcluster_395_1	25	7.4400	76.2
OGcluster_395_2	19	5.0663	73.9
OGcluster_3965_1	47	12.8211	73.3
OGcluster_3966_0	17	0.4316	79.2
OGcluster_3967_1	49	12.2754	73.1
OGcluster_3969_0	21	0.5105	76.8
OGcluster_3974_0	21	3.9643	64.4
OGcluster_3975_1	45	6.2713	62.2
OGcluster_3978_0	25	11.5149	85.5
OGcluster_3979_0	36	2.7883	75.5
OGcluster_3980_0	49	14.6439	72.5
OGcluster_3981_1	46	7.0710	78.5
OGcluster_3982_0	44	8.7447	73.5
OGcluster_3984_1	46	20.8214	79.3
OGcluster_3986_1	41	11.4878	67.2
OGcluster_3987_0	46	12.2444	70.3
OGcluster_398_0	41	6.9305	78.0
OGcluster_3991_0	25	1.2580	77.0
OGcluster_3991_1	25	7.1449	81.3
OGcluster_3995_0	44	7.9905	80.6
OGcluster_3996_1	43	13.2747	65.7
OGcluster_3999_1	37	7.0326	73.6
OGcluster_39_0	23	2.8147	79.1
OGcluster_39_1	37	4.4850	76.6
OGcluster_39_2	36	4.2084	77.5
OGcluster_39_3	22	1.2749	83.1
OGcluster_39_4	41	4.8991	74.7
OGcluster_39_5	32	3.9759	73.7
OGcluster_4000_1	42	14.6575	80.5
OGcluster_4002_0	48	13.0394	69.2
OGcluster_4003_0	36	8.2712	69.3
OGcluster_4004_1	44	5.3825	77.5
OGcluster_4008_0	21	11.2617	68.6
OGcluster_4009_0	26	1.7266	79.6
OGcluster_4010_0	41	10.1036	73.9
OGcluster_4012_1	48	7.0250	78.1
OGcluster_4016_1	46	13.5389	61.2
OGcluster_4017_0	33	2.1361	51.8
OGcluster_4021_0	21	1.4231	93.6
OGcluster_4023_0	23	0.8253	83.5
OGcluster_4024_0	24	11.5200	71.0
OGcluster_4026_0	46	14.9606	74.0
OGcluster_4027_0	22	0.4373	72.7
OGcluster_402_0	21	1.2302	80.9
OGcluster_402_1	21	0.9997	88.4
OGcluster_4030_0	21	0.3843	79.6
OGcluster_4032_0	17	2.4002	71.7
OGcluster_4033_0	39	8.0225	83.2
OGcluster_4038_0	47	7.3654	72.5
OGcluster_4040_1	47	10.0429	74.1
OGcluster_4041_0	30	2.2018	82.9
OGcluster_4044_1	44	6.6304	72.0
OGcluster_4045_1	47	20.5346	66.1
OGcluster_4046_0	46	12.4848	75.8
OGcluster_4047_0	20	14.7126	59.1
OGcluster_4051_1	49	4.5581	71.6
OGcluster_4052_1	49	12.0350	77.8
OGcluster_4054_1	50	8.0868	78.3
OGcluster_4055_0	18	1.0072	61.1
OGcluster_405_0	47	8.8954	79.5
OGcluster_405_1	38	11.1550	69.5
OGcluster_4060_0	20	15.0932	73.6
OGcluster_4061_0	46	6.9281	74.2
OGcluster_4067_0	18	0.2783	74.4
OGcluster_4070_0	25	6.4711	66.5
OGcluster_4071_0	18	0.4015	62.5
OGcluster_4076_0	22	1.2565	82.7
OGcluster_4079_0	38	6.8334	60.7
OGcluster_407_0	41	5.0631	84.0
OGcluster_4081_0	19	7.2424	78.1
OGcluster_4084_0	17	0.3907	81.3
OGcluster_4085_0	23	0.6657	80.6
OGcluster_4086_1	46	15.2335	79.0
OGcluster_4087_0	46	6.6810	77.4
OGcluster_4090_1	46	7.9407	75.7
OGcluster_4091_0	24	7.1614	69.2
OGcluster_4093_0	41	7.1638	76.4
OGcluster_4096_0	24	9.6300	67.3
OGcluster_4097_0	25	11.3805	65.2
OGcluster_409_0	21	0.7874	88.2
OGcluster_409_1	19	3.8966	78.5
OGcluster_40_0	21	2.4377	70.6
OGcluster_40_1	19	7.7697	57.7
OGcluster_4100_0	23	1.9362	87.8
OGcluster_4102_1	44	12.2452	78.7
OGcluster_4103_0	47	8.4066	82.6
OGcluster_4104_1	50	10.5733	78.0
OGcluster_4106_0	25	1.1313	87.3
OGcluster_410_0	20	0.4608	92.2
OGcluster_4111_0	17	10.3663	70.4
OGcluster_4112_0	33	6.6498	77.9
OGcluster_4116_0	38	9.7753	76.0
OGcluster_4119_1	49	22.0691	72.9
OGcluster_411_0	25	1.4403	85.0
OGcluster_4120_1	35	7.1982	83.9
OGcluster_4121_0	23	0.9247	82.3
OGcluster_4122_0	28	2.6055	56.5
OGcluster_4125_0	23	1.7146	75.9
OGcluster_4126_1	45	14.8662	73.6
OGcluster_4128_1	48	16.4169	74.0
OGcluster_412_0	21	0.7733	92.4
OGcluster_4130_0	19	2.4194	74.9
OGcluster_4130_1	20	0.4620	86.2
OGcluster_4131_0	43	3.4198	74.0
OGcluster_4132_1	49	13.5051	74.9
OGcluster_4135_0	28	30.2783	49.0
OGcluster_4139_0	26	2.2199	85.6
OGcluster_4143_0	43	5.2593	77.6
OGcluster_4144_0	19	0.4845	69.3
OGcluster_4145_0	26	2.2430	71.8
OGcluster_4146_0	49	10.2363	77.8
OGcluster_4147_1	48	7.0779	68.2
OGcluster_4149_0	38	4.1833	74.1
OGcluster_4150_0	46	5.4416	68.4
OGcluster_4151_0	39	2.5892	72.0
OGcluster_4152_1	46	11.3781	59.8
OGcluster_4154_1	48	30.8003	71.9
OGcluster_4155_0	25	8.3572	67.0
OGcluster_4155_1	17	0.4457	83.9
OGcluster_4156_1	26	12.6350	71.0
OGcluster_4157_0	48	25.0913	67.0
OGcluster_4158_0	21	16.0740	65.4
OGcluster_415_0	19	2.2851	79.5
OGcluster_4165_0	47	6.9051	66.0
OGcluster_4169_0	34	2.8398	78.1
OGcluster_4170_1	48	7.1144	76.2
OGcluster_4171_0	27	8.3723	58.7
OGcluster_4172_0	18	6.6840	71.7
OGcluster_4176_0	43	13.6622	72.4
OGcluster_4177_0	17	2.8099	74.6
OGcluster_4177_1	18	1.3353	66.3
OGcluster_4178_1	49	12.2647	66.2
OGcluster_4179_0	28	8.7491	58.7
OGcluster_4181_0	39	3.1672	71.9
OGcluster_4183_0	44	23.9479	76.9
OGcluster_4185_0	25	7.1960	64.8
OGcluster_4190_0	43	4.5566	70.2
OGcluster_4191_0	38	6.8971	74.5
OGcluster_4193_0	45	7.7609	72.1
OGcluster_4194_1	44	8.5066	72.5
OGcluster_4195_0	29	2.7966	66.8
OGcluster_4197_0	45	8.1992	63.3
OGcluster_4200_1	49	9.4625	76.3
OGcluster_4201_0	44	12.3275	74.9
OGcluster_4203_1	44	5.4231	72.4
OGcluster_4205_1	44	6.8697	79.1
OGcluster_4207_0	18	1.6267	66.3
OGcluster_4208_0	23	0.9699	79.8
OGcluster_4211_0	33	13.1748	76.4
OGcluster_4212_0	22	1.2347	70.2
OGcluster_4213_0	27	3.0840	75.9
OGcluster_4218_0	40	6.1993	66.7
OGcluster_4219_0	43	12.2900	75.8
OGcluster_421_0	46	3.2066	74.2
OGcluster_421_1	45	3.0301	78.0
OGcluster_4220_1	47	5.2999	72.0
OGcluster_4223_0	21	0.5535	80.1
OGcluster_4225_0	24	2.5383	65.7
OGcluster_4227_0	31	1.1959	58.6
OGcluster_4228_0	23	1.2403	89.5
OGcluster_4231_0	47	6.3080	68.1
OGcluster_4233_0	23	2.0979	58.0
OGcluster_4236_1	43	11.5252	78.5
OGcluster_4237_0	46	7.2101	68.5
OGcluster_4239_1	49	8.3479	76.8
OGcluster_4241_1	47	7.9531	78.5
OGcluster_4242_0	23	1.3010	93.0
OGcluster_4243_0	17	0.3032	66.2
OGcluster_4244_1	43	9.5386	78.3
OGcluster_4245_0	28	13.8000	72.7
OGcluster_4246_0	44	7.0029	75.1
OGcluster_4247_0	18	2.9993	64.2
OGcluster_4248_1	32	7.4715	79.5
OGcluster_4252_1	47	8.7208	67.8
OGcluster_4253_1	42	11.7135	59.8
OGcluster_4254_0	22	1.4131	82.3
OGcluster_4255_0	44	3.0824	72.2
OGcluster_4256_0	46	13.8134	65.3
OGcluster_4258_0	37	7.9735	62.5
OGcluster_4259_0	42	17.2042	68.9
OGcluster_4261_0	17	7.0192	68.7
OGcluster_4262_0	29	2.2357	81.7
OGcluster_4263_1	48	6.2521	82.2
OGcluster_4264_1	46	7.3711	73.1
OGcluster_4265_0	18	6.9241	85.1
OGcluster_4265_1	17	1.4984	94.9
OGcluster_4266_0	48	10.2511	70.2
OGcluster_4267_0	17	3.2289	81.4
OGcluster_4268_0	50	12.4757	77.7
OGcluster_4269_0	20	0.7886	90.2
OGcluster_426_0	42	4.3090	76.7
OGcluster_4271_1	44	5.1048	68.4
OGcluster_4274_1	47	8.2835	69.8
OGcluster_4276_0	19	0.9315	87.6
OGcluster_4277_0	23	0.6755	84.0
OGcluster_4278_0	28	2.0894	84.0
OGcluster_4279_0	48	16.5806	74.0
OGcluster_4280_0	47	3.1837	69.7
OGcluster_4282_0	38	4.7038	73.1
OGcluster_4283_1	45	7.3823	65.9
OGcluster_4284_0	48	11.7175	72.6
OGcluster_4288_0	28	11.5051	51.9
OGcluster_4289_1	44	10.7055	75.3
OGcluster_428_0	29	1.2751	77.2
OGcluster_428_1	21	0.7885	87.3
OGcluster_4290_0	50	11.6467	74.0
OGcluster_4292_0	44	8.1178	71.3
OGcluster_4293_0	28	10.1998	70.1
OGcluster_4297_1	38	15.6883	74.9
OGcluster_4298_1	44	7.3826	71.0
OGcluster_429_0	32	2.5642	78.3
OGcluster_42_0	18	1.3515	83.0
OGcluster_42_1	21	0.5539	88.7
OGcluster_42_2	26	3.5147	91.6
OGcluster_42_3	46	10.3211	75.8
OGcluster_42_4	22	1.7029	88.4
OGcluster_42_5	23	1.7504	91.5
OGcluster_42_6	20	2.8584	90.5
OGcluster_42_7	36	7.0261	77.6
OGcluster_42_8	24	1.7715	92.0
OGcluster_4300_0	23	2.8981	72.8
OGcluster_4301_0	46	12.7658	64.7
OGcluster_4306_0	21	6.2766	64.7
OGcluster_4307_1	48	7.9980	77.4
OGcluster_4310_0	19	6.6705	71.6
OGcluster_4311_0	17	0.6302	83.7
OGcluster_4313_0	21	0.7542	77.4
OGcluster_4316_0	43	7.3123	71.3
OGcluster_4317_0	22	0.7897	80.2
OGcluster_4318_1	47	14.5411	74.1
OGcluster_4320_1	43	7.9984	74.3
OGcluster_4321_0	46	7.6396	70.0
OGcluster_4326_0	37	3.0746	83.4
OGcluster_4327_0	44	11.5761	70.6
OGcluster_4328_1	50	16.6814	72.1
OGcluster_4329_1	46	12.0256	77.5
OGcluster_4332_0	32	6.0433	85.3
OGcluster_4334_0	29	2.2939	68.3
OGcluster_4336_0	47	10.8211	85.5
OGcluster_4337_0	18	1.0738	75.6
OGcluster_4338_0	44	6.4143	68.2
OGcluster_433_0	24	1.1311	77.1
OGcluster_4340_0	44	9.9702	74.1
OGcluster_4341_0	17	0.5950	87.6
OGcluster_4344_1	44	11.3469	73.4
OGcluster_4345_0	50	8.7973	76.4
OGcluster_4349_0	17	13.2819	56.5
OGcluster_4354_0	45	10.5847	71.5
OGcluster_4356_0	25	2.8567	73.5
OGcluster_4358_0	27	7.9327	68.2
OGcluster_4359_0	42	9.9572	77.5
OGcluster_435_0	18	1.2874	79.6
OGcluster_4362_0	21	0.8210	84.1
OGcluster_4364_0	22	0.4738	85.5
OGcluster_4365_0	24	1.1200	91.5
OGcluster_4368_1	46	13.3174	71.1
OGcluster_436_0	43	8.6095	76.0
OGcluster_4371_1	48	6.1702	69.3
OGcluster_4372_0	22	2.2416	70.7
OGcluster_4376_0	41	8.5267	84.2
OGcluster_437_0	30	1.4369	84.1
OGcluster_4381_0	39	3.5516	76.2
OGcluster_4382_0	26	4.8204	68.0
OGcluster_4383_1	46	16.7883	76.9
OGcluster_4386_0	30	2.6575	66.6
OGcluster_4386_1	17	1.0819	81.1
OGcluster_4387_0	22	4.2071	42.9
OGcluster_4387_1	21	0.5160	69.9
OGcluster_4389_0	44	7.2293	74.3
OGcluster_4390_0	44	6.2658	77.9
OGcluster_4391_0	31	2.0920	88.5
OGcluster_4396_0	21	0.8605	85.7
OGcluster_4399_1	23	4.1945	77.3
OGcluster_439_0	22	5.5552	89.3
OGcluster_439_1	41	6.1859	77.2
OGcluster_439_2	24	8.4159	76.3
OGcluster_4401_1	48	14.1179	75.7
OGcluster_4402_1	42	16.2699	79.8
OGcluster_4403_1	38	5.2093	83.6
OGcluster_4404_0	37	4.4015	63.7
OGcluster_4406_0	25	1.4164	86.1
OGcluster_4408_0	43	13.1035	80.3
OGcluster_440_0	23	1.6798	67.5
OGcluster_4410_0	50	5.5402	68.7
OGcluster_4412_0	30	2.4537	84.3
OGcluster_4413_0	47	9.6721	66.5
OGcluster_4414_0	46	9.5340	66.6
OGcluster_4415_0	45	2.6612	76.5
OGcluster_4416_1	43	3.5986	73.7
OGcluster_4417_1	43	9.2133	75.4
OGcluster_4418_0	49	9.2455	69.2
OGcluster_4419_0	28	1.0421	46.9
OGcluster_441_0	24	0.5925	84.3
OGcluster_441_1	35	2.0251	82.4
OGcluster_4420_0	23	13.2376	53.7
OGcluster_4421_0	23	0.8328	74.0
OGcluster_4421_1	17	11.8712	67.0
OGcluster_4422_0	44	3.7113	75.8
OGcluster_4423_0	30	16.3200	71.1
OGcluster_4424_1	45	19.3977	64.9
OGcluster_4428_0	27	16.7322	63.7
OGcluster_4429_0	18	14.2786	67.1
OGcluster_442_0	45	9.4398	74.5
OGcluster_4430_0	22	0.6861	82.2
OGcluster_4432_0	23	0.7301	81.9
OGcluster_4433_0	20	3.7186	50.1
OGcluster_4434_1	30	7.0711	80.7
OGcluster_4435_0	46	7.8890	66.1
OGcluster_4436_0	47	7.0925	77.4
OGcluster_4437_0	17	7.1666	78.6
OGcluster_4441_0	47	8.7245	69.5
OGcluster_4442_0	26	2.5004	67.9
OGcluster_4445_1	30	4.0921	85.8
OGcluster_4446_0	46	10.8862	75.6
OGcluster_4447_0	42	3.5470	73.8
OGcluster_4449_0	37	3.3545	80.3
OGcluster_444_0	22	5.6113	73.5
OGcluster_4450_1	23	9.6143	78.5
OGcluster_4452_0	48	5.8296	82.0
OGcluster_4454_0	31	1.5457	77.1
OGcluster_4455_0	23	1.3220	62.8
OGcluster_4456_0	27	1.1242	64.8
OGcluster_4458_0	28	3.5832	60.2
OGcluster_4459_0	22	0.7351	83.9
OGcluster_4461_0	38	11.5038	76.7
OGcluster_4463_0	23	3.5119	85.3
OGcluster_4463_1	22	1.3164	77.8
OGcluster_4466_0	24	0.7585	82.7
OGcluster_4467_0	26	9.6647	51.3
OGcluster_4469_0	50	5.4487	72.9
OGcluster_4470_0	18	0.6373	71.4
OGcluster_4471_0	20	1.0671	68.5
OGcluster_4473_0	17	2.7089	73.1
OGcluster_4474_1	45	6.3919	76.1
OGcluster_4475_0	24	4.2690	77.2
OGcluster_4477_0	20	2.3894	63.0
OGcluster_4478_0	28	8.3952	64.7
OGcluster_4482_0	30	6.8095	79.9
OGcluster_4484_0	47	8.1366	77.1
OGcluster_4485_1	41	4.5288	76.7
OGcluster_4486_0	32	1.4268	80.8
OGcluster_4487_0	19	2.1275	79.5
OGcluster_4488_0	22	8.1331	72.3
OGcluster_4491_1	41	8.5326	68.9
OGcluster_4492_0	26	3.3204	87.8
OGcluster_4493_0	21	4.6541	65.9
OGcluster_4494_0	37	2.1595	77.9
OGcluster_4496_0	46	3.8857	70.2
OGcluster_449_0	38	7.7273	76.2
OGcluster_44_0	24	2.3384	88.3
OGcluster_4501_0	47	7.1826	72.6
OGcluster_4503_0	20	14.5415	63.2
OGcluster_4506_1	28	7.9671	91.6
OGcluster_4509_0	47	7.6408	66.4
OGcluster_4513_0	42	4.6595	69.8
OGcluster_4518_0	23	1.6895	87.7
OGcluster_451_0	22	18.2921	76.6
OGcluster_4520_0	47	10.4022	73.1
OGcluster_4521_0	18	2.3662	64.6
OGcluster_4523_0	22	6.9816	51.7
OGcluster_4524_1	49	6.1035	79.9
OGcluster_4526_0	42	11.4705	62.8
OGcluster_4528_0	24	1.4961	89.4
OGcluster_452_0	35	2.5138	68.9
OGcluster_4530_0	22	1.2265	64.4
OGcluster_4531_0	37	3.5980	77.3
OGcluster_4532_1	49	13.2401	72.0
OGcluster_4533_1	48	10.4721	79.2
OGcluster_4535_1	48	5.7675	73.7
OGcluster_4536_1	50	15.0571	60.5
OGcluster_4540_0	24	2.2056	72.4
OGcluster_4541_1	50	8.8242	73.1
OGcluster_4543_0	34	4.1462	89.5
OGcluster_4545_0	51	6.8197	81.7
OGcluster_4548_0	50	5.7265	76.0
OGcluster_4549_0	25	3.1342	87.1
OGcluster_454_0	27	1.5949	80.1
OGcluster_4550_0	46	12.3534	60.2
OGcluster_4554_1	47	9.8650	74.4
OGcluster_4555_0	38	15.6836	76.9
OGcluster_4558_0	43	2.1864	52.3
OGcluster_4559_1	30	5.6774	80.6
OGcluster_455_0	28	1.7077	84.2
OGcluster_4561_0	50	13.2151	69.3
OGcluster_4562_0	28	17.2422	50.9
OGcluster_4565_0	20	0.3393	71.4
OGcluster_4566_1	44	10.3669	76.9
OGcluster_4567_1	38	6.5106	77.9
OGcluster_4570_0	23	1.2424	84.4
OGcluster_4571_0	24	1.0649	81.4
OGcluster_4573_0	22	0.5167	78.3
OGcluster_4574_0	45	7.8854	67.9
OGcluster_4575_0	23	4.1960	64.5
OGcluster_4576_0	27	16.0867	58.0
OGcluster_4578_0	50	7.9659	75.2
OGcluster_4579_0	17	4.8150	73.7
OGcluster_4581_0	40	11.5537	79.9
OGcluster_4583_0	41	8.7509	70.2
OGcluster_4584_0	21	8.4244	63.0
OGcluster_4587_1	40	9.2316	76.3
OGcluster_4588_1	43	11.6637	67.0
OGcluster_4589_1	45	8.1482	72.5
OGcluster_4590_1	47	7.2886	76.0
OGcluster_4591_0	47	7.6084	69.9
OGcluster_4593_0	22	1.3609	73.4
OGcluster_4594_1	45	11.9285	69.4
OGcluster_4597_0	19	2.9172	77.0
OGcluster_45_0	24	1.1050	67.0
OGcluster_45_1	32	1.2934	45.0
OGcluster_45_2	18	4.5488	36.5
OGcluster_4600_1	49	7.8838	74.0
OGcluster_4603_0	34	1.1948	58.7
OGcluster_4604_1	47	11.6275	73.0
OGcluster_4605_1	42	7.9448	74.0
OGcluster_4608_0	48	10.2087	63.5
OGcluster_4609_0	22	0.4996	78.7
OGcluster_460_0	20	3.3019	69.9
OGcluster_4610_0	48	7.8463	74.3
OGcluster_4611_0	23	2.5597	54.4
OGcluster_4612_0	23	2.0052	65.9
OGcluster_4614_1	43	8.9621	69.8
OGcluster_4616_0	44	23.9874	73.3
OGcluster_461_0	39	9.8809	80.8
OGcluster_4620_0	40	3.7307	73.2
OGcluster_4622_1	49	5.8494	74.5
OGcluster_4623_0	48	8.3058	79.7
OGcluster_4624_0	24	2.7894	67.4
OGcluster_4628_1	43	9.1935	75.2
OGcluster_4630_0	46	2.5765	65.0
OGcluster_4632_0	18	5.4129	52.5
OGcluster_4634_0	49	13.7737	68.0
OGcluster_4635_0	36	4.1570	69.3
OGcluster_4637_1	48	10.2692	76.0
OGcluster_4638_1	47	8.8210	85.0
OGcluster_4639_0	25	0.7990	64.5
OGcluster_463_0	25	1.0025	87.0
OGcluster_4641_0	19	6.3250	51.9
OGcluster_4642_0	38	10.5017	74.7
OGcluster_4643_0	40	22.7238	73.3
OGcluster_4646_0	44	15.1940	76.3
OGcluster_4647_1	42	5.9431	75.8
OGcluster_4648_1	46	14.2334	78.5
OGcluster_4649_0	41	7.3547	72.1
OGcluster_464_0	22	0.5378	90.0
OGcluster_464_1	21	0.5810	89.6
OGcluster_4650_0	23	0.6170	86.6
OGcluster_4652_0	46	15.9609	81.7
OGcluster_4655_0	18	1.2648	80.7
OGcluster_4655_1	17	8.3754	43.0
OGcluster_4657_0	44	9.7887	71.5
OGcluster_4658_0	46	9.0290	76.0
OGcluster_465_0	26	4.6144	63.9
OGcluster_4661_0	25	1.3656	71.8
OGcluster_4664_0	46	8.7130	82.0
OGcluster_4668_0	46	11.1473	80.2
OGcluster_4669_0	46	7.1767	73.0
OGcluster_466_0	47	7.3561	81.1
OGcluster_4671_0	18	8.4337	67.7
OGcluster_4671_1	23	0.7124	77.8
OGcluster_4673_0	48	9.3120	74.0
OGcluster_4675_1	47	10.3656	72.2
OGcluster_4676_0	37	2.6640	63.9
OGcluster_4679_1	45	7.1012	48.9
OGcluster_467_0	31	2.5810	83.0
OGcluster_4680_0	49	7.4681	67.9
OGcluster_4682_0	45	8.3612	70.9
OGcluster_4684_1	39	10.7027	82.0
OGcluster_4687_0	48	14.3527	65.5
OGcluster_4688_0	18	4.5748	62.7
OGcluster_4689_0	26	12.7705	67.5
OGcluster_4691_0	17	19.6774	66.8
OGcluster_4695_0	44	9.3657	60.7
OGcluster_4701_0	21	6.8864	78.1
OGcluster_4702_0	46	7.4664	75.7
OGcluster_4703_0	25	10.9762	58.8
OGcluster_4704_1	45	14.0623	80.1
OGcluster_4706_0	26	6.5030	58.2
OGcluster_4707_0	48	7.6666	76.0
OGcluster_4708_0	50	8.7521	69.1
OGcluster_4709_0	23	1.2979	75.5
OGcluster_4711_0	43	4.5980	72.3
OGcluster_4712_1	46	9.5790	74.6
OGcluster_4713_0	48	9.6240	78.9
OGcluster_4718_0	18	1.2217	91.2
OGcluster_4719_0	33	10.1096	77.6
OGcluster_4721_1	45	20.1631	67.4
OGcluster_4724_0	27	2.4277	83.8
OGcluster_4727_1	48	18.1267	69.0
OGcluster_4728_0	18	1.5430	73.3
OGcluster_4729_0	28	2.3996	89.0
OGcluster_472_0	32	4.2248	75.4
OGcluster_472_1	26	1.2014	89.2
OGcluster_4730_0	43	6.9107	79.4
OGcluster_4731_0	50	10.5101	73.9
OGcluster_4733_0	21	1.0129	84.0
OGcluster_4734_0	21	1.2593	71.4
OGcluster_4734_1	17	1.6246	66.5
OGcluster_4735_0	20	6.0202	67.8
OGcluster_4736_0	17	8.3180	82.2
OGcluster_4738_0	18	0.7698	89.1
OGcluster_4739_0	19	0.7503	69.0
OGcluster_473_0	32	4.6852	84.2
OGcluster_4740_1	39	13.2764	73.4
OGcluster_4741_0	18	7.4907	83.5
OGcluster_4741_1	21	0.8425	82.9
OGcluster_4742_0	25	2.0357	81.7
OGcluster_4746_0	34	15.1046	66.6
OGcluster_4748_0	20	10.6596	73.1
OGcluster_4751_0	46	22.7150	70.8
OGcluster_4752_0	45	14.8322	64.9
OGcluster_4753_0	24	0.4829	71.0
OGcluster_4754_1	46	8.9616	73.9
OGcluster_4759_0	23	11.3390	60.5
OGcluster_475_0	22	4.1022	70.3
OGcluster_475_1	26	2.9980	83.8
OGcluster_4760_0	32	2.6887	89.7
OGcluster_4763_1	46	8.9074	76.0
OGcluster_4764_0	48	12.3953	81.0
OGcluster_4766_0	46	12.1759	76.8
OGcluster_4767_0	24	1.6747	83.7
OGcluster_4771_0	19	3.4130	61.9
OGcluster_4771_1	17	0.5219	75.2
OGcluster_4773_0	21	0.9143	74.6
OGcluster_4774_0	48	5.9891	73.6
OGcluster_4775_0	25	10.8988	61.6
OGcluster_4776_0	48	11.4708	63.6
OGcluster_4777_0	42	13.4836	61.6
OGcluster_4779_0	45	7.2785	75.7
OGcluster_477_0	17	5.1373	74.9
OGcluster_477_1	30	5.2214	84.1
OGcluster_4780_0	19	5.3373	79.3
OGcluster_4781_0	21	5.0178	62.5
OGcluster_4782_0	24	1.7723	90.6
OGcluster_4783_0	20	0.7008	87.4
OGcluster_4786_1	48	7.6337	68.1
OGcluster_4788_0	33	6.6976	62.2
OGcluster_4789_0	26	6.9179	64.7
OGcluster_4792_0	36	10.4236	79.9
OGcluster_4794_0	23	0.6633	92.0
OGcluster_4797_0	42	4.3995	77.2
OGcluster_4798_0	40	3.9158	79.6
OGcluster_479_0	45	6.6027	80.7
OGcluster_47_0	22	1.7511	79.8
OGcluster_47_1	19	0.8365	90.6
OGcluster_47_2	21	11.3608	72.4
OGcluster_47_3	26	2.7630	87.8
OGcluster_47_4	23	1.4216	89.9
OGcluster_47_5	19	0.7918	84.6
OGcluster_4800_0	19	4.4038	87.9
OGcluster_4801_0	47	8.2357	73.2
OGcluster_4804_0	21	0.4143	80.4
OGcluster_4805_1	48	7.7119	66.8
OGcluster_4807_0	28	5.8153	73.8
OGcluster_4808_0	36	7.3469	52.2
OGcluster_4810_0	48	9.5300	72.5
OGcluster_4811_0	25	11.3717	69.8
OGcluster_4811_1	28	1.7125	86.1
OGcluster_4812_0	48	8.5136	67.4
OGcluster_4813_1	48	4.6211	68.9
OGcluster_4814_0	36	8.6492	62.0
OGcluster_4816_1	45	13.3865	76.2
OGcluster_4817_1	46	12.0109	68.2
OGcluster_4819_1	43	12.5471	72.2
OGcluster_481_0	42	4.1734	68.7
OGcluster_481_1	29	7.8064	72.6
OGcluster_4820_0	47	5.9904	75.7
OGcluster_4821_0	21	2.9013	68.5
OGcluster_4822_0	24	10.5111	65.8
OGcluster_4824_0	45	6.2376	69.5
OGcluster_4826_0	44	11.1647	72.6
OGcluster_4828_1	42	5.2075	64.3
OGcluster_4831_0	48	9.0308	77.1
OGcluster_4833_0	43	7.5797	72.0
OGcluster_4834_0	33	3.0811	82.4
OGcluster_4835_0	21	21.9430	57.7
OGcluster_4841_0	26	4.3683	67.5
OGcluster_4844_0	30	9.0096	54.7
OGcluster_4845_0	46	9.7934	78.1
OGcluster_4847_0	21	2.5416	65.1
OGcluster_4848_0	39	2.7507	70.9
OGcluster_4849_0	26	22.4886	58.1
OGcluster_4853_0	25	3.8587	66.9
OGcluster_4854_0	23	0.5467	76.8
OGcluster_4858_0	18	1.9507	65.4
OGcluster_4859_0	23	10.9961	82.2
OGcluster_4862_0	22	0.5312	85.4
OGcluster_4863_0	31	6.4549	72.2
OGcluster_4864_0	48	6.5438	77.6
OGcluster_4865_0	17	6.3344	69.4
OGcluster_4867_0	17	1.5692	74.4
OGcluster_4868_0	31	6.8856	81.4
OGcluster_4872_0	20	4.6563	75.9
OGcluster_4876_0	20	6.7174	48.7
OGcluster_4879_0	27	5.2786	75.8
OGcluster_487_0	47	10.6009	73.5
OGcluster_4880_1	44	7.1385	72.2
OGcluster_4881_0	48	4.4278	58.2
OGcluster_4887_1	46	12.1308	77.2
OGcluster_4890_0	24	9.1771	76.2
OGcluster_4891_0	25	0.8654	70.3
OGcluster_4893_0	23	0.6595	87.3
OGcluster_4896_0	22	0.9145	75.6
OGcluster_48_0	20	15.5742	74.9
OGcluster_48_10	31	13.6736	81.3
OGcluster_48_11	32	2.4719	87.3
OGcluster_48_1	20	3.5076	81.6
OGcluster_48_2	49	11.0310	82.6
OGcluster_48_3	25	6.5216	84.6
OGcluster_48_4	20	0.8338	93.2
OGcluster_48_5	18	0.4763	77.7
OGcluster_48_6	38	12.1382	76.2
OGcluster_48_7	24	8.8616	79.1
OGcluster_48_8	42	8.5498	79.6
OGcluster_48_9	20	5.9687	75.0
OGcluster_4900_0	21	0.4249	87.6
OGcluster_4901_0	23	0.5286	86.2
OGcluster_4904_1	44	9.6851	69.4
OGcluster_4905_0	49	15.2630	61.4
OGcluster_4909_0	46	6.0844	62.4
OGcluster_490_0	17	1.2905	92.8
OGcluster_4912_0	42	5.1132	71.0
OGcluster_4913_0	25	1.4088	75.7
OGcluster_4914_0	24	2.7630	72.3
OGcluster_4914_1	18	24.7645	47.3
OGcluster_4916_0	37	10.8835	62.3
OGcluster_4918_0	39	8.8376	79.3
OGcluster_4919_0	22	0.6777	87.3
OGcluster_491_0	32	1.5061	82.3
OGcluster_491_1	18	1.3577	88.5
OGcluster_4920_1	47	16.8301	73.0
OGcluster_4921_0	42	8.2667	77.2
OGcluster_4923_0	42	3.9887	72.4
OGcluster_4924_0	36	6.7616	79.6
OGcluster_4927_0	39	9.3154	86.1
OGcluster_4928_0	18	4.4518	55.1
OGcluster_4929_0	29	9.0072	59.4
OGcluster_492_0	18	0.3506	71.8
OGcluster_492_1	22	0.9631	72.1
OGcluster_4931_0	21	0.9707	66.6
OGcluster_4933_0	18	6.2561	80.4
OGcluster_4935_1	44	8.1518	77.3
OGcluster_4936_0	39	4.5882	62.4
OGcluster_4937_1	35	7.7758	86.5
OGcluster_4938_0	39	5.4985	80.4
OGcluster_4939_0	44	4.3269	75.0
OGcluster_493_0	18	0.9262	81.7
OGcluster_4940_0	17	3.7539	54.2
OGcluster_4941_0	19	2.2772	81.0
OGcluster_4943_1	47	7.2891	71.2
OGcluster_4944_0	19	0.6637	74.6
OGcluster_4945_0	20	1.0457	80.0
OGcluster_4947_1	46	10.7471	79.6
OGcluster_4949_0	17	1.7315	66.6
OGcluster_494_0	43	8.7315	64.2
OGcluster_494_1	21	0.6492	80.1
OGcluster_4950_0	21	3.2799	73.2
OGcluster_4952_0	18	1.8578	88.1
OGcluster_4953_1	38	11.4134	72.5
OGcluster_4955_0	43	2.9961	70.0
OGcluster_4956_0	17	2.9240	74.1
OGcluster_4960_0	43	13.7437	82.3
OGcluster_4961_0	19	1.3597	65.3
OGcluster_4963_1	41	7.1934	79.6
OGcluster_4964_0	19	0.9844	80.9
OGcluster_4967_0	47	6.4842	74.1
OGcluster_4969_0	47	22.0695	75.2
OGcluster_4970_0	24	1.1791	85.0
OGcluster_4971_0	47	13.6844	81.8
OGcluster_4973_0	48	6.2356	48.0
OGcluster_4974_0	25	1.3194	88.5
OGcluster_4975_0	37	10.2533	76.5
OGcluster_4979_0	42	3.5421	66.9
OGcluster_4980_0	20	0.4189	88.5
OGcluster_4984_0	35	7.2353	67.6
OGcluster_4985_1	45	7.7774	77.4
OGcluster_4988_1	47	12.5884	79.1
OGcluster_498_0	17	1.2388	84.1
OGcluster_498_1	17	3.9129	76.0
OGcluster_4990_1	48	9.9007	80.5
OGcluster_4991_0	27	1.2048	86.2
OGcluster_4995_0	17	0.4214	86.9
OGcluster_4995_1	21	1.9216	72.0
OGcluster_4998_1	31	14.5882	55.0
OGcluster_4999_1	47	7.0187	79.6
OGcluster_5000_0	22	0.5566	84.1
OGcluster_5003_0	22	1.2656	90.5
OGcluster_5005_0	18	0.4758	75.9
OGcluster_5005_1	20	6.4636	65.8
OGcluster_5008_0	25	1.1796	81.5
OGcluster_5009_1	44	17.7888	78.7
OGcluster_500_0	19	4.9102	66.1
OGcluster_500_1	22	1.7721	93.4
OGcluster_5011_0	50	12.2078	76.9
OGcluster_5012_0	46	10.1176	76.5
OGcluster_5013_0	37	1.8491	78.5
OGcluster_5014_0	49	19.0751	71.7
OGcluster_5015_1	48	6.8721	82.4
OGcluster_5019_0	18	0.3821	85.7
OGcluster_5020_0	20	5.4799	72.9
OGcluster_5021_1	43	7.3154	69.8
OGcluster_5022_0	17	14.4782	61.6
OGcluster_5023_0	19	3.7623	69.7
OGcluster_5025_0	20	2.7075	63.0
OGcluster_5027_0	25	2.4596	71.0
OGcluster_5028_0	17	4.7077	71.9
OGcluster_5029_0	19	0.4655	77.3
OGcluster_5031_0	40	7.2925	66.5
OGcluster_5033_1	40	11.7737	73.0
OGcluster_5034_0	23	10.1995	64.7
OGcluster_5035_0	22	0.5696	85.3
OGcluster_5035_1	20	11.7845	67.9
OGcluster_5036_0	21	2.7979	60.2
OGcluster_5037_0	24	3.4760	60.6
OGcluster_5038_0	32	2.0453	77.8
OGcluster_5039_1	45	10.6974	68.9
OGcluster_503_0	21	0.4754	86.4
OGcluster_5040_0	18	7.2391	72.1
OGcluster_5041_0	19	8.9625	62.7
OGcluster_5042_1	49	8.7145	68.6
OGcluster_5048_0	19	11.0662	78.9
OGcluster_5050_1	45	10.3822	69.6
OGcluster_5056_0	42	11.4379	69.4
OGcluster_5057_0	40	15.7200	78.7
OGcluster_5058_0	17	1.7787	62.1
OGcluster_5062_0	45	8.4406	74.0
OGcluster_5063_0	42	8.7991	75.9
OGcluster_5064_0	47	7.2497	78.1
OGcluster_5065_0	17	6.0635	87.9
OGcluster_5067_1	23	7.8472	84.2
OGcluster_5070_0	18	6.5579	61.7
OGcluster_5070_1	22	1.1994	54.7
OGcluster_5071_0	17	0.6154	77.3
OGcluster_5073_0	29	1.5745	81.3
OGcluster_5075_0	20	7.4716	59.6
OGcluster_5076_0	36	2.5277	85.5
OGcluster_5077_0	45	11.7037	81.3
OGcluster_5078_0	26	7.4670	53.3
OGcluster_5079_0	17	7.7900	64.2
OGcluster_5080_0	33	7.7750	78.4
OGcluster_5081_0	47	12.0397	72.3
OGcluster_5082_0	21	2.9068	68.4
OGcluster_5083_0	47	10.0667	73.8
OGcluster_5084_0	27	2.0134	80.8
OGcluster_5085_1	45	10.8561	78.4
OGcluster_5087_0	35	2.5163	80.3
OGcluster_5088_0	46	5.8298	73.0
OGcluster_5089_0	22	12.9632	52.7
OGcluster_5090_0	47	9.1247	70.3
OGcluster_5093_0	46	13.8464	71.6
OGcluster_5094_0	32	2.2098	52.9
OGcluster_5095_0	47	9.1883	70.0
OGcluster_5096_1	49	6.8941	74.8
OGcluster_5097_1	41	8.3841	75.6
OGcluster_5099_1	48	13.7399	81.4
OGcluster_509_0	47	7.0446	71.1
OGcluster_50_0	33	1.9901	75.4
OGcluster_50_1	34	1.6981	81.6
OGcluster_50_2	18	11.7748	72.1
OGcluster_5100_1	46	8.8832	76.3
OGcluster_5101_0	25	17.1100	65.0
OGcluster_5102_0	42	19.2363	68.3
OGcluster_5103_0	34	4.0474	82.5
OGcluster_5104_0	47	12.9493	76.6
OGcluster_5107_1	44	7.0416	78.2
OGcluster_510_0	36	4.4332	82.1
OGcluster_5111_0	21	3.0273	72.4
OGcluster_5114_1	35	5.2170	72.8
OGcluster_5115_1	47	8.4572	67.9
OGcluster_5116_0	42	3.3095	77.9
OGcluster_5118_1	41	7.0987	78.4
OGcluster_511_0	21	0.8373	83.2
OGcluster_5120_0	23	0.7478	59.8
OGcluster_5122_0	42	5.5229	84.2
OGcluster_5124_0	44	3.7283	70.8
OGcluster_5129_0	23	8.8570	51.5
OGcluster_512_0	26	5.9882	82.6
OGcluster_5132_1	43	16.6636	67.6
OGcluster_5133_1	47	7.6240	74.4
OGcluster_5134_0	19	1.7989	69.7
OGcluster_5135_0	40	4.6194	71.3
OGcluster_5137_0	21	0.5829	87.6
OGcluster_5138_0	30	11.0410	75.8
OGcluster_5139_0	51	11.9956	76.1
OGcluster_5142_0	32	2.5978	82.6
OGcluster_5143_0	48	9.7987	74.0
OGcluster_5144_0	37	5.5558	72.4
OGcluster_5146_1	46	7.8633	67.5
OGcluster_5147_1	37	8.3954	80.7
OGcluster_5149_0	22	8.6352	63.9
OGcluster_514_0	24	3.7770	72.4
OGcluster_5150_1	45	8.5060	78.3
OGcluster_5151_0	17	2.8494	81.7
OGcluster_5153_1	44	5.9756	68.2
OGcluster_5154_0	17	0.5004	79.9
OGcluster_5154_1	18	5.1151	63.7
OGcluster_5155_0	24	10.9463	69.7
OGcluster_5159_0	30	3.9829	86.1
OGcluster_515_0	26	4.8945	85.7
OGcluster_515_1	27	1.9259	88.3
OGcluster_5160_0	50	6.6959	75.8
OGcluster_5161_0	43	8.7110	67.3
OGcluster_5162_1	45	7.7815	64.8
OGcluster_5163_0	35	2.3517	78.7
OGcluster_5165_1	48	13.6816	68.6
OGcluster_5166_1	47	10.8097	69.0
OGcluster_5167_0	47	7.2581	78.4
OGcluster_5169_0	27	1.8780	74.8
OGcluster_5171_0	40	10.3239	71.2
OGcluster_5172_1	41	7.2204	73.7
OGcluster_5174_1	50	11.6298	77.6
OGcluster_5175_0	47	8.6566	65.5
OGcluster_5177_1	48	8.3754	74.4
OGcluster_5179_0	28	17.9600	57.5
OGcluster_517_0	20	17.3186	69.0
OGcluster_5181_0	34	2.7577	80.2
OGcluster_5183_0	17	1.5638	75.1
OGcluster_5184_0	29	2.3090	72.6
OGcluster_5185_0	28	1.4260	75.4
OGcluster_5187_1	48	14.0593	66.3
OGcluster_5189_0	45	6.9141	66.8
OGcluster_5190_0	22	0.8115	84.2
OGcluster_5191_0	45	7.3319	73.9
OGcluster_5194_1	45	6.7243	66.4
OGcluster_5195_0	19	6.6848	44.9
OGcluster_5196_0	25	6.8642	64.6
OGcluster_5197_1	46	13.0288	67.7
OGcluster_5199_1	48	20.4165	68.1
OGcluster_5201_0	27	7.3333	63.7
OGcluster_5203_0	36	5.5383	68.2
OGcluster_5207_0	49	9.7189	73.5
OGcluster_5208_0	21	1.6875	87.7
OGcluster_520_0	25	0.8213	85.4
OGcluster_520_1	23	1.9563	75.9
OGcluster_5210_0	48	9.9482	81.1
OGcluster_5211_0	21	1.0409	71.0
OGcluster_5213_0	46	8.2299	75.5
OGcluster_5214_0	22	0.6031	84.9
OGcluster_5215_1	45	21.7514	54.0
OGcluster_521_0	31	2.9331	64.2
OGcluster_5220_0	44	13.3553	70.3
OGcluster_5223_0	47	11.1304	63.4
OGcluster_5225_0	33	3.7401	77.6
OGcluster_522_0	21	1.7161	93.8
OGcluster_5230_0	42	6.7801	56.1
OGcluster_5231_1	46	9.1139	75.7
OGcluster_5233_0	45	17.3878	67.7
OGcluster_5234_0	27	2.5081	72.1
OGcluster_5235_0	25	15.7410	53.6
OGcluster_5236_0	46	6.2888	65.4
OGcluster_5237_0	39	10.7204	74.1
OGcluster_5238_0	45	14.3588	58.7
OGcluster_523_0	20	2.1528	77.2
OGcluster_5240_0	42	8.5685	83.2
OGcluster_5241_1	49	12.3256	75.3
OGcluster_5242_0	40	10.5708	79.6
OGcluster_5243_1	48	21.5514	74.5
OGcluster_5245_0	18	2.0167	74.2
OGcluster_5246_0	21	0.7792	88.8
OGcluster_524_0	26	0.9915	85.7
OGcluster_5251_0	46	14.6899	83.2
OGcluster_5253_0	26	1.4422	85.3
OGcluster_5255_0	45	6.0663	66.5
OGcluster_5256_0	26	0.8771	85.1
OGcluster_5259_1	49	15.2131	71.7
OGcluster_5262_0	19	9.2699	35.8
OGcluster_5263_0	47	3.1066	74.5
OGcluster_5265_0	50	10.3268	78.9
OGcluster_5266_1	48	11.2668	71.0
OGcluster_5268_0	21	0.6033	82.3
OGcluster_526_0	23	1.1859	78.9
OGcluster_5271_0	18	6.1860	67.3
OGcluster_5272_0	17	1.3236	89.8
OGcluster_5274_1	46	8.4624	65.6
OGcluster_5275_0	46	15.0455	64.5
OGcluster_5276_1	48	12.6105	73.8
OGcluster_5277_0	46	4.6837	68.6
OGcluster_5281_0	44	5.3716	69.7
OGcluster_5282_0	41	15.0432	69.1
OGcluster_5284_1	48	14.3956	81.2
OGcluster_5288_0	27	1.1951	86.9
OGcluster_5292_0	33	6.9393	69.3
OGcluster_5295_0	18	1.7391	76.3
OGcluster_5297_0	48	8.3010	82.1
OGcluster_5300_0	31	1.6200	68.8
OGcluster_5301_0	39	2.2106	70.9
OGcluster_5305_0	46	2.2038	66.6
OGcluster_5308_0	19	6.3948	91.4
OGcluster_5309_0	36	2.9171	80.1
OGcluster_530_1	43	14.1218	81.9
OGcluster_5310_1	38	12.6318	66.1
OGcluster_5311_0	46	9.0748	78.0
OGcluster_5312_0	17	6.5012	60.6
OGcluster_5313_1	26	5.1722	91.2
OGcluster_5314_0	23	3.9587	60.9
OGcluster_5317_0	44	8.7744	76.6
OGcluster_5319_1	24	6.4807	80.9
OGcluster_5320_0	46	5.1097	64.4
OGcluster_5321_0	38	10.9333	74.8
OGcluster_5322_0	48	10.7820	74.2
OGcluster_5324_1	45	7.1618	66.8
OGcluster_5325_0	23	11.9672	62.3
OGcluster_5326_1	45	15.2558	74.2
OGcluster_5327_0	17	3.5959	70.3
OGcluster_5327_1	36	9.4546	72.0
OGcluster_5328_0	38	5.2106	89.3
OGcluster_5329_0	24	2.9886	80.7
OGcluster_5331_0	23	0.6264	84.3
OGcluster_5332_1	47	7.5967	79.5
OGcluster_5333_1	40	7.6569	76.9
OGcluster_5334_1	49	9.0018	78.1
OGcluster_5336_0	21	0.8326	73.5
OGcluster_533_0	17	0.8795	58.1
OGcluster_5340_0	21	0.6087	79.4
OGcluster_5341_0	47	10.1526	68.1
OGcluster_5343_1	49	10.3193	81.6
OGcluster_5344_0	49	29.7130	67.3
OGcluster_5345_0	21	0.8491	94.0
OGcluster_5346_1	38	3.8045	78.6
OGcluster_5348_1	47	16.7423	72.5
OGcluster_534_0	21	0.9763	82.6
OGcluster_5350_1	47	10.6258	71.1
OGcluster_5353_0	27	6.7249	72.2
OGcluster_5357_0	49	11.0992	61.8
OGcluster_5358_1	47	9.4203	77.8
OGcluster_5359_0	23	3.7217	67.2
OGcluster_535_0	18	0.6401	96.1
OGcluster_5360_0	22	0.4820	85.7
OGcluster_5361_1	44	12.0682	63.6
OGcluster_5362_0	41	8.4541	56.7
OGcluster_5363_0	41	3.6955	68.5
OGcluster_5364_1	47	10.7692	71.3
OGcluster_5367_1	44	10.7092	84.2
OGcluster_5368_1	35	5.6472	86.9
OGcluster_536_0	22	0.5401	85.9
OGcluster_536_1	21	0.5731	85.9
OGcluster_5370_0	31	9.4783	66.6
OGcluster_5371_1	48	22.6350	76.8
OGcluster_5373_0	50	6.8492	83.6
OGcluster_5378_0	43	13.0145	75.7
OGcluster_5379_0	21	0.9712	84.9
OGcluster_537_0	21	1.0792	87.7
OGcluster_5380_0	35	1.8088	68.3
OGcluster_5382_0	17	0.5085	78.5
OGcluster_5383_0	42	8.3262	69.7
OGcluster_5384_0	17	0.5607	84.3
OGcluster_5386_0	42	6.6325	66.5
OGcluster_5387_0	50	7.1429	66.3
OGcluster_5388_0	45	6.9362	72.5
OGcluster_5389_1	45	10.4939	83.1
OGcluster_5390_0	36	3.4359	75.5
OGcluster_5391_0	19	0.8629	75.0
OGcluster_5392_0	21	4.3831	58.2
OGcluster_5393_1	47	19.7116	81.0
OGcluster_5395_1	50	10.6377	69.6
OGcluster_5397_0	39	5.8177	76.4
OGcluster_5398_0	22	0.6678	84.8
OGcluster_53_0	23	0.9783	84.0
OGcluster_53_1	21	0.5933	78.1
OGcluster_53_2	23	1.0186	86.3
OGcluster_53_3	21	1.9350	88.3
OGcluster_53_4	31	4.3510	84.1
OGcluster_53_5	27	2.3444	86.5
OGcluster_53_6	35	3.9450	77.5
OGcluster_5400_0	21	1.1888	93.3
OGcluster_5403_0	43	8.1437	75.0
OGcluster_5404_1	37	8.8708	75.3
OGcluster_5405_0	43	4.3157	75.3
OGcluster_5406_1	46	11.8066	66.9
OGcluster_5407_1	47	6.2733	77.4
OGcluster_5408_0	45	6.3978	83.0
OGcluster_5409_0	30	3.7034	66.3
OGcluster_5410_0	44	9.0319	71.6
OGcluster_5411_0	45	3.1622	51.4
OGcluster_5413_1	20	5.8506	56.4
OGcluster_5414_0	22	0.6340	85.7
OGcluster_5418_0	37	5.3835	82.8
OGcluster_541_0	50	9.8616	80.3
OGcluster_5420_0	18	0.7235	66.3
OGcluster_5422_0	46	7.6733	65.3
OGcluster_5423_0	22	0.6632	87.4
OGcluster_5424_0	18	2.7414	70.7
OGcluster_5424_1	25	8.1412	52.9
OGcluster_5427_0	22	2.8217	69.7
OGcluster_5428_1	47	5.7668	69.5
OGcluster_542_0	23	0.7959	77.2
OGcluster_5430_0	42	13.3126	63.6
OGcluster_5432_0	21	7.2919	72.0
OGcluster_5434_0	19	7.8824	52.3
OGcluster_5435_0	38	5.3256	76.5
OGcluster_5436_0	39	5.7488	84.2
OGcluster_5438_0	22	0.8509	83.3
OGcluster_543_0	30	5.7074	82.8
OGcluster_5441_1	49	7.0159	65.1
OGcluster_5442_0	22	1.5099	82.5
OGcluster_5443_1	47	8.9411	70.1
OGcluster_5445_0	19	0.6377	79.9
OGcluster_5445_1	17	1.6980	78.7
OGcluster_5446_0	34	3.8983	79.5
OGcluster_5448_1	49	22.2870	72.4
OGcluster_5451_0	18	5.5533	61.9
OGcluster_5451_1	19	1.4735	54.6
OGcluster_5452_0	26	5.7990	62.0
OGcluster_5453_0	42	8.4298	75.0
OGcluster_5456_0	21	0.6740	76.3
OGcluster_5457_0	48	9.2879	70.7
OGcluster_5458_1	46	11.5951	69.6
OGcluster_5459_0	38	6.9741	76.3
OGcluster_5462_0	44	11.2489	68.6
OGcluster_5463_0	40	3.7377	75.2
OGcluster_5464_0	44	6.3534	76.2
OGcluster_5465_0	20	7.9186	65.3
OGcluster_5466_0	38	14.2480	72.3
OGcluster_5469_1	47	9.5465	73.4
OGcluster_5470_0	36	4.6367	80.3
OGcluster_5472_0	47	10.8637	60.0
OGcluster_5473_1	40	9.2691	77.0
OGcluster_5474_0	29	5.0910	67.3
OGcluster_5476_0	29	28.8814	47.0
OGcluster_5477_1	47	14.9870	80.3
OGcluster_5478_0	39	3.3247	69.9
OGcluster_5479_0	17	0.7376	88.6
OGcluster_5480_0	35	31.5883	69.4
OGcluster_5485_1	44	4.6388	71.6
OGcluster_5486_0	25	9.3318	56.2
OGcluster_5487_1	47	11.6371	73.5
OGcluster_5488_0	40	14.2777	69.5
OGcluster_5489_0	29	4.1752	62.3
OGcluster_5492_1	51	16.3779	63.1
OGcluster_5494_0	46	9.2199	61.3
OGcluster_5495_0	45	24.7250	75.9
OGcluster_5496_1	43	7.1736	83.9
OGcluster_5497_0	46	8.4837	80.6
OGcluster_5498_0	41	8.2288	73.1
OGcluster_5499_0	46	5.4794	66.9
OGcluster_549_0	20	0.9319	69.1
OGcluster_5502_0	45	3.7535	61.6
OGcluster_5504_0	26	2.4171	73.1
OGcluster_5506_1	47	8.2307	69.3
OGcluster_5507_0	30	1.4687	83.1
OGcluster_5508_0	44	6.4533	79.3
OGcluster_5510_0	39	9.9050	70.1
OGcluster_5513_0	21	16.8476	58.7
OGcluster_5513_1	25	13.5914	57.7
OGcluster_5514_0	47	6.0721	79.1
OGcluster_5517_0	46	8.1005	74.6
OGcluster_5519_0	18	11.8117	57.3
OGcluster_5520_0	20	4.1948	44.8
OGcluster_5521_0	31	3.1842	83.6
OGcluster_5522_0	21	0.5993	84.2
OGcluster_5523_0	29	1.1701	51.1
OGcluster_5524_0	19	5.4476	74.2
OGcluster_5525_0	48	13.9716	75.0
OGcluster_5527_1	46	9.1078	73.9
OGcluster_5528_0	47	13.5518	67.5
OGcluster_552_0	22	0.6369	82.5
OGcluster_5530_0	47	10.8766	66.9
OGcluster_5532_0	17	13.4409	84.0
OGcluster_5533_0	37	13.4680	86.4
OGcluster_5535_1	41	12.5508	69.7
OGcluster_5536_1	48	11.6405	69.0
OGcluster_5537_0	46	10.1844	72.8
OGcluster_5538_0	49	7.4325	61.7
OGcluster_5539_1	48	9.4089	79.6
OGcluster_553_0	20	1.4670	70.3
OGcluster_5541_1	44	11.7039	62.9
OGcluster_5542_0	35	2.3348	61.4
OGcluster_5543_0	37	4.0437	75.0
OGcluster_5544_1	39	6.8353	79.6
OGcluster_5545_0	31	2.5797	70.3
OGcluster_5546_0	21	0.6250	84.5
OGcluster_5548_0	41	7.5718	77.2
OGcluster_554_0	45	4.0093	76.1
OGcluster_5551_0	31	10.0205	48.6
OGcluster_5552_0	47	8.2889	60.9
OGcluster_5553_0	29	5.5714	62.5
OGcluster_5554_1	42	12.0327	71.3
OGcluster_5555_0	48	4.1111	78.8
OGcluster_5556_0	25	0.9833	89.4
OGcluster_5557_0	49	7.4936	69.8
OGcluster_5560_1	41	6.5609	60.1
OGcluster_5561_0	49	11.6781	66.9
OGcluster_5562_1	47	7.0389	62.0
OGcluster_5563_0	44	10.4599	71.1
OGcluster_5564_0	38	3.1003	73.4
OGcluster_5565_1	48	11.6783	67.8
OGcluster_5566_0	35	5.4412	63.8
OGcluster_5567_0	47	12.1523	79.0
OGcluster_5568_1	43	8.6398	72.1
OGcluster_5570_1	47	10.0214	73.1
OGcluster_5573_0	46	8.3735	67.5
OGcluster_5574_1	39	3.2910	84.1
OGcluster_5576_0	46	8.2325	76.9
OGcluster_5577_0	47	5.9846	82.1
OGcluster_5580_0	23	0.7548	79.9
OGcluster_5581_0	44	8.4913	80.2
OGcluster_5584_1	44	7.0659	72.0
OGcluster_5585_0	43	4.4663	74.1
OGcluster_5586_0	33	10.0725	76.8
OGcluster_5590_0	22	1.2058	86.5
OGcluster_5591_0	45	10.4939	71.0
OGcluster_5593_0	30	5.0935	75.6
OGcluster_5595_0	34	3.8048	66.7
OGcluster_5596_0	42	8.6567	80.2
OGcluster_5597_1	48	19.3856	70.9
OGcluster_5598_0	22	0.6145	84.9
OGcluster_55_0	19	3.3291	80.3
OGcluster_5601_0	42	6.3536	73.2
OGcluster_5602_0	22	0.3801	78.9
OGcluster_5604_1	45	6.6282	73.0
OGcluster_5606_1	47	11.2965	70.5
OGcluster_5607_1	46	3.6419	78.4
OGcluster_5608_0	20	0.3226	59.9
OGcluster_5608_1	22	13.8430	41.7
OGcluster_5610_0	40	7.6898	65.7
OGcluster_5613_0	49	9.6498	67.0
OGcluster_5615_1	48	9.8583	67.0
OGcluster_5616_0	46	7.3838	80.9
OGcluster_5618_0	49	14.0673	68.1
OGcluster_5619_0	34	2.4884	81.6
OGcluster_5620_0	26	6.8754	61.7
OGcluster_5622_0	46	12.8473	72.5
OGcluster_5624_1	49	8.5617	53.8
OGcluster_5625_0	34	7.1394	58.0
OGcluster_5626_0	22	0.5175	90.6
OGcluster_5627_0	42	7.7447	67.1
OGcluster_5629_0	31	2.3973	75.5
OGcluster_5630_0	46	6.2691	58.7
OGcluster_5631_0	27	1.6803	44.7
OGcluster_5633_1	46	21.7035	83.8
OGcluster_5634_1	47	12.0720	72.5
OGcluster_5635_1	49	8.8450	72.5
OGcluster_5637_0	40	5.7490	78.9
OGcluster_5638_0	40	9.7509	68.5
OGcluster_5639_1	45	8.9072	66.2
OGcluster_5640_0	28	3.3758	91.3
OGcluster_5642_0	19	7.1722	57.1
OGcluster_5644_1	48	9.1132	68.7
OGcluster_5645_0	22	0.7699	73.9
OGcluster_5646_1	46	8.1760	77.5
OGcluster_5647_0	20	12.3653	67.1
OGcluster_5649_0	28	14.4813	74.4
OGcluster_564_0	44	3.1149	73.4
OGcluster_5650_1	44	3.6642	75.1
OGcluster_5651_0	27	5.2610	63.1
OGcluster_5653_0	24	17.0177	68.5
OGcluster_5655_0	21	1.3195	88.0
OGcluster_5656_0	19	2.2059	68.3
OGcluster_5657_0	19	0.4981	87.5
OGcluster_5658_1	46	20.8497	52.2
OGcluster_5659_0	19	1.4931	90.4
OGcluster_5661_0	25	5.8583	49.2
OGcluster_5662_0	43	3.5616	80.3
OGcluster_5664_1	43	6.8045	72.0
OGcluster_5665_0	31	4.5072	55.6
OGcluster_5666_0	31	3.3657	65.0
OGcluster_5667_1	44	12.2270	66.4
OGcluster_5669_0	45	4.7191	68.5
OGcluster_5670_0	25	1.4067	74.2
OGcluster_5672_0	25	1.0476	50.1
OGcluster_5674_1	39	9.7863	68.9
OGcluster_5675_0	48	10.4802	65.9
OGcluster_5676_0	19	10.0676	73.2
OGcluster_5677_0	42	6.5559	81.3
OGcluster_5679_1	47	27.7948	61.4
OGcluster_567_0	23	0.9102	84.3
OGcluster_567_1	25	1.8408	76.2
OGcluster_5680_1	40	4.7613	78.7
OGcluster_5681_0	17	4.6674	76.4
OGcluster_5682_0	44	10.2822	71.2
OGcluster_5683_0	45	9.5933	75.0
OGcluster_5685_0	45	6.1780	80.5
OGcluster_5686_0	21	0.6227	83.5
OGcluster_5693_0	36	6.4054	59.5
OGcluster_5695_0	18	1.7995	58.6
OGcluster_5697_0	48	10.9869	73.4
OGcluster_5699_0	37	2.5718	74.0
OGcluster_569_0	22	0.8576	88.7
OGcluster_56_0	25	3.6171	69.9
OGcluster_56_1	22	1.3204	82.4
OGcluster_56_2	24	1.6395	86.6
OGcluster_56_3	25	2.7507	65.3
OGcluster_5700_1	45	9.0281	69.1
OGcluster_5701_0	37	3.6920	85.4
OGcluster_5702_0	17	0.4098	79.7
OGcluster_5704_0	19	1.6542	79.4
OGcluster_5706_1	46	8.2911	78.5
OGcluster_5707_1	48	11.0342	71.1
OGcluster_5708_0	46	10.6755	71.3
OGcluster_5709_0	31	4.2093	94.5
OGcluster_5710_0	23	0.4020	65.1
OGcluster_5711_1	47	14.8485	76.4
OGcluster_5712_0	19	10.4728	63.5
OGcluster_5714_1	38	9.6902	76.9
OGcluster_5715_0	22	0.4339	83.3
OGcluster_5716_0	40	12.9847	59.4
OGcluster_5717_0	22	0.4832	84.3
OGcluster_5719_1	45	11.1180	61.5
OGcluster_5720_1	43	5.0040	75.6
OGcluster_5722_0	49	6.3876	73.7
OGcluster_5724_1	45	7.0313	69.4
OGcluster_5725_0	22	0.6019	91.6
OGcluster_5726_1	46	6.3596	73.4
OGcluster_5727_1	43	8.4871	75.0
OGcluster_5729_0	47	22.4440	66.8
OGcluster_5730_0	19	3.6180	81.5
OGcluster_5730_1	32	13.2255	61.5
OGcluster_5731_0	48	10.0866	62.9
OGcluster_5732_1	47	3.3963	71.8
OGcluster_5734_0	40	8.6996	82.3
OGcluster_5735_1	43	5.5327	71.6
OGcluster_5737_0	28	3.0526	78.2
OGcluster_5740_1	46	7.6370	72.0
OGcluster_5741_0	18	31.7572	61.8
OGcluster_5743_0	39	3.1210	76.3
OGcluster_5745_0	19	7.6588	71.4
OGcluster_5746_0	44	5.9463	75.6
OGcluster_5751_0	17	1.6857	72.9
OGcluster_5753_0	47	9.9666	59.4
OGcluster_5754_0	40	10.3010	63.8
OGcluster_5756_1	44	6.1832	69.6
OGcluster_5757_0	20	0.4622	80.4
OGcluster_5760_0	24	6.8239	66.2
OGcluster_5761_0	48	8.5510	74.1
OGcluster_5762_0	42	9.4899	62.8
OGcluster_5763_0	23	1.0609	80.2
OGcluster_5766_0	47	3.4144	65.2
OGcluster_5767_1	50	12.6850	72.5
OGcluster_5770_0	42	4.0458	79.5
OGcluster_5771_0	46	17.0640	66.7
OGcluster_5772_1	40	6.2093	86.1
OGcluster_5773_0	25	1.0579	85.3
OGcluster_5774_0	31	6.9608	72.8
OGcluster_5775_0	40	12.8337	62.6
OGcluster_5776_0	22	0.7436	73.7
OGcluster_5777_0	48	10.4164	64.8
OGcluster_5778_1	46	9.0019	56.9
OGcluster_5780_1	49	9.1732	66.6
OGcluster_5781_0	37	5.4972	74.3
OGcluster_5783_0	33	7.1033	82.6
OGcluster_5784_0	49	10.2864	72.9
OGcluster_5788_0	24	13.0426	80.5
OGcluster_5789_0	48	12.1278	76.8
OGcluster_5793_0	33	2.9839	72.3
OGcluster_5796_1	44	6.3571	75.9
OGcluster_5797_0	46	11.9417	62.4
OGcluster_57_0	31	3.1297	73.4
OGcluster_57_1	25	2.1096	75.4
OGcluster_57_2	27	3.2315	68.2
OGcluster_57_3	19	1.0536	69.6
OGcluster_5800_1	36	5.9417	65.7
OGcluster_5801_0	21	2.7484	62.7
OGcluster_5802_0	29	2.9407	86.0
OGcluster_5803_0	45	4.5581	72.4
OGcluster_5805_0	21	3.5294	68.7
OGcluster_5806_0	44	9.6238	78.7
OGcluster_5808_0	41	4.1427	74.7
OGcluster_5809_1	46	9.8748	72.5
OGcluster_5810_0	26	0.8058	83.3
OGcluster_5810_1	18	15.6693	59.5
OGcluster_5811_0	46	7.2422	78.3
OGcluster_5813_0	25	1.6717	61.3
OGcluster_5814_0	19	1.2069	89.7
OGcluster_5816_1	48	9.8913	60.8
OGcluster_5817_1	49	18.6451	69.9
OGcluster_5818_0	25	10.6221	62.0
OGcluster_581_0	27	2.7564	61.1
OGcluster_581_1	17	2.1056	53.0
OGcluster_5821_0	28	5.8373	92.0
OGcluster_5822_0	49	8.5168	60.8
OGcluster_5824_0	21	0.3989	85.7
OGcluster_5825_0	26	6.3541	68.2
OGcluster_5826_0	49	11.9890	75.0
OGcluster_5827_0	47	15.7865	69.7
OGcluster_5828_0	19	0.5290	76.8
OGcluster_5828_1	22	2.6564	67.2
OGcluster_5829_0	41	3.5868	71.5
OGcluster_5830_0	19	0.4233	54.2
OGcluster_5831_0	29	14.1160	75.8
OGcluster_5832_0	49	10.6233	79.4
OGcluster_5833_0	24	13.3776	53.0
OGcluster_5839_0	22	0.7290	78.6
OGcluster_5841_0	24	0.9870	82.3
OGcluster_5843_0	26	2.9086	37.5
OGcluster_5845_0	28	2.8903	78.0
OGcluster_5850_0	26	1.8000	65.6
OGcluster_5852_0	45	5.1357	73.0
OGcluster_5854_0	38	8.3180	70.5
OGcluster_5855_0	42	4.1008	71.3
OGcluster_5858_1	42	10.8867	80.2
OGcluster_5859_0	18	0.2120	74.1
OGcluster_5859_1	25	4.4613	54.6
OGcluster_585_0	25	1.2146	84.6
OGcluster_5860_0	25	1.4875	89.1
OGcluster_5862_1	46	6.7295	78.9
OGcluster_5863_1	49	9.5829	69.5
OGcluster_5865_0	35	4.6166	88.2
OGcluster_5866_0	36	9.5281	70.2
OGcluster_5867_0	18	9.7093	69.0
OGcluster_5868_0	30	12.2962	57.6
OGcluster_5869_0	26	2.4043	76.9
OGcluster_586_0	21	0.9359	77.4
OGcluster_5870_0	46	11.5285	75.0
OGcluster_5873_0	27	3.3038	61.3
OGcluster_5874_0	34	8.7299	51.5
OGcluster_5875_1	42	8.4170	74.7
OGcluster_5876_0	20	0.9308	81.2
OGcluster_5877_0	30	9.2764	60.3
OGcluster_5878_0	48	5.7926	71.8
OGcluster_5880_0	20	0.4622	82.6
OGcluster_5882_0	33	3.3669	71.6
OGcluster_5883_0	35	7.8109	52.5
OGcluster_5884_0	40	5.5699	84.0
OGcluster_5885_1	43	4.6283	79.9
OGcluster_5886_0	45	4.7783	72.7
OGcluster_5887_0	47	13.0944	75.3
OGcluster_5888_1	48	10.2303	63.9
OGcluster_5889_1	48	16.1046	78.5
OGcluster_588_1	21	1.3936	86.4
OGcluster_5890_0	22	0.8795	80.6
OGcluster_5892_0	49	8.6966	57.3
OGcluster_5893_0	29	10.9273	80.4
OGcluster_5894_0	47	7.7833	74.0
OGcluster_5896_1	45	10.4685	68.7
OGcluster_5897_0	39	12.6571	80.6
OGcluster_5899_0	21	3.9504	68.1
OGcluster_589_0	19	1.0656	63.6
OGcluster_5900_0	48	10.7952	74.3
OGcluster_5902_0	44	10.9678	49.2
OGcluster_5903_0	45	9.2060	79.4
OGcluster_5910_0	48	5.8999	61.2
OGcluster_5911_0	25	8.7147	51.7
OGcluster_5915_0	19	3.7655	66.6
OGcluster_5916_1	48	7.3457	78.6
OGcluster_5917_1	26	14.7423	76.3
OGcluster_5918_1	42	6.0955	76.4
OGcluster_5922_1	47	8.3018	77.0
OGcluster_5923_0	47	13.3984	72.7
OGcluster_5926_1	30	5.2772	84.8
OGcluster_5927_1	47	7.9708	69.1
OGcluster_5928_0	24	7.6661	54.0
OGcluster_5929_1	47	9.5738	66.8
OGcluster_5930_0	46	3.1502	62.8
OGcluster_5931_1	48	20.5015	71.8
OGcluster_5935_0	29	8.1735	88.3
OGcluster_5936_0	46	9.5923	71.8
OGcluster_5937_0	23	1.0125	66.2
OGcluster_593_0	17	0.8232	85.0
OGcluster_5941_0	42	5.5404	80.9
OGcluster_5942_0	22	6.8688	52.9
OGcluster_5944_1	28	6.6124	87.9
OGcluster_5945_0	49	7.1639	59.1
OGcluster_5947_0	47	7.1611	75.5
OGcluster_5949_0	45	3.1596	68.9
OGcluster_5951_0	41	10.4390	78.0
OGcluster_5953_1	48	10.1455	79.4
OGcluster_5954_0	45	8.5315	77.6
OGcluster_5955_0	23	0.6285	70.1
OGcluster_5956_0	44	9.5745	77.5
OGcluster_5957_0	24	9.2670	58.4
OGcluster_5958_0	22	1.8268	67.0
OGcluster_5959_0	22	0.3446	76.1
OGcluster_5959_1	17	1.9086	74.2
OGcluster_595_0	20	0.3558	81.8
OGcluster_5960_1	40	5.1703	78.4
OGcluster_5961_0	17	4.0253	64.5
OGcluster_5962_0	43	7.7545	68.5
OGcluster_5967_0	18	1.4463	84.2
OGcluster_5968_0	44	9.7751	68.0
OGcluster_5972_0	44	8.0974	66.8
OGcluster_5973_0	50	7.7166	78.1
OGcluster_5975_0	17	5.8658	60.5
OGcluster_5976_0	24	7.4467	84.7
OGcluster_5977_0	47	10.0443	80.5
OGcluster_5979_0	46	20.2884	75.6
OGcluster_597_0	40	5.6702	76.7
OGcluster_5980_0	34	2.1878	71.4
OGcluster_5981_0	40	11.3390	76.3
OGcluster_5982_0	45	5.3367	75.6
OGcluster_5983_1	44	10.9712	54.5
OGcluster_5985_1	47	9.0412	76.4
OGcluster_5986_1	47	9.5492	70.6
OGcluster_5987_0	44	5.0637	52.4
OGcluster_5989_0	34	3.4151	78.1
OGcluster_5990_0	27	8.2159	54.6
OGcluster_5996_0	49	16.3777	66.5
OGcluster_5998_0	22	0.7432	72.2
OGcluster_5999_0	45	18.8521	57.1
OGcluster_599_0	28	2.7935	64.3
OGcluster_5_0	18	1.9508	93.3
OGcluster_6001_0	48	11.8707	49.6
OGcluster_6002_0	37	3.9225	68.1
OGcluster_6003_1	22	13.0214	63.6
OGcluster_6004_0	25	1.5748	70.6
OGcluster_6005_0	28	4.8375	83.6
OGcluster_6007_1	46	16.4770	70.3
OGcluster_6008_0	45	4.5483	60.0
OGcluster_6009_0	44	8.9272	72.9
OGcluster_6010_0	39	2.8150	82.8
OGcluster_6011_0	34	7.0623	70.9
OGcluster_6013_0	22	0.5965	80.5
OGcluster_6014_0	45	3.4697	58.0
OGcluster_6015_0	35	3.6373	81.1
OGcluster_6016_1	48	5.9292	84.6
OGcluster_6017_0	22	1.1470	82.2
OGcluster_6020_0	33	2.2476	72.8
OGcluster_6021_0	18	4.3096	64.1
OGcluster_6022_0	25	1.2865	81.6
OGcluster_6023_0	17	0.6059	54.1
OGcluster_6024_0	42	8.0859	78.7
OGcluster_6025_0	29	1.6619	66.8
OGcluster_6029_0	23	7.6144	54.7
OGcluster_602_0	42	5.6383	74.5
OGcluster_602_1	23	0.9211	78.8
OGcluster_6030_1	39	5.3580	72.8
OGcluster_6032_0	17	2.3020	68.1
OGcluster_6033_1	49	15.4257	64.8
OGcluster_6035_0	46	13.3782	52.5
OGcluster_6037_0	41	6.3437	78.0
OGcluster_6038_0	49	9.8496	69.2
OGcluster_6041_0	45	12.2597	73.4
OGcluster_6042_0	49	9.1347	69.8
OGcluster_6044_0	21	1.1596	83.1
OGcluster_6045_0	45	2.7621	74.8
OGcluster_6046_1	44	9.1029	82.5
OGcluster_6047_0	48	13.4458	62.6
OGcluster_6049_1	41	6.1726	80.4
OGcluster_6051_1	36	5.2521	73.4
OGcluster_6052_1	46	7.1437	75.8
OGcluster_6053_0	29	2.9314	82.6
OGcluster_6054_0	33	3.2384	81.8
OGcluster_6055_1	50	11.4775	49.0
OGcluster_6056_0	42	11.3443	57.9
OGcluster_6058_0	38	8.6005	70.7
OGcluster_6059_0	47	10.8693	69.0
OGcluster_6060_0	36	9.7914	81.6
OGcluster_6063_0	47	6.3776	75.5
OGcluster_6064_0	43	4.6533	75.3
OGcluster_6066_0	18	3.1985	60.2
OGcluster_6068_1	47	7.7680	72.3
OGcluster_6070_0	19	1.7193	53.0
OGcluster_6070_1	20	1.4841	51.5
OGcluster_6072_0	37	19.2868	78.0
OGcluster_6073_0	22	0.6273	78.6
OGcluster_6074_1	48	11.6616	72.2
OGcluster_6075_0	44	20.7443	66.3
OGcluster_6076_0	47	9.2735	72.7
OGcluster_6077_1	48	6.5452	79.2
OGcluster_6078_0	48	8.9778	75.8
OGcluster_6080_0	19	11.0717	71.1
OGcluster_6081_1	43	12.8653	67.4
OGcluster_6082_0	25	1.2651	75.8
OGcluster_6082_1	19	11.1762	67.2
OGcluster_6083_0	45	8.4211	62.1
OGcluster_6084_0	20	4.5621	75.4
OGcluster_6086_0	34	6.6633	82.9
OGcluster_6087_1	42	6.3400	56.1
OGcluster_6089_0	46	7.2646	70.2
OGcluster_608_0	24	4.8548	78.6
OGcluster_608_1	33	3.4917	85.9
OGcluster_6091_1	43	9.9088	72.5
OGcluster_6092_0	34	8.3194	68.6
OGcluster_6093_0	31	1.9726	80.7
OGcluster_6095_1	43	9.3429	71.7
OGcluster_6097_0	31	6.1619	75.2
OGcluster_6098_0	25	1.7991	78.1
OGcluster_609_0	44	8.0628	74.2
OGcluster_609_1	33	6.1554	75.3
OGcluster_609_2	30	2.3867	80.3
OGcluster_6100_0	49	4.7124	65.8
OGcluster_6102_0	19	3.5579	69.6
OGcluster_6103_0	27	1.1858	88.6
OGcluster_6104_0	48	7.9317	66.9
OGcluster_6105_0	46	4.6401	62.7
OGcluster_6106_0	41	15.3750	80.1
OGcluster_6107_0	23	12.1465	66.3
OGcluster_6108_1	48	12.2683	63.5
OGcluster_6109_0	48	16.0837	57.7
OGcluster_6110_0	47	2.8797	70.0
OGcluster_6111_0	29	2.1323	59.5
OGcluster_6114_0	24	7.6634	85.3
OGcluster_6116_0	24	7.2599	56.3
OGcluster_6117_0	45	7.1308	78.5
OGcluster_6120_1	47	13.0218	72.8
OGcluster_6125_0	46	5.9065	76.9
OGcluster_6128_1	45	19.8567	61.9
OGcluster_6129_0	24	0.7351	91.0
OGcluster_6130_0	42	8.4685	60.8
OGcluster_6131_1	48	15.4125	69.6
OGcluster_6132_0	44	6.0036	71.0
OGcluster_6133_1	47	4.3795	81.0
OGcluster_6134_1	38	7.3159	78.3
OGcluster_6135_0	21	0.9548	69.8
OGcluster_6136_0	20	1.2415	66.6
OGcluster_6137_0	24	14.1181	62.0
OGcluster_6138_1	43	10.1524	66.5
OGcluster_6139_0	48	21.6535	78.7
OGcluster_6142_0	26	8.7073	56.2
OGcluster_6144_0	44	9.0063	69.7
OGcluster_6145_1	43	7.6442	73.6
OGcluster_6146_0	45	7.8689	57.7
OGcluster_6147_0	45	10.0007	70.4
OGcluster_6148_0	21	21.1431	54.2
OGcluster_614_0	23	7.6757	59.9
OGcluster_6150_0	45	10.6967	64.8
OGcluster_6153_0	31	12.6196	62.1
OGcluster_6155_1	44	10.9020	63.1
OGcluster_6158_0	22	1.5931	62.3
OGcluster_6159_1	40	10.8319	62.8
OGcluster_6163_0	46	7.8443	47.7
OGcluster_6164_1	49	14.9834	74.1
OGcluster_6165_0	26	2.0146	69.9
OGcluster_6165_1	17	2.2031	68.5
OGcluster_6169_0	48	11.4715	67.8
OGcluster_616_0	46	10.0902	78.9
OGcluster_6170_0	48	5.1354	72.2
OGcluster_6172_1	48	5.6973	60.4
OGcluster_6173_0	46	9.9369	75.7
OGcluster_6174_1	44	6.5002	67.7
OGcluster_6175_1	47	17.8078	69.5
OGcluster_6177_0	18	6.0261	79.2
OGcluster_6179_0	48	11.4034	72.4
OGcluster_6180_1	17	25.1703	70.0
OGcluster_6181_0	38	3.7248	77.8
OGcluster_6185_0	41	7.8217	77.8
OGcluster_6186_0	29	8.4198	78.5
OGcluster_6187_0	22	3.7967	73.8
OGcluster_6188_0	38	11.5519	64.6
OGcluster_6189_1	40	6.4003	76.8
OGcluster_6192_1	42	8.3995	79.2
OGcluster_6193_0	32	8.7498	83.5
OGcluster_6195_0	24	7.0696	72.3
OGcluster_6197_0	24	4.4538	77.1
OGcluster_6198_1	45	9.1039	61.9
OGcluster_619_0	35	9.7504	75.3
OGcluster_619_1	23	2.3734	92.5
OGcluster_61_0	19	2.1454	87.2
OGcluster_61_1	23	0.8602	84.2
OGcluster_61_2	20	1.0009	82.5
OGcluster_61_3	30	2.9225	78.6
OGcluster_6201_0	42	9.7116	52.6
OGcluster_6202_0	26	3.8291	54.5
OGcluster_6204_0	21	0.6358	85.4
OGcluster_6206_0	38	7.4841	76.9
OGcluster_6208_0	33	3.8397	88.5
OGcluster_6209_0	18	1.8298	80.1
OGcluster_620_0	20	1.9489	73.4
OGcluster_620_1	19	1.7458	61.4
OGcluster_6210_0	42	12.3134	78.1
OGcluster_6213_1	44	6.1188	73.9
OGcluster_6214_0	25	9.7433	68.3
OGcluster_6216_1	43	6.9911	57.6
OGcluster_6217_0	17	0.8367	82.3
OGcluster_6219_0	36	7.3348	77.7
OGcluster_6222_0	46	16.2070	68.7
OGcluster_6223_1	33	7.0131	70.7
OGcluster_6224_0	26	12.0042	76.1
OGcluster_622_0	23	1.4060	95.5
OGcluster_6230_1	47	5.9669	52.7
OGcluster_6231_0	45	6.5607	47.5
OGcluster_6233_1	43	12.2210	63.3
OGcluster_6234_1	46	10.3783	78.0
OGcluster_6235_0	23	1.0662	65.2
OGcluster_6236_0	26	4.9281	68.8
OGcluster_6237_1	43	9.3110	59.5
OGcluster_6240_1	47	10.7981	75.2
OGcluster_6241_0	44	7.2042	65.1
OGcluster_6242_0	21	12.8591	55.8
OGcluster_6244_0	37	8.3949	74.9
OGcluster_6251_0	34	3.7553	55.7
OGcluster_6256_1	27	5.0957	69.3
OGcluster_6258_0	31	3.8798	70.7
OGcluster_6260_1	45	5.2116	74.7
OGcluster_6261_0	24	2.7041	91.5
OGcluster_6264_1	45	7.7048	62.8
OGcluster_6265_0	44	7.6722	84.6
OGcluster_6266_0	27	5.5180	59.9
OGcluster_6267_1	47	7.6650	78.8
OGcluster_6268_0	48	7.6313	51.2
OGcluster_6269_0	35	6.5256	70.3
OGcluster_626_0	18	2.5582	63.9
OGcluster_6272_1	40	10.7331	80.9
OGcluster_6273_1	48	25.0332	62.0
OGcluster_6275_0	27	7.0224	49.4
OGcluster_6276_0	21	0.8396	73.8
OGcluster_6281_0	46	5.9638	68.9
OGcluster_6282_0	31	9.8046	81.0
OGcluster_6283_0	47	3.8758	71.3
OGcluster_6284_0	46	11.9350	63.2
OGcluster_6285_0	19	0.5118	61.7
OGcluster_6287_1	41	7.9724	65.3
OGcluster_6288_0	41	6.0286	80.3
OGcluster_6290_0	49	7.8599	66.6
OGcluster_6291_0	21	2.0957	88.9
OGcluster_6293_1	48	6.7785	55.7
OGcluster_6294_0	48	15.0701	69.6
OGcluster_6295_0	27	11.7971	45.5
OGcluster_6296_0	47	10.4998	69.4
OGcluster_6297_0	34	13.3544	66.7
OGcluster_6299_0	38	10.7321	71.3
OGcluster_62_0	25	2.2627	81.9
OGcluster_62_1	18	4.4323	82.3
OGcluster_62_2	18	2.0068	71.5
OGcluster_62_3	17	6.7631	69.2
OGcluster_6301_0	41	4.9779	63.9
OGcluster_6302_0	32	5.2432	86.4
OGcluster_6304_1	43	16.0696	74.3
OGcluster_6308_0	22	0.7296	89.5
OGcluster_6308_1	18	6.4222	61.3
OGcluster_6309_1	47	25.7608	72.9
OGcluster_6310_0	36	6.9077	71.0
OGcluster_6311_1	37	8.1094	83.8
OGcluster_6312_0	43	8.3513	55.1
OGcluster_6313_0	25	13.3627	51.8
OGcluster_6314_1	30	12.9653	59.9
OGcluster_6319_0	20	0.6681	61.9
OGcluster_631_0	21	0.5882	78.1
OGcluster_6320_0	30	5.5625	78.8
OGcluster_6321_0	45	4.5732	57.3
OGcluster_6323_0	43	19.0973	71.6
OGcluster_6325_1	49	34.3026	70.1
OGcluster_6326_0	39	6.7301	74.5
OGcluster_6327_0	47	7.6666	61.5
OGcluster_6328_0	24	1.1275	79.7
OGcluster_632_0	21	2.7289	88.7
OGcluster_6330_0	46	5.7096	78.5
OGcluster_6335_1	41	13.1704	66.7
OGcluster_6336_0	32	4.0062	66.2
OGcluster_6338_1	48	11.7547	71.4
OGcluster_6340_0	36	2.5238	66.9
OGcluster_6341_0	27	6.0515	66.4
OGcluster_6342_0	47	11.1347	67.0
OGcluster_6343_1	48	7.6562	75.4
OGcluster_6344_0	47	11.0901	74.0
OGcluster_6347_0	45	10.3892	54.9
OGcluster_634_0	24	2.4268	39.5
OGcluster_6350_0	32	5.5126	56.1
OGcluster_6352_0	34	9.7449	76.2
OGcluster_6353_1	47	5.8419	77.2
OGcluster_6354_0	31	5.7474	75.6
OGcluster_6355_1	46	9.4660	55.4
OGcluster_6357_0	37	11.2899	77.2
OGcluster_6359_0	41	18.6507	55.3
OGcluster_6363_0	48	22.5226	56.1
OGcluster_6364_0	22	1.0043	76.9
OGcluster_6365_1	44	4.3599	69.5
OGcluster_6367_1	47	17.4926	70.0
OGcluster_6368_0	49	6.2819	77.6
OGcluster_6370_0	37	6.0821	74.1
OGcluster_6371_1	44	10.0693	64.5
OGcluster_6372_1	25	5.9594	56.2
OGcluster_6375_0	48	7.0245	69.0
OGcluster_6376_1	51	14.4955	65.8
OGcluster_6377_0	32	4.9721	83.3
OGcluster_6379_1	48	7.1223	65.8
OGcluster_637_0	22	4.8548	36.2
OGcluster_6380_0	45	6.5959	70.7
OGcluster_6382_1	33	5.6571	77.6
OGcluster_6383_1	48	8.3453	60.5
OGcluster_6384_0	25	6.5356	58.6
OGcluster_6385_1	49	17.9631	61.2
OGcluster_6386_0	28	2.0197	77.2
OGcluster_6387_1	44	17.1353	58.9
OGcluster_6390_0	35	11.2920	57.3
OGcluster_6391_0	41	7.3690	77.4
OGcluster_6392_0	28	12.1766	73.8
OGcluster_6394_1	38	6.9248	73.5
OGcluster_6395_0	39	12.4611	76.1
OGcluster_6396_0	34	1.8821	61.6
OGcluster_6398_0	18	7.9404	62.4
OGcluster_639_0	45	3.4441	75.0
OGcluster_639_1	22	1.2115	87.7
OGcluster_63_0	18	0.8068	85.1
OGcluster_63_1	34	5.7502	65.1
OGcluster_6400_0	41	4.6720	67.7
OGcluster_6401_1	25	8.1194	75.5
OGcluster_6402_0	37	8.7402	64.6
OGcluster_6403_1	47	22.9735	69.3
OGcluster_6405_1	34	8.2411	60.3
OGcluster_6406_1	46	5.2746	61.1
OGcluster_6409_1	27	4.9628	84.4
OGcluster_6410_1	25	2.5449	78.0
OGcluster_6414_0	26	4.0726	69.7
OGcluster_6416_1	45	10.7215	76.2
OGcluster_6417_0	17	5.3754	66.1
OGcluster_6418_0	45	4.3418	70.1
OGcluster_6419_0	42	6.2603	66.0
OGcluster_6421_0	38	13.0688	54.5
OGcluster_6423_0	47	8.5105	82.8
OGcluster_6424_1	50	10.8362	68.6
OGcluster_6425_1	48	7.1954	67.0
OGcluster_6426_0	33	8.8856	78.8
OGcluster_6427_1	41	6.7514	66.6
OGcluster_6428_0	20	0.3987	79.4
OGcluster_6428_1	17	6.6745	37.5
OGcluster_6429_0	26	1.3942	77.4
OGcluster_642_0	43	4.7950	76.3
OGcluster_642_1	22	0.9595	83.3
OGcluster_642_2	21	5.8954	80.1
OGcluster_6430_1	49	9.6080	76.2
OGcluster_6432_1	34	5.4011	69.5
OGcluster_6433_0	29	1.2717	82.8
OGcluster_6434_0	34	6.4101	60.2
OGcluster_6435_1	41	8.5981	79.7
OGcluster_6437_0	49	6.3028	73.2
OGcluster_6438_0	39	13.1467	65.9
OGcluster_6439_0	21	0.6073	75.2
OGcluster_6439_1	18	2.4984	71.3
OGcluster_6443_1	38	4.7184	79.4
OGcluster_6444_0	25	2.2690	80.3
OGcluster_6447_1	36	7.0360	71.8
OGcluster_6448_0	44	7.7413	72.2
OGcluster_6451_0	48	11.5751	77.6
OGcluster_6453_0	43	9.1063	72.9
OGcluster_6454_0	37	4.9024	80.0
OGcluster_6455_1	45	16.7850	60.6
OGcluster_6456_0	22	3.8612	72.5
OGcluster_6458_0	24	3.7097	67.0
OGcluster_6459_0	45	10.8126	68.5
OGcluster_6460_1	46	12.4868	81.2
OGcluster_6462_1	34	10.4276	54.2
OGcluster_6463_0	44	14.1677	75.8
OGcluster_6464_1	44	13.8725	57.4
OGcluster_6465_1	41	11.7532	70.8
OGcluster_6466_0	18	2.8654	74.1
OGcluster_6466_1	21	0.3987	82.7
OGcluster_6469_0	32	2.7337	75.1
OGcluster_6470_0	41	11.9175	46.1
OGcluster_6471_1	47	17.3945	65.3
OGcluster_6472_0	29	6.8885	49.3
OGcluster_6474_1	47	10.5132	78.6
OGcluster_6475_1	50	13.0238	65.3
OGcluster_6477_1	42	17.5498	65.5
OGcluster_6479_0	38	11.4785	67.0
OGcluster_6480_1	48	4.0000	58.2
OGcluster_6481_1	46	7.5016	50.9
OGcluster_6482_1	40	8.5918	65.3
OGcluster_6483_0	47	6.3114	70.8
OGcluster_6484_1	32	4.1298	58.6
OGcluster_6485_1	51	11.2465	63.6
OGcluster_6486_0	40	8.5405	63.2
OGcluster_6488_0	49	10.3583	69.0
OGcluster_6489_0	17	8.4985	63.7
OGcluster_648_0	39	2.6479	84.6
OGcluster_648_1	34	3.1530	84.5
OGcluster_6490_0	40	9.6414	74.9
OGcluster_6491_0	44	3.8706	66.8
OGcluster_6492_1	45	4.5599	69.5
OGcluster_6493_0	46	7.6175	76.6
OGcluster_6494_0	48	7.1249	81.1
OGcluster_6496_1	47	10.9979	82.6
OGcluster_6497_0	47	11.8578	77.1
OGcluster_6498_0	26	7.0569	72.6
OGcluster_64_0	31	1.7785	76.6
OGcluster_64_1	27	5.6604	71.9
OGcluster_64_2	35	4.2438	63.8
OGcluster_6500_0	27	8.7388	74.5
OGcluster_6501_1	46	9.6465	77.1
OGcluster_6503_0	25	1.4029	61.8
OGcluster_6504_0	24	3.6991	79.6
OGcluster_6505_0	47	13.7908	61.0
OGcluster_6508_1	44	12.3569	72.2
OGcluster_6510_0	36	3.6637	66.0
OGcluster_6515_0	17	12.8543	54.6
OGcluster_6517_1	45	8.7044	60.4
OGcluster_6519_0	42	7.4621	78.2
OGcluster_6521_1	37	5.8464	74.1
OGcluster_6522_0	30	1.4448	82.7
OGcluster_6523_0	44	8.2433	78.4
OGcluster_6525_0	41	13.9369	75.7
OGcluster_6527_0	25	4.1188	87.8
OGcluster_6528_0	36	8.7142	79.4
OGcluster_6529_0	39	3.1822	70.9
OGcluster_6530_0	18	4.3801	39.0
OGcluster_6532_0	44	12.5546	58.9
OGcluster_6533_0	40	8.0396	65.6
OGcluster_6534_0	34	11.1662	72.7
OGcluster_6535_1	38	6.0790	76.1
OGcluster_6536_0	33	7.6966	53.8
OGcluster_6537_0	26	6.2128	70.6
OGcluster_6537_1	19	3.6972	71.8
OGcluster_6538_1	44	11.2476	66.0
OGcluster_6539_0	27	10.8741	72.8
OGcluster_6540_0	36	5.2899	77.4
OGcluster_6541_1	38	7.9791	52.7
OGcluster_6542_0	39	11.8629	78.3
OGcluster_6544_0	23	1.3208	79.1
OGcluster_6546_0	32	7.5111	81.3
OGcluster_6547_0	41	17.5933	76.3
OGcluster_6548_0	45	6.7313	51.7
OGcluster_6550_1	48	12.1074	51.7
OGcluster_6551_0	34	8.0664	66.4
OGcluster_6552_1	44	12.5735	79.2
OGcluster_6553_0	49	5.4453	60.5
OGcluster_6554_0	17	1.2635	49.6
OGcluster_6556_1	43	8.1800	55.3
OGcluster_6558_1	43	11.6508	65.9
OGcluster_6559_1	46	7.7398	68.0
OGcluster_6560_1	46	11.9295	62.5
OGcluster_6561_1	45	6.2398	71.9
OGcluster_6562_0	40	6.1865	53.0
OGcluster_6564_1	39	14.6900	44.5
OGcluster_6565_0	22	2.5075	88.8
OGcluster_6567_0	35	10.2529	70.5
OGcluster_6569_1	47	34.3530	76.5
OGcluster_656_0	48	6.5775	79.0
OGcluster_656_1	22	0.6928	89.5
OGcluster_656_2	34	5.3570	80.1
OGcluster_6570_0	25	8.8715	73.5
OGcluster_6571_0	44	8.9359	64.5
OGcluster_6572_1	25	9.4327	81.7
OGcluster_6573_0	26	3.3297	74.1
OGcluster_6574_1	46	6.8410	64.2
OGcluster_6575_0	29	1.6538	85.0
OGcluster_6576_1	37	9.5770	70.7
OGcluster_6578_1	43	5.9239	72.8
OGcluster_6579_0	44	10.8915	83.0
OGcluster_657_0	20	0.6442	91.7
OGcluster_6580_0	45	6.3558	47.7
OGcluster_6581_1	40	5.9858	83.4
OGcluster_6582_0	21	0.7129	85.3
OGcluster_6584_0	44	10.1361	82.2
OGcluster_6588_1	38	12.4141	66.7
OGcluster_658_0	19	8.9086	81.2
OGcluster_6590_0	48	21.2699	59.0
OGcluster_6591_1	46	11.3368	78.2
OGcluster_6592_0	33	4.8948	70.3
OGcluster_6593_0	19	23.8059	54.7
OGcluster_6595_1	43	8.3468	68.9
OGcluster_6597_0	38	3.5978	68.1
OGcluster_6598_0	23	12.7779	62.6
OGcluster_6599_1	31	7.0980	63.2
OGcluster_659_0	22	0.7119	82.2
OGcluster_65_0	27	3.3852	74.8
OGcluster_6602_0	18	3.4789	74.7
OGcluster_6603_0	47	9.9656	67.0
OGcluster_6604_0	28	4.3813	62.9
OGcluster_6605_0	44	17.7462	60.1
OGcluster_6606_1	50	10.3411	55.2
OGcluster_6607_0	17	2.7409	54.8
OGcluster_6607_1	18	5.4785	67.9
OGcluster_6608_0	27	7.1614	63.7
OGcluster_660_0	48	7.1767	58.3
OGcluster_660_1	48	6.6780	68.6
OGcluster_6610_1	47	16.1838	63.2
OGcluster_6612_1	48	7.9206	66.6
OGcluster_6613_0	46	4.7930	72.1
OGcluster_6616_0	33	10.2372	66.9
OGcluster_6617_0	31	8.8736	61.4
OGcluster_6618_0	24	2.5026	74.1
OGcluster_661_0	40	2.4902	80.0
OGcluster_6621_1	23	5.4566	84.5
OGcluster_6622_0	20	0.9274	76.6
OGcluster_6623_0	46	9.4630	64.0
OGcluster_6624_0	36	11.6990	80.0
OGcluster_6625_0	21	1.0169	57.2
OGcluster_6625_1	18	2.3927	69.5
OGcluster_6626_1	41	5.4182	80.7
OGcluster_6628_1	44	7.6430	79.8
OGcluster_6629_0	25	1.1378	79.9
OGcluster_662_0	42	10.8632	55.1
OGcluster_662_1	23	1.4376	63.6
OGcluster_6630_1	43	15.2092	70.1
OGcluster_6632_1	46	6.0360	72.6
OGcluster_6634_0	34	10.1888	56.5
OGcluster_6635_0	17	4.2408	61.9
OGcluster_6636_0	41	4.5122	72.6
OGcluster_6637_0	44	8.7645	69.1
OGcluster_6638_0	43	11.2148	42.1
OGcluster_6639_0	21	5.0779	65.4
OGcluster_6640_1	44	10.2701	76.4
OGcluster_6641_1	43	7.4986	53.6
OGcluster_6642_0	48	26.2333	71.9
OGcluster_6643_0	36	17.4335	63.6
OGcluster_6644_1	35	4.6547	84.2
OGcluster_6645_1	48	10.6494	58.6
OGcluster_6647_0	42	3.6789	72.8
OGcluster_6648_1	46	8.5156	66.6
OGcluster_6650_0	33	14.8950	76.2
OGcluster_6651_1	29	6.6004	55.6
OGcluster_6652_1	41	6.4155	82.1
OGcluster_6653_1	39	13.8095	68.0
OGcluster_6654_0	21	7.4558	73.1
OGcluster_6654_1	22	1.3596	84.9
OGcluster_6656_0	34	10.1253	60.7
OGcluster_6659_1	45	14.3224	82.8
OGcluster_6660_0	43	21.7358	64.8
OGcluster_6661_1	47	4.5499	62.3
OGcluster_6662_1	42	5.2979	70.3
OGcluster_6666_0	46	10.0093	66.3
OGcluster_6667_1	24	3.5030	77.1
OGcluster_6668_0	21	2.6912	61.0
OGcluster_6669_1	40	6.4689	74.1
OGcluster_6670_1	40	5.6155	68.6
OGcluster_6671_0	39	3.1532	61.6
OGcluster_6674_0	26	6.1285	47.8
OGcluster_6675_0	29	5.3216	51.1
OGcluster_6677_0	40	13.2665	50.7
OGcluster_6680_0	17	7.6825	53.8
OGcluster_6683_0	21	12.1309	64.6
OGcluster_6684_1	43	10.1649	69.8
OGcluster_6687_0	39	19.7090	83.2
OGcluster_6689_1	42	11.9047	78.3
OGcluster_6691_0	17	5.1008	68.4
OGcluster_6692_0	40	6.6775	67.5
OGcluster_6694_0	28	6.0489	54.2
OGcluster_6695_0	35	5.4582	66.2
OGcluster_6696_1	26	7.5328	75.6
OGcluster_6697_0	19	2.8572	51.9
OGcluster_6698_0	46	12.7941	62.1
OGcluster_669_0	30	1.1449	83.1
OGcluster_66_0	24	1.6810	87.0
OGcluster_66_1	24	2.2613	88.1
OGcluster_66_2	23	3.4636	78.0
OGcluster_6700_1	49	10.8214	73.8
OGcluster_6701_1	41	5.9283	64.6
OGcluster_6703_1	47	12.1863	65.4
OGcluster_6704_0	18	0.3995	73.7
OGcluster_6705_1	45	10.7739	68.0
OGcluster_6706_0	22	8.3413	55.4
OGcluster_6707_0	46	12.1623	63.5
OGcluster_6709_0	47	4.2263	73.0
OGcluster_6711_1	41	9.9492	70.4
OGcluster_6712_0	35	5.1074	68.8
OGcluster_6713_0	46	16.5648	55.6
OGcluster_6714_0	19	0.4384	67.7
OGcluster_6715_0	33	6.1455	83.0
OGcluster_6717_0	43	10.0824	71.5
OGcluster_6719_0	24	8.3275	77.0
OGcluster_671_0	33	3.6267	77.7
OGcluster_671_1	22	2.0446	74.7
OGcluster_6720_0	38	9.2268	47.4
OGcluster_6721_0	39	4.2700	80.8
OGcluster_6722_1	37	6.3845	83.7
OGcluster_6723_1	30	4.1644	68.7
OGcluster_6725_0	18	0.6960	78.9
OGcluster_6726_0	39	6.2438	79.6
OGcluster_6727_1	41	10.0916	78.3
OGcluster_6728_1	33	8.8495	61.6
OGcluster_6729_0	46	12.4575	67.2
OGcluster_6730_1	45	7.7593	64.5
OGcluster_6732_0	23	8.2731	57.4
OGcluster_6733_0	29	4.4403	70.3
OGcluster_6734_0	33	7.0708	83.1
OGcluster_6735_0	35	3.6118	74.5
OGcluster_6737_0	33	3.7735	64.6
OGcluster_6738_0	44	13.3812	78.1
OGcluster_673_0	18	0.7704	72.3
OGcluster_6741_0	40	4.3648	63.7
OGcluster_6745_0	32	7.2139	79.3
OGcluster_6746_1	46	9.9432	72.8
OGcluster_6747_1	44	12.3161	70.4
OGcluster_6748_0	21	5.2809	54.0
OGcluster_6749_0	39	11.5784	67.7
OGcluster_674_0	46	18.7589	72.4
OGcluster_6750_0	35	8.6182	78.9
OGcluster_6751_0	45	9.9889	76.9
OGcluster_6752_0	46	8.2186	77.3
OGcluster_6753_0	22	6.9898	61.7
OGcluster_6756_0	19	5.3024	52.6
OGcluster_6757_0	37	9.1491	80.8
OGcluster_6758_0	19	1.2740	63.7
OGcluster_6759_1	43	7.3036	63.8
OGcluster_6761_0	24	6.2369	80.3
OGcluster_6762_0	43	9.2472	85.5
OGcluster_6763_0	37	31.4058	68.4
OGcluster_6766_0	25	2.2099	87.5
OGcluster_6767_0	30	3.8071	78.6
OGcluster_6768_0	18	6.7156	37.7
OGcluster_6769_0	23	2.1515	73.0
OGcluster_6770_0	21	4.2509	81.3
OGcluster_6772_1	46	10.8077	54.5
OGcluster_6774_1	38	10.9260	61.9
OGcluster_6777_0	47	10.7646	66.0
OGcluster_6778_0	33	7.7237	80.9
OGcluster_6780_1	41	7.1465	74.9
OGcluster_6781_0	45	7.5883	65.1
OGcluster_6783_1	44	12.3141	69.7
OGcluster_6784_0	18	4.4830	52.9
OGcluster_6789_0	39	7.4283	76.1
OGcluster_678_0	25	11.7520	65.1
OGcluster_6790_0	35	8.5963	74.6
OGcluster_6791_0	30	2.8148	57.2
OGcluster_6792_1	28	10.0215	73.9
OGcluster_6796_0	35	4.4085	74.0
OGcluster_6797_1	41	28.2863	66.8
OGcluster_6798_1	40	6.7281	71.3
OGcluster_6799_0	17	2.4383	76.4
OGcluster_67_0	30	1.7298	79.3
OGcluster_67_1	24	1.8038	84.4
OGcluster_67_2	25	2.8443	75.0
OGcluster_67_3	20	2.2490	83.1
OGcluster_6800_0	25	1.6529	76.5
OGcluster_6802_0	45	5.9278	62.1
OGcluster_6803_1	45	8.9361	48.5
OGcluster_6804_0	46	7.0655	61.3
OGcluster_6805_0	29	1.4507	63.5
OGcluster_6806_0	25	4.8646	65.4
OGcluster_6807_0	24	1.3019	77.7
OGcluster_6809_0	36	8.7287	65.5
OGcluster_680_0	20	3.4825	65.2
OGcluster_680_1	29	1.8907	77.3
OGcluster_6810_0	17	2.6131	67.2
OGcluster_6812_0	21	4.0991	65.5
OGcluster_6813_1	46	7.1032	57.3
OGcluster_6814_1	43	5.8670	66.8
OGcluster_6815_0	32	7.8388	77.6
OGcluster_6817_1	47	8.0495	45.5
OGcluster_6818_0	28	2.5522	59.7
OGcluster_681_0	20	0.6627	83.3
OGcluster_6822_1	25	6.2743	78.1
OGcluster_6823_0	20	1.2598	92.9
OGcluster_6824_0	43	8.4798	77.7
OGcluster_6825_0	38	2.6164	61.2
OGcluster_6827_0	37	19.0952	73.9
OGcluster_6828_1	42	5.7166	64.0
OGcluster_6829_1	47	13.8849	55.3
OGcluster_682_0	30	2.9303	82.2
OGcluster_6830_1	40	11.2562	68.3
OGcluster_6831_1	35	13.9431	53.4
OGcluster_6832_0	33	8.9427	66.0
OGcluster_6833_1	45	9.3254	78.1
OGcluster_6835_0	18	5.0516	69.1
OGcluster_6836_1	37	4.5150	87.8
OGcluster_6839_1	40	7.1204	66.0
OGcluster_6843_1	34	6.9981	66.3
OGcluster_6844_0	47	8.1589	53.6
OGcluster_6845_0	37	8.2610	72.8
OGcluster_6848_0	45	7.0939	70.9
OGcluster_684_0	17	4.8222	50.6
OGcluster_6851_0	44	8.1161	48.6
OGcluster_6852_0	46	10.9169	66.8
OGcluster_6853_0	24	4.6255	60.4
OGcluster_6855_0	20	6.6602	65.5
OGcluster_6856_0	46	9.0629	54.5
OGcluster_6857_0	43	10.8824	47.4
OGcluster_6860_0	21	9.3410	59.9
OGcluster_6860_1	19	0.8185	61.5
OGcluster_6862_0	46	9.7133	69.7
OGcluster_6863_1	29	9.7138	75.7
OGcluster_6865_0	42	7.7120	61.6
OGcluster_6866_0	35	7.2693	79.1
OGcluster_686_0	45	8.1620	78.3
OGcluster_6870_0	41	7.7960	65.4
OGcluster_6872_1	45	10.5112	53.2
OGcluster_6873_1	44	6.7019	67.2
OGcluster_6874_1	39	6.0615	82.8
OGcluster_6875_1	20	5.6767	66.5
OGcluster_6876_1	24	2.3473	69.6
OGcluster_6877_0	19	10.1674	51.6
OGcluster_6878_0	32	4.8461	70.5
OGcluster_6879_1	43	9.1662	74.3
OGcluster_6882_0	45	5.5214	76.9
OGcluster_6883_0	27	2.3669	78.5
OGcluster_6886_1	39	12.8427	55.8
OGcluster_6887_0	34	11.2014	70.9
OGcluster_6888_0	42	8.0045	78.7
OGcluster_688_0	30	7.4620	69.3
OGcluster_6890_1	40	9.4335	88.1
OGcluster_6891_0	26	3.1153	71.3
OGcluster_6892_1	45	17.0957	70.0
OGcluster_6893_1	37	7.4741	72.6
OGcluster_6894_1	23	2.8176	61.8
OGcluster_6896_1	24	2.4036	90.5
OGcluster_6898_0	43	11.8513	59.8
OGcluster_6899_1	34	7.7609	77.7
OGcluster_68_0	31	3.2626	76.8
OGcluster_68_1	47	8.4237	77.8
OGcluster_68_2	23	1.3282	87.0
OGcluster_68_3	23	0.8340	80.8
OGcluster_68_4	26	11.8748	60.1
OGcluster_6900_1	27	10.3295	63.9
OGcluster_6901_0	27	8.6493	74.7
OGcluster_6902_0	20	3.6289	73.5
OGcluster_6903_0	34	6.5630	86.8
OGcluster_6904_1	40	8.0765	62.2
OGcluster_6908_0	29	7.6374	78.3
OGcluster_6909_1	40	4.2319	68.6
OGcluster_6911_0	27	4.0256	62.4
OGcluster_6912_0	45	11.1502	56.6
OGcluster_6915_0	23	4.7398	65.8
OGcluster_6916_1	43	6.2017	69.5
OGcluster_6917_1	35	10.1154	71.7
OGcluster_6918_0	44	11.8750	64.9
OGcluster_6920_0	38	10.7074	74.2
OGcluster_6921_0	37	9.9621	77.6
OGcluster_6923_0	36	5.0434	74.4
OGcluster_6924_1	40	7.8318	66.8
OGcluster_6925_1	45	8.5173	53.1
OGcluster_6927_1	29	3.6971	71.3
OGcluster_6928_0	20	0.9587	85.8
OGcluster_6929_0	42	5.9953	50.1
OGcluster_692_0	19	0.5475	84.1
OGcluster_6930_0	44	4.5927	63.7
OGcluster_6933_0	28	4.7472	78.5
OGcluster_6934_1	37	3.7374	71.6
OGcluster_6935_0	41	10.2953	54.8
OGcluster_6936_1	44	2.9624	64.4
OGcluster_6938_0	36	10.4072	62.5
OGcluster_6940_0	40	7.2675	73.5
OGcluster_6941_1	34	7.8848	67.0
OGcluster_6942_0	34	3.3663	68.2
OGcluster_6944_0	44	4.7537	54.6
OGcluster_6946_0	37	6.4217	62.3
OGcluster_6948_1	44	11.0228	66.1
OGcluster_6949_0	30	5.0045	83.2
OGcluster_694_0	21	1.5442	85.3
OGcluster_6950_1	36	6.2903	55.8
OGcluster_6951_0	32	9.1409	74.7
OGcluster_6952_0	19	4.4533	35.6
OGcluster_6953_0	45	8.7970	68.2
OGcluster_6954_0	24	3.0211	73.0
OGcluster_6959_0	18	4.2241	71.7
OGcluster_6960_1	40	4.1608	67.0
OGcluster_6962_0	33	6.7058	82.6
OGcluster_6967_1	42	9.5868	71.3
OGcluster_6970_0	31	13.8882	80.3
OGcluster_6974_0	46	9.2495	55.2
OGcluster_6977_0	17	6.0136	81.1
OGcluster_6978_0	28	3.3519	62.1
OGcluster_6979_0	39	12.9438	62.8
OGcluster_6980_0	40	4.8036	45.6
OGcluster_6981_0	36	7.7904	83.4
OGcluster_6982_1	37	6.1806	70.8
OGcluster_6984_0	43	12.7226	60.8
OGcluster_6985_0	27	7.4872	76.8
OGcluster_6986_1	33	3.8655	73.9
OGcluster_6988_0	42	7.9907	60.8
OGcluster_6989_1	36	9.1573	61.5
OGcluster_6990_1	18	2.1500	66.5
OGcluster_6991_0	29	9.6686	66.5
OGcluster_6994_0	40	3.7995	73.7
OGcluster_6997_0	20	1.6521	63.7
OGcluster_6998_1	44	4.4189	67.6
OGcluster_6999_0	18	9.6197	52.2
OGcluster_69_0	19	1.1663	90.1
OGcluster_69_1	30	10.3860	70.6
OGcluster_69_2	40	6.5878	73.2
OGcluster_69_3	17	0.9329	51.9
OGcluster_69_4	21	4.1346	76.2
OGcluster_7000_0	25	14.7141	76.2
OGcluster_7001_0	42	8.5743	60.7
OGcluster_7003_0	26	5.1532	74.1
OGcluster_7004_1	31	9.2358	38.1
OGcluster_7006_0	39	4.2423	71.1
OGcluster_700_0	39	7.4270	75.7
OGcluster_7010_0	19	12.2932	50.2
OGcluster_7013_1	35	8.0842	76.3
OGcluster_7015_0	29	1.9901	52.3
OGcluster_7016_0	25	4.6035	55.9
OGcluster_7017_0	17	2.8400	46.6
OGcluster_7018_1	37	12.6447	63.2
OGcluster_7019_0	28	6.7638	68.6
OGcluster_7022_0	27	3.4011	69.9
OGcluster_7024_1	41	11.0236	65.4
OGcluster_7028_1	41	5.3206	92.8
OGcluster_702_1	49	14.6644	65.7
OGcluster_7030_0	41	4.7763	62.0
OGcluster_7034_1	23	5.1968	88.1
OGcluster_7035_1	34	4.6535	73.6
OGcluster_7037_0	25	2.8931	75.7
OGcluster_7038_1	36	9.5095	60.1
OGcluster_7040_0	33	5.5771	65.4
OGcluster_7042_0	37	9.6726	60.0
OGcluster_7045_1	31	4.2543	71.0
OGcluster_7047_1	39	5.6902	62.3
OGcluster_7048_1	33	6.2415	78.6
OGcluster_7049_0	39	13.2076	71.9
OGcluster_7050_1	31	3.5176	89.9
OGcluster_7052_1	41	3.2781	57.8
OGcluster_7053_0	32	7.6835	72.5
OGcluster_7055_0	29	4.7045	60.0
OGcluster_7056_0	33	29.9729	52.8
OGcluster_7061_0	25	4.2030	82.4
OGcluster_7062_1	25	3.6269	64.3
OGcluster_7064_0	27	11.8867	71.1
OGcluster_7065_0	18	3.8976	56.9
OGcluster_7066_1	39	5.9173	54.5
OGcluster_7067_0	25	2.7147	76.0
OGcluster_7069_0	22	5.4139	45.1
OGcluster_706_0	32	1.3465	69.3
OGcluster_7070_0	41	9.4108	63.7
OGcluster_7071_0	25	14.1377	50.6
OGcluster_7073_0	35	10.1380	55.0
OGcluster_7074_1	34	11.5390	60.6
OGcluster_7075_0	25	4.3409	75.1
OGcluster_707_0	19	5.0096	75.3
OGcluster_7080_1	41	5.3197	56.7
OGcluster_7081_0	20	7.2844	75.8
OGcluster_7082_0	22	5.5924	66.6
OGcluster_7083_0	43	5.8816	57.6
OGcluster_7084_1	40	6.1521	67.0
OGcluster_7086_1	36	7.8277	75.2
OGcluster_7088_0	40	16.5855	49.7
OGcluster_7089_0	36	9.6509	81.6
OGcluster_7090_1	30	3.6315	68.2
OGcluster_7092_0	37	6.0796	63.4
OGcluster_7093_0	34	7.4039	82.3
OGcluster_7094_0	35	9.7047	60.5
OGcluster_7095_1	29	3.9110	69.4
OGcluster_7098_0	33	4.5380	79.4
OGcluster_7100_0	40	5.6021	78.1
OGcluster_7103_0	25	3.1051	74.2
OGcluster_7104_1	35	7.3343	84.9
OGcluster_7107_0	38	8.4260	59.7
OGcluster_7110_0	27	6.6756	83.5
OGcluster_7112_0	32	16.0542	59.3
OGcluster_7113_1	27	5.0857	70.8
OGcluster_7115_1	20	2.3884	78.8
OGcluster_7116_0	25	3.2223	86.5
OGcluster_7117_1	34	13.7181	85.1
OGcluster_7118_1	40	7.9461	67.5
OGcluster_7119_0	20	3.5217	58.7
OGcluster_7120_0	17	4.8696	81.9
OGcluster_7121_1	34	5.0263	65.3
OGcluster_7123_0	39	6.0373	78.7
OGcluster_7124_0	38	4.0344	69.1
OGcluster_7125_1	38	6.9921	53.9
OGcluster_7127_1	27	7.0963	74.5
OGcluster_7128_0	31	5.3538	75.1
OGcluster_712_0	46	7.6550	77.4
OGcluster_7132_1	40	2.2742	51.6
OGcluster_7133_0	31	9.4812	68.9
OGcluster_7134_0	39	18.2775	63.8
OGcluster_7135_0	27	3.5701	71.5
OGcluster_7137_1	28	10.1574	52.1
OGcluster_7139_1	29	11.6576	60.0
OGcluster_7140_0	23	6.4489	88.0
OGcluster_7141_0	28	14.7624	66.0
OGcluster_7142_1	38	7.8262	79.0
OGcluster_7144_1	36	6.6799	72.2
OGcluster_7146_0	42	4.8237	51.1
OGcluster_7147_1	22	6.0673	84.1
OGcluster_7148_1	27	6.2351	51.9
OGcluster_7149_1	31	8.6328	66.6
OGcluster_714_0	42	5.6563	79.6
OGcluster_714_1	20	8.2017	77.0
OGcluster_714_2	19	1.9447	71.4
OGcluster_7150_0	29	5.0853	87.3
OGcluster_7151_0	33	6.2595	80.3
OGcluster_7153_0	34	6.3119	64.5
OGcluster_7154_0	18	2.4849	69.7
OGcluster_7155_0	29	2.3672	74.8
OGcluster_7158_0	41	9.3070	57.3
OGcluster_7159_0	31	15.1108	57.2
OGcluster_7160_1	32	4.9383	85.1
OGcluster_7161_1	23	7.6174	48.0
OGcluster_7163_0	35	5.0314	75.8
OGcluster_7165_0	18	2.3265	77.3
OGcluster_7166_0	41	9.6940	65.2
OGcluster_7167_0	40	4.1397	63.5
OGcluster_7168_1	40	11.7958	74.6
OGcluster_7169_1	24	5.0293	75.0
OGcluster_7170_1	21	5.0830	82.4
OGcluster_7173_0	37	8.5411	63.0
OGcluster_7175_0	37	11.3224	70.4
OGcluster_7176_0	17	2.9724	89.5
OGcluster_7177_1	34	3.0552	73.0
OGcluster_7178_0	32	9.1195	60.0
OGcluster_7179_0	40	10.7178	71.4
OGcluster_717_0	26	0.6332	84.6
OGcluster_717_1	34	1.3177	85.5
OGcluster_7180_1	29	7.3164	57.2
OGcluster_7182_0	36	7.6195	66.0
OGcluster_7183_0	38	5.1145	72.9
OGcluster_7184_1	26	4.8957	83.1
OGcluster_7185_0	32	6.7939	60.9
OGcluster_7186_1	38	10.0237	63.4
OGcluster_7188_0	18	10.7953	60.2
OGcluster_7189_0	28	2.4695	67.2
OGcluster_718_0	22	1.4627	89.1
OGcluster_7190_1	33	4.5581	70.9
OGcluster_7194_1	39	4.9381	74.7
OGcluster_7198_0	23	8.0821	72.7
OGcluster_719_0	31	1.6843	56.3
OGcluster_7203_1	33	13.0117	55.4
OGcluster_7204_0	38	9.6273	59.3
OGcluster_7206_0	28	5.8123	74.7
OGcluster_7207_0	34	7.1453	72.7
OGcluster_7209_0	40	12.8004	74.7
OGcluster_7210_0	35	9.2726	84.9
OGcluster_7212_0	41	4.8636	70.5
OGcluster_7213_0	26	3.5223	72.2
OGcluster_7215_0	34	14.5196	74.8
OGcluster_7218_0	25	7.5303	73.1
OGcluster_7220_1	33	3.8657	76.7
OGcluster_7221_0	36	6.7397	64.2
OGcluster_7222_0	40	6.9977	56.8
OGcluster_7224_1	35	4.8354	64.0
OGcluster_7225_0	31	8.4947	81.8
OGcluster_7226_0	31	8.0156	76.0
OGcluster_7227_0	28	3.6896	73.0
OGcluster_7228_0	39	5.8152	71.4
OGcluster_7230_0	30	4.4980	83.0
OGcluster_7232_1	19	5.0311	65.5
OGcluster_7233_1	27	5.0878	77.8
OGcluster_7234_0	33	4.0356	64.9
OGcluster_7236_1	37	13.1087	59.8
OGcluster_7237_0	22	10.0915	74.8
OGcluster_7238_0	35	8.8190	68.0
OGcluster_7239_0	38	9.7749	58.5
OGcluster_7242_0	28	11.4196	55.6
OGcluster_7243_1	35	7.2391	70.3
OGcluster_7244_1	36	3.6537	68.8
OGcluster_7245_0	32	5.4139	69.3
OGcluster_7247_0	30	11.2941	81.1
OGcluster_7248_1	28	4.2274	75.6
OGcluster_7251_1	33	9.5183	53.4
OGcluster_7252_0	36	6.2764	60.3
OGcluster_7254_0	39	7.9143	61.6
OGcluster_7255_0	36	5.1991	65.5
OGcluster_7256_0	24	4.8294	68.5
OGcluster_7257_1	32	28.3992	88.5
OGcluster_7258_0	17	1.3419	91.0
OGcluster_7259_0	35	12.0168	58.2
OGcluster_7268_1	29	5.1749	54.2
OGcluster_7271_0	24	7.3086	62.8
OGcluster_7272_0	35	5.0198	76.4
OGcluster_7273_1	32	5.9306	77.3
OGcluster_7275_1	27	7.1792	66.8
OGcluster_7278_1	30	8.2360	79.9
OGcluster_7279_0	33	6.7421	58.9
OGcluster_727_0	32	8.1822	85.4
OGcluster_7281_0	33	10.1663	70.8
OGcluster_7284_0	20	2.1202	82.9
OGcluster_7285_0	31	2.7597	69.6
OGcluster_7288_0	38	3.9991	70.5
OGcluster_728_0	18	0.6114	89.1
OGcluster_7290_0	25	8.2709	55.6
OGcluster_7291_1	34	4.3742	66.1
OGcluster_7292_0	31	7.1745	78.5
OGcluster_7294_0	20	7.5827	82.4
OGcluster_7295_0	24	4.3024	76.6
OGcluster_7296_0	31	7.6042	68.2
OGcluster_7298_0	25	7.0941	53.5
OGcluster_7299_0	34	6.1162	60.0
OGcluster_729_0	26	5.5247	70.8
OGcluster_72_0	31	3.9295	80.2
OGcluster_72_1	19	1.7916	86.8
OGcluster_72_2	45	8.6928	83.5
OGcluster_72_3	23	2.1396	89.0
OGcluster_72_4	22	1.6637	80.4
OGcluster_72_5	22	0.9858	88.7
OGcluster_7303_0	19	6.2594	77.1
OGcluster_7304_0	22	2.1738	83.9
OGcluster_7305_1	34	7.6163	69.9
OGcluster_7307_0	24	2.3150	85.1
OGcluster_7308_1	29	11.1922	56.0
OGcluster_7310_1	31	5.5904	65.8
OGcluster_7311_1	34	5.5654	70.6
OGcluster_7312_1	38	8.3103	72.4
OGcluster_7314_0	17	5.3699	67.3
OGcluster_7316_1	36	4.4729	67.2
OGcluster_7318_0	24	3.2741	75.9
OGcluster_7320_1	23	7.4643	78.9
OGcluster_7322_1	19	3.6019	79.3
OGcluster_7324_1	24	9.5292	80.5
OGcluster_7325_1	31	10.1831	60.5
OGcluster_7326_1	37	15.8318	64.3
OGcluster_7329_0	30	7.7524	70.8
OGcluster_7330_0	27	5.3733	51.5
OGcluster_7331_0	18	6.7934	84.5
OGcluster_7332_1	29	17.2860	55.7
OGcluster_7333_0	39	6.4926	59.3
OGcluster_7335_1	37	7.7285	61.3
OGcluster_7336_0	33	4.8832	75.2
OGcluster_7337_0	30	16.8550	53.6
OGcluster_733_0	17	2.9163	79.9
OGcluster_733_1	18	3.3096	83.3
OGcluster_7342_0	30	5.4707	86.5
OGcluster_7346_1	27	8.1929	72.6
OGcluster_7347_1	24	7.0315	72.3
OGcluster_7348_0	33	6.9000	67.0
OGcluster_7350_0	22	5.1714	86.2
OGcluster_7351_0	24	2.4870	89.5
OGcluster_7353_0	17	2.4702	83.1
OGcluster_7354_0	25	8.5305	74.5
OGcluster_7356_0	27	5.5798	78.8
OGcluster_7358_1	32	5.3644	60.0
OGcluster_7359_0	17	13.3782	56.4
OGcluster_7360_0	31	4.3433	59.3
OGcluster_7361_0	30	8.2316	66.6
OGcluster_7362_0	20	5.2953	61.4
OGcluster_7363_0	35	7.5918	59.0
OGcluster_7365_1	22	8.6998	72.7
OGcluster_7367_0	19	1.2584	72.0
OGcluster_7368_0	19	8.2198	64.3
OGcluster_7370_1	33	12.5189	73.7
OGcluster_7372_0	24	7.9179	71.1
OGcluster_7373_1	24	7.8269	57.9
OGcluster_7377_1	32	8.0405	75.5
OGcluster_7379_0	33	6.8478	68.6
OGcluster_7384_0	37	8.1591	63.6
OGcluster_7387_0	18	5.3648	32.5
OGcluster_7388_0	26	7.2804	70.9
OGcluster_738_0	27	2.1205	80.9
OGcluster_7390_0	28	5.4415	68.6
OGcluster_7391_1	31	5.7933	70.2
OGcluster_7392_0	32	6.4999	65.6
OGcluster_7395_0	34	23.1182	70.7
OGcluster_7397_1	23	7.6560	57.9
OGcluster_73_0	23	1.8695	52.2
OGcluster_73_1	33	1.7764	47.3
OGcluster_73_2	17	0.2792	76.2
OGcluster_73_3	23	1.3520	54.3
OGcluster_7400_0	33	8.2014	53.7
OGcluster_7402_0	21	5.0838	65.1
OGcluster_7403_0	31	6.3127	78.6
OGcluster_7404_1	34	7.5317	59.3
OGcluster_7405_1	29	14.1002	70.8
OGcluster_7407_1	22	2.1666	67.3
OGcluster_7410_0	31	7.0831	79.6
OGcluster_7411_1	29	13.3955	54.7
OGcluster_7413_0	32	7.1688	76.7
OGcluster_7414_0	34	5.2889	71.8
OGcluster_7416_1	33	5.4325	57.1
OGcluster_7417_0	24	3.2431	89.8
OGcluster_7419_0	32	4.0588	65.4
OGcluster_741_0	19	0.5273	84.4
OGcluster_7422_0	26	5.6626	85.7
OGcluster_7426_1	27	2.7346	76.2
OGcluster_7427_1	24	3.9200	76.9
OGcluster_7428_1	30	9.8487	65.7
OGcluster_7429_0	22	3.2954	72.5
OGcluster_7433_0	25	11.5009	85.0
OGcluster_7435_1	32	10.1956	77.6
OGcluster_7436_0	28	6.3909	84.4
OGcluster_7439_0	35	5.5152	66.0
OGcluster_743_0	19	0.2490	84.0
OGcluster_7443_0	32	3.1816	65.7
OGcluster_7445_0	32	9.0980	79.0
OGcluster_7446_0	32	10.4263	67.1
OGcluster_7449_1	23	7.6689	45.4
OGcluster_744_0	18	5.4323	83.1
OGcluster_7453_1	32	7.1400	70.3
OGcluster_7458_0	32	7.8557	63.4
OGcluster_745_0	48	8.2968	68.2
OGcluster_7461_0	35	13.5193	87.3
OGcluster_7462_1	18	2.0966	68.8
OGcluster_7465_0	26	5.6430	81.6
OGcluster_7466_0	29	6.2256	85.4
OGcluster_7468_1	33	5.8517	52.4
OGcluster_746_0	17	1.7137	73.2
OGcluster_7470_1	22	13.4217	54.6
OGcluster_7471_0	35	4.7382	71.4
OGcluster_7472_0	28	3.6919	80.1
OGcluster_7473_1	22	7.1823	77.1
OGcluster_7474_0	22	9.2033	80.2
OGcluster_7475_0	22	2.5891	49.4
OGcluster_7476_0	36	2.9026	61.2
OGcluster_7479_1	19	2.4725	88.1
OGcluster_7481_0	28	5.8707	70.8
OGcluster_7485_1	26	6.3276	62.7
OGcluster_7486_0	31	8.4246	63.6
OGcluster_7488_0	34	3.0925	62.0
OGcluster_7490_1	25	7.1655	74.8
OGcluster_7491_0	23	7.6831	86.0
OGcluster_7493_0	33	3.7508	67.8
OGcluster_7494_0	25	2.6483	86.0
OGcluster_749_0	42	7.9938	73.2
OGcluster_7500_0	22	5.9137	69.1
OGcluster_7501_0	20	7.2713	63.7
OGcluster_7504_1	30	7.1403	75.6
OGcluster_750_0	47	12.4504	73.9
OGcluster_750_1	43	8.0465	69.6
OGcluster_7511_0	32	7.0267	74.4
OGcluster_7514_0	32	7.6042	67.8
OGcluster_7516_1	30	4.1935	68.8
OGcluster_7517_0	17	3.5495	49.2
OGcluster_7518_0	22	7.3957	61.3
OGcluster_7526_0	24	7.0672	80.0
OGcluster_7529_0	22	1.7981	89.1
OGcluster_752_0	22	1.0434	84.2
OGcluster_7530_0	19	4.6082	59.9
OGcluster_7534_0	25	6.3250	65.3
OGcluster_7537_0	20	2.5650	53.1
OGcluster_7540_1	29	15.7988	84.2
OGcluster_7541_0	32	4.3418	79.0
OGcluster_7542_1	27	5.4706	64.5
OGcluster_7547_0	27	5.2318	63.7
OGcluster_7548_0	29	10.5520	71.5
OGcluster_7549_0	31	3.6444	63.6
OGcluster_754_0	37	5.4552	73.3
OGcluster_754_1	25	1.7499	76.9
OGcluster_754_2	36	6.4267	74.0
OGcluster_754_3	22	2.3235	66.8
OGcluster_7551_0	34	6.7055	65.6
OGcluster_7552_0	26	4.3530	50.7
OGcluster_7554_0	31	8.0371	82.0
OGcluster_7555_0	26	5.6241	84.3
OGcluster_7556_1	17	2.3744	74.5
OGcluster_7557_0	18	4.8029	70.7
OGcluster_7561_1	25	5.6589	75.4
OGcluster_7564_0	28	3.7851	66.4
OGcluster_7565_1	28	4.4673	61.2
OGcluster_7567_0	26	7.5315	81.3
OGcluster_7568_0	31	8.1997	59.9
OGcluster_7569_0	17	5.1761	72.0
OGcluster_756_0	18	0.9260	89.5
OGcluster_7572_1	27	5.0231	84.7
OGcluster_7573_1	29	4.5794	68.5
OGcluster_7575_0	30	4.4710	69.7
OGcluster_7576_1	18	3.8348	80.9
OGcluster_7580_0	25	3.4811	89.8
OGcluster_7581_0	29	11.3044	62.9
OGcluster_7582_0	27	9.1986	88.1
OGcluster_7583_0	19	5.4024	81.4
OGcluster_7584_0	22	2.3132	73.8
OGcluster_7585_1	26	9.6982	48.0
OGcluster_7587_1	27	4.9771	77.3
OGcluster_7589_0	33	6.7681	66.3
OGcluster_7594_0	29	5.8964	79.1
OGcluster_7595_0	27	7.4200	73.2
OGcluster_7597_0	17	1.3785	46.5
OGcluster_7598_0	28	6.9500	66.6
OGcluster_7599_0	24	7.4893	85.7
OGcluster_75_0	17	0.8578	88.4
OGcluster_7603_1	28	2.8861	51.4
OGcluster_7607_1	30	3.5200	55.9
OGcluster_7608_0	24	3.5239	84.8
OGcluster_7609_1	28	9.5454	65.9
OGcluster_7610_1	25	6.9400	72.3
OGcluster_7613_0	31	7.6702	77.0
OGcluster_7614_0	24	2.1026	72.6
OGcluster_7617_0	24	2.7460	83.9
OGcluster_761_0	21	5.2081	72.2
OGcluster_7620_0	30	4.9859	65.9
OGcluster_7622_0	22	6.8041	80.4
OGcluster_7625_1	25	9.2623	49.3
OGcluster_7626_0	29	6.0619	79.2
OGcluster_7628_0	30	9.3602	67.5
OGcluster_7629_0	27	5.6273	78.4
OGcluster_7633_1	19	8.9863	88.4
OGcluster_7634_0	17	5.3361	67.3
OGcluster_7638_0	29	13.8367	59.0
OGcluster_7639_1	23	6.9496	52.8
OGcluster_763_0	43	5.3662	78.0
OGcluster_763_1	34	17.4481	71.4
OGcluster_7641_1	29	3.2764	66.6
OGcluster_7642_0	23	5.4254	71.8
OGcluster_7643_0	27	8.7879	85.0
OGcluster_7645_0	22	6.4273	65.3
OGcluster_7649_0	17	4.9740	81.0
OGcluster_7650_0	26	8.7320	64.6
OGcluster_7651_0	31	4.4587	70.3
OGcluster_7652_0	24	8.0991	67.5
OGcluster_7653_0	27	3.1070	62.3
OGcluster_7656_0	30	4.1008	59.3
OGcluster_7658_0	30	4.9867	74.9
OGcluster_765_0	18	0.7745	88.1
OGcluster_7663_0	23	4.8398	62.4
OGcluster_7666_1	27	6.4713	40.6
OGcluster_7667_0	25	5.0187	78.6
OGcluster_7668_0	25	6.9681	70.0
OGcluster_7672_1	28	14.7725	52.4
OGcluster_7673_1	17	4.8101	72.4
OGcluster_7674_0	23	5.3331	45.8
OGcluster_767_0	18	7.5881	67.7
OGcluster_7680_0	20	5.7166	64.9
OGcluster_7681_0	19	4.3987	86.9
OGcluster_7684_1	27	9.9069	61.3
OGcluster_7687_0	24	3.1255	87.7
OGcluster_7688_0	23	3.8085	88.0
OGcluster_7690_0	20	8.1448	58.4
OGcluster_7691_0	27	2.2176	63.2
OGcluster_7692_0	28	9.7900	80.6
OGcluster_7695_0	28	5.5889	79.9
OGcluster_76_0	20	1.0495	81.9
OGcluster_76_1	40	3.6767	73.8
OGcluster_76_2	34	3.1822	82.3
OGcluster_76_3	48	6.7991	73.8
OGcluster_76_4	26	1.0320	81.8
OGcluster_7700_1	25	6.9652	85.5
OGcluster_7709_0	26	6.3802	58.2
OGcluster_770_0	36	2.7611	79.5
OGcluster_7714_0	25	8.2744	54.8
OGcluster_7717_0	25	4.9534	67.7
OGcluster_7718_1	25	9.2504	55.4
OGcluster_7719_0	30	4.9308	62.0
OGcluster_771_0	47	8.0053	72.5
OGcluster_7722_1	21	2.5374	80.2
OGcluster_7725_1	20	2.1582	89.2
OGcluster_7730_0	25	5.9531	79.2
OGcluster_7732_1	24	5.7218	65.0
OGcluster_7742_0	24	7.7477	74.8
OGcluster_7744_0	26	5.2428	80.0
OGcluster_7748_1	28	3.3952	82.6
OGcluster_7749_0	23	5.8787	48.4
OGcluster_7753_0	26	4.3868	70.5
OGcluster_7755_1	25	4.4939	93.1
OGcluster_7756_0	25	7.6569	60.0
OGcluster_7758_0	24	15.8682	56.8
OGcluster_7761_0	24	3.7467	68.0
OGcluster_7763_1	25	7.7034	72.6
OGcluster_7767_0	28	10.9592	60.5
OGcluster_7768_1	28	8.1339	74.6
OGcluster_7771_0	27	14.2104	65.1
OGcluster_7773_0	22	2.4606	62.3
OGcluster_7776_0	29	4.4924	59.6
OGcluster_7783_0	24	3.0103	72.7
OGcluster_7785_0	25	4.1998	54.5
OGcluster_7786_1	24	13.0000	50.9
OGcluster_7787_0	26	10.8741	78.8
OGcluster_778_0	39	8.1668	73.5
OGcluster_7799_0	25	3.2202	61.8
OGcluster_7800_0	27	1.2308	55.5
OGcluster_7803_1	25	5.9318	72.4
OGcluster_7806_0	25	5.5713	62.1
OGcluster_7810_1	25	4.3678	52.4
OGcluster_7812_0	26	5.6610	71.4
OGcluster_7815_1	22	1.7867	94.1
OGcluster_781_1	17	2.0313	73.1
OGcluster_7828_0	25	4.9304	73.5
OGcluster_7829_0	24	3.4396	70.3
OGcluster_782_0	19	0.8270	94.8
OGcluster_7831_0	28	6.0106	72.4
OGcluster_7835_0	23	8.8642	77.3
OGcluster_783_0	36	9.1121	73.7
OGcluster_7844_0	21	6.4721	81.9
OGcluster_7846_0	25	5.9986	69.7
OGcluster_7847_0	27	6.2458	58.2
OGcluster_7849_1	25	3.1803	77.0
OGcluster_7866_0	23	3.4859	66.0
OGcluster_7869_0	26	1.6623	62.1
OGcluster_7874_0	20	4.6305	62.8
OGcluster_7878_0	24	8.3564	88.6
OGcluster_7881_0	23	5.1193	87.1
OGcluster_7883_0	23	5.0734	60.5
OGcluster_7884_0	25	10.3800	66.6
OGcluster_7888_0	24	4.5254	54.5
OGcluster_7889_0	23	2.4680	38.8
OGcluster_7890_1	24	4.7039	65.4
OGcluster_7894_0	22	5.7239	67.9
OGcluster_7897_0	24	4.1063	56.5
OGcluster_7898_1	24	5.2861	54.3
OGcluster_78_0	20	3.3217	83.9
OGcluster_78_1	19	2.1062	44.6
OGcluster_78_2	19	1.5631	66.1
OGcluster_7901_0	21	9.8082	64.0
OGcluster_7904_0	24	1.3413	69.3
OGcluster_7908_0	24	2.8517	38.4
OGcluster_791_0	32	3.5567	80.7
OGcluster_791_1	21	0.9364	79.2
OGcluster_791_2	20	0.6371	91.1
OGcluster_793_0	18	2.3899	78.7
OGcluster_794_0	17	0.2943	83.2
OGcluster_795_0	18	4.5849	83.5
OGcluster_795_1	17	2.1819	77.5
OGcluster_795_2	17	1.5871	75.5
OGcluster_795_3	23	4.3759	92.7
OGcluster_799_0	33	1.8705	78.1
OGcluster_7_0	29	2.0628	79.8
OGcluster_7_1	23	4.0267	81.4
OGcluster_801_0	42	4.3391	73.6
OGcluster_807_0	22	0.7631	86.5
OGcluster_808_0	31	4.7254	89.3
OGcluster_80_0	20	0.6963	86.9
OGcluster_80_1	46	10.6406	72.7
OGcluster_80_2	35	3.4805	87.8
OGcluster_80_3	20	0.9845	84.3
OGcluster_80_4	18	0.9638	90.3
OGcluster_811_0	23	1.9645	87.8
OGcluster_816_0	46	9.9052	66.9
OGcluster_816_1	23	0.7847	87.5
OGcluster_818_0	18	1.0731	85.7
OGcluster_819_0	48	10.6156	74.6
OGcluster_822_0	19	2.7847	78.7
OGcluster_824_0	17	1.2693	67.2
OGcluster_825_0	35	4.3906	90.5
OGcluster_828_0	17	0.9535	82.7
OGcluster_829_0	23	0.9111	80.2
OGcluster_82_0	25	0.9923	84.0
OGcluster_830_0	18	0.4285	61.6
OGcluster_831_0	33	4.6174	62.0
OGcluster_832_0	25	0.7392	84.5
OGcluster_837_0	30	2.4867	84.2
OGcluster_837_1	25	1.6609	85.7
OGcluster_83_0	21	0.3799	67.2
OGcluster_83_1	28	1.8564	56.8
OGcluster_83_2	23	5.2799	67.2
OGcluster_83_3	27	1.3730	57.3
OGcluster_83_4	24	1.1254	67.5
OGcluster_83_5	22	1.7844	52.9
OGcluster_840_0	23	0.7089	90.5
OGcluster_842_0	23	0.8088	85.3
OGcluster_845_0	17	1.1868	77.5
OGcluster_845_1	46	2.3925	71.7
OGcluster_848_0	47	5.3198	70.3
OGcluster_84_0	21	0.8268	85.9
OGcluster_84_1	21	0.9235	84.9
OGcluster_84_2	26	2.4262	85.7
OGcluster_84_3	22	0.7659	83.1
OGcluster_84_4	46	6.6985	69.5
OGcluster_84_5	23	5.0848	89.5
OGcluster_84_6	31	5.4416	74.9
OGcluster_851_0	40	4.2148	82.3
OGcluster_852_0	25	1.1856	86.3
OGcluster_853_0	24	1.2953	84.0
OGcluster_858_0	17	5.9515	96.1
OGcluster_859_0	37	3.7647	76.4
OGcluster_863_0	27	17.9056	53.8
OGcluster_864_0	40	13.1824	73.7
OGcluster_866_0	22	0.5685	81.1
OGcluster_867_0	44	6.7594	69.1
OGcluster_86_0	22	0.9782	88.9
OGcluster_86_1	25	1.1436	76.2
OGcluster_871_0	35	4.5232	73.6
OGcluster_872_0	17	1.3134	77.4
OGcluster_872_1	19	0.6499	79.9
OGcluster_876_0	20	4.1839	85.9
OGcluster_87_0	45	6.1473	76.5
OGcluster_87_1	17	2.9139	90.2
OGcluster_87_2	21	2.1170	61.9
OGcluster_87_3	33	7.0613	80.0
OGcluster_883_0	24	2.5700	69.5
OGcluster_887_0	17	1.1072	71.6
OGcluster_888_0	24	1.0482	87.5
OGcluster_888_1	23	0.4076	80.6
OGcluster_889_0	21	0.8278	92.2
OGcluster_88_0	21	1.2501	83.9
OGcluster_88_1	20	1.6270	86.5
OGcluster_88_2	48	8.6654	75.4
OGcluster_890_0	25	2.6012	84.7
OGcluster_892_0	18	6.3259	62.9
OGcluster_896_0	18	0.7118	92.8
OGcluster_897_0	24	1.1526	84.4
OGcluster_902_0	24	0.8871	66.4
OGcluster_906_0	25	0.8582	84.9
OGcluster_908_0	23	11.8889	57.4
OGcluster_909_0	21	0.4823	90.9
OGcluster_912_1	48	21.0228	72.6
OGcluster_915_0	20	21.3316	66.3
OGcluster_918_0	23	1.6342	82.8
OGcluster_91_0	19	6.0421	61.4
OGcluster_91_1	47	3.3813	70.5
OGcluster_920_0	34	2.9573	85.5
OGcluster_921_0	19	0.6701	63.3
OGcluster_922_0	37	3.1430	75.8
OGcluster_922_1	21	0.5954	86.2
OGcluster_924_0	20	1.2261	73.5
OGcluster_926_0	34	10.7962	73.1
OGcluster_927_0	18	0.7647	87.7
OGcluster_929_0	25	1.0081	82.5
OGcluster_930_1	48	14.0839	82.7
OGcluster_931_0	37	1.7272	77.4
OGcluster_931_1	27	3.9256	64.2
OGcluster_932_0	48	16.0393	73.2
OGcluster_936_1	38	8.9809	85.7
OGcluster_937_1	37	12.2610	77.9
OGcluster_938_0	22	1.1967	83.3
OGcluster_940_0	40	6.2724	74.4
OGcluster_940_1	20	2.3556	90.9
OGcluster_940_2	25	4.8883	88.4
OGcluster_944_0	17	10.0230	47.1
OGcluster_945_0	23	2.0795	67.5
OGcluster_947_0	26	5.6890	65.7
OGcluster_94_0	22	0.8066	83.7
OGcluster_94_1	22	2.0609	89.7
OGcluster_953_0	20	1.5969	68.5
OGcluster_955_0	19	1.5056	83.6
OGcluster_955_1	44	6.5167	81.8
OGcluster_956_0	29	1.8755	85.4
OGcluster_958_0	20	2.0431	72.2
OGcluster_959_0	26	0.7833	90.4
OGcluster_95_0	26	1.7889	65.8
OGcluster_95_1	36	13.8993	50.6
OGcluster_961_0	21	1.2470	86.9
OGcluster_968_0	25	1.0428	65.0
OGcluster_971_0	17	0.3918	84.4
OGcluster_972_0	49	7.5877	74.7
OGcluster_973_0	26	1.4104	69.8
OGcluster_97_0	45	5.8041	79.8
OGcluster_97_1	45	6.1010	74.8
OGcluster_97_2	47	4.0901	73.7
OGcluster_97_3	49	7.7847	71.3
OGcluster_981_0	28	2.1007	83.2
OGcluster_981_1	23	1.5307	83.0
OGcluster_982_1	37	11.9050	78.9
OGcluster_987_0	19	0.8722	88.9
OGcluster_989_0	22	3.4806	63.8
OGcluster_98_0	22	0.4417	86.8
OGcluster_98_1	45	7.8471	77.2
OGcluster_98_2	42	6.2368	74.8
OGcluster_98_3	47	13.2787	67.9
OGcluster_98_4	33	2.1513	75.4
OGcluster_994_0	37	6.3394	72.5
OGcluster_995_0	21	0.7349	83.8
OGcluster_995_1	23	1.1257	84.2
OGcluster_99_0	19	2.9442	64.7
OGcluster_99_1	18	0.3560	68.8
