locus	ensg_id	gene_symbol	alignment_length	gc_percent	variable_sites	parsimony_informative_sites	pct_informative_sites	gc3_bucket	resolution_bucket	rate_bucket	completeness_bucket
ENSG00000000003_TSPAN6	ENSG00000000003	TSPAN6	738	41.48	278	135	18.29	GC3		slow	80
ENSG00000000005_TNMD	ENSG00000000005	TNMD	954	41.91	295	136	14.26	GC3		slow	90
ENSG00000000457_SCYL3	ENSG00000000457	SCYL3	2232	50.13	1298	816	36.56	GC2	80	fast	90
ENSG00000000460_C1orf112	ENSG00000000460	C1orf112	2556	44.40	1480	871	34.08	GC3	80	slow	90
ENSG00000001036_FUCA2	ENSG00000001036	FUCA2	1398	49.84	799	533	38.13	GC2		fast	90
ENSG00000001084_GCLC	ENSG00000001084	GCLC	1914	47.40	775	462	24.14	GC2	70	slow	90
ENSG00000001167_NFYA	ENSG00000001167	NFYA	1044	54.06	274	156	14.94	GC2		slow	90
ENSG00000001460_STPG1	ENSG00000001460	STPG1	1005	48.48	603	390	38.81	GC2		fast	90
ENSG00000001461_NIPAL3	ENSG00000001461	NIPAL3	1221	53.80	457	281	23.01	GC1		slow	90
ENSG00000001497_LAS1L	ENSG00000001497	LAS1L	2217	52.23	1291	626	28.24	GC2	80	fast	80
ENSG00000001561_ENPP4	ENSG00000001561	ENPP4	1362	41.32	677	417	30.62	GC3	70	slow	90
ENSG00000001617_SEMA3F	ENSG00000001617	SEMA3F	2358	62.47	788	466	19.76		70	slow	80
ENSG00000001626_CFTR	ENSG00000001626	CFTR	4446	42.47	2117	1201	27.01	GC3	80	slow	90
ENSG00000001629_ANKIB1	ENSG00000001629	ANKIB1	3273	45.69	1239	628	19.19	GC3	90	slow	90
ENSG00000001630_CYP51A1	ENSG00000001630	CYP51A1	1524	44.70	661	340	22.31	GC3	70	slow	90
ENSG00000001631_KRIT1	ENSG00000001631	KRIT1	2211	38.76	686	345	15.60	GC3	70	slow	90
ENSG00000002016_RAD52	ENSG00000002016	RAD52	1269	52.10	771	490	38.61	GC2	70	fast	90
ENSG00000002549_LAP3	ENSG00000002549	LAP3	1560	52.58	722	454	29.10	GC2	70	fast	90
ENSG00000002587_HS3ST1	ENSG00000002587	HS3ST1	936	62.89	335	179	19.12			slow	70
ENSG00000002745_WNT16	ENSG00000002745	WNT16	1095	55.02	421	261	23.84	GC1		slow	90
ENSG00000002746_HECW1	ENSG00000002746	HECW1	4818	55.77	2133	1237	25.67	GC1	90	fast	90
ENSG00000002822_MAD1L1	ENSG00000002822	MAD1L1	2151	61.84	1043	587	27.29		80	fast	
ENSG00000002919_SNX11	ENSG00000002919	SNX11	813	54.63	404	218	26.81	GC2	70	slow	90
ENSG00000002933_TMEM176A	ENSG00000002933	TMEM176A	711	58.38	567	354	49.79	GC1		fast	
ENSG00000003056_M6PR	ENSG00000003056	M6PR	837	51.29	333	178	21.27	GC2		slow	90
ENSG00000003096_KLHL13	ENSG00000003096	KLHL13	1968	45.76	604	352	17.89	GC3	70	slow	90
ENSG00000003137_CYP26B1	ENSG00000003137	CYP26B1	1539	62.51	553	272	17.67			slow	90
ENSG00000003147_ICA1	ENSG00000003147	ICA1	1452	47.15	624	315	21.69	GC2	70	slow	90
ENSG00000003393_ALS2	ENSG00000003393	ALS2	4974	47.77	2103	1184	23.80	GC3	90	slow	90
ENSG00000003436_TFPI	ENSG00000003436	TFPI	915	39.20	669	396	43.28	GC3		fast	90
ENSG00000003509_NDUFAF7	ENSG00000003509	NDUFAF7	1329	47.68	738	452	34.01	GC3	70	slow	80
ENSG00000003756_RBM5	ENSG00000003756	RBM5	2448	50.40	741	408	16.67	GC2	70	slow	90
ENSG00000003987_MTMR7	ENSG00000003987	MTMR7	1983	49.19	844	504	25.42	GC2		slow	90
ENSG00000003989_SLC7A2	ENSG00000003989	SLC7A2	1974	49.55	1043	667	33.79	GC2		fast	90
ENSG00000004139_SARM1	ENSG00000004139	SARM1	2175	65.68	985	509	23.40			fast	80
ENSG00000004142_POLDIP2	ENSG00000004142	POLDIP2	1107	56.24	395	210	18.97	GC1		slow	90
ENSG00000004455_AK2	ENSG00000004455	AK2	720	53.66	285	174	24.17	GC1		slow	90
ENSG00000004468_CD38	ENSG00000004468	CD38	906	49.18	704	470	51.88	GC2		fast	70
ENSG00000004478_FKBP4	ENSG00000004478	FKBP4	1380	55.37	682	365	26.45	GC1	70	fast	90
ENSG00000004487_KDM1A	ENSG00000004487	KDM1A	2631	50.89	920	468	17.79	GC3		fast	90
ENSG00000004534_RBM6	ENSG00000004534	RBM6	3372	48.60	1434	756	22.42	GC3	70	slow	90
ENSG00000004660_CAMKK1	ENSG00000004660	CAMKK1	1518	58.35	623	325	21.41	GC1		fast	80
ENSG00000004700_RECQL	ENSG00000004700	RECQL	1950	40.35	898	496	25.44	GC3	80	fast	90
ENSG00000004766_CCDC132	ENSG00000004766	CCDC132	2895	39.92	910	499	17.24	GC3	70	slow	90
ENSG00000004799_PDK4	ENSG00000004799	PDK4	1239	44.55	557	319	25.75	GC3	70	slow	90
ENSG00000004809_SLC22A16	ENSG00000004809	SLC22A16	1734	48.34	971	594	34.26	GC2	80	fast	80
ENSG00000004838_ZMYND10	ENSG00000004838	ZMYND10	1323	58.55	565	297	22.45			fast	80
ENSG00000004846_ABCB5	ENSG00000004846	ABCB5	3774	41.05	2009	1026	27.19	GC3	80	fast	90
ENSG00000004864_SLC25A13	ENSG00000004864	SLC25A13	2028	47.33	754	438	21.60	GC3	70	slow	90
ENSG00000004866_ST7	ENSG00000004866	ST7	1665	46.97	592	340	20.42	GC2		fast	90
ENSG00000004897_CDC27	ENSG00000004897	CDC27	2478	40.18	604	260	10.49	GC3		slow	90
ENSG00000004939_SLC4A1	ENSG00000004939	SLC4A1	2754	59.08	1537	990	35.95		80	slow	80
ENSG00000004948_CALCR	ENSG00000004948	CALCR	1425	50.66	898	641	44.98	GC1	80	fast	90
ENSG00000004961_HCCS	ENSG00000004961	HCCS	819	51.62	399	263	32.11	GC2	70	slow	90
ENSG00000004975_DVL2	ENSG00000004975	DVL2	2211	61.75	773	435	19.67	GC1	70	slow	70
ENSG00000005001_PRSS22	ENSG00000005001	PRSS22	945	66.13	511	310	32.80		70	slow	
ENSG00000005020_SKAP2	ENSG00000005020	SKAP2	1080	42.81	388	209	19.35	GC3	70	slow	90
ENSG00000005022_SLC25A5	ENSG00000005022	SLC25A5	897	52.21	278	128	14.27	GC1		slow	
ENSG00000005059_CCDC109B	ENSG00000005059	CCDC109B	993	45.59	570	340	34.24	GC2		fast	80
ENSG00000005073_HOXA11	ENSG00000005073	HOXA11	939	62.29	230	58	6.18			slow	
ENSG00000005100_DHX33	ENSG00000005100	DHX33	2118	57.29	956	547	25.83	GC1	70	fast	90
ENSG00000005102_MEOX1	ENSG00000005102	MEOX1	765	64.07	357	188	24.58			fast	90
ENSG00000005108_THSD7A	ENSG00000005108	THSD7A	4788	51.71	1922	1168	24.39	GC2	80	slow	90
ENSG00000005156_LIG3	ENSG00000005156	LIG3	3030	53.72	1300	701	23.14	GC1	80	fast	90
ENSG00000005175_RPAP3	ENSG00000005175	RPAP3	1998	37.42	829	406	20.32	GC3	70	slow	90
ENSG00000005187_ACSM3	ENSG00000005187	ACSM3	1761	43.81	918	505	28.68	GC3	90	slow	90
ENSG00000005189_NONAME	ENSG00000005189	NONAME	2328	47.09	1363	664	28.52	GC2	80	fast	80
ENSG00000005194_CIAPIN1	ENSG00000005194	CIAPIN1	939	53.05	452	258	27.48	GC2		fast	90
ENSG00000005206_SPPL2B	ENSG00000005206	SPPL2B	1761	63.93	968	556	31.57		70	fast	80
ENSG00000005238_FAM214B	ENSG00000005238	FAM214B	1617	61.92	483	186	11.50	GC1		slow	80
ENSG00000005243_COPZ2	ENSG00000005243	COPZ2	621	53.36	252	145	23.35	GC1		fast	80
ENSG00000005249_PRKAR2B	ENSG00000005249	PRKAR2B	1257	48.18	594	254	20.21	GC2		fast	90
ENSG00000005339_CREBBP	ENSG00000005339	CREBBP	7326	57.75	2645	1543	21.06	GC1	80	slow	90
ENSG00000005379_BZRAP1	ENSG00000005379	BZRAP1	5559	64.92	3260	1749	31.46	GC1	80	fast	80
ENSG00000005381_MPO	ENSG00000005381	MPO	2226	62.14	1035	626	28.12		70	slow	80
ENSG00000005421_PON1	ENSG00000005421	PON1	1068	42.69	600	342	32.02	GC3		fast	90
ENSG00000005436_GCFC2	ENSG00000005436	GCFC2	2346	40.91	1463	770	32.82	GC3	80	fast	90
ENSG00000005448_WDR54	ENSG00000005448	WDR54	1005	58.60	480	222	22.09	GC1		fast	80
ENSG00000005469_CROT	ENSG00000005469	CROT	1839	41.40	990	583	31.70	GC3	80	slow	90
ENSG00000005483_KMT2E	ENSG00000005483	KMT2E	5574	44.82	2203	1145	20.54	GC3	80	slow	90
ENSG00000005486_RHBDD2	ENSG00000005486	RHBDD2	1095	61.14	504	281	25.66			fast	80
ENSG00000005700_IBTK	ENSG00000005700	IBTK	4062	39.84	1900	926	22.80	GC3	80	slow	90
ENSG00000005810_MYCBP2	ENSG00000005810	MYCBP2	13923	44.97	4674	2640	18.96	GC3	80	slow	90
ENSG00000005812_FBXL3	ENSG00000005812	FBXL3	1287	42.84	447	260	20.20	GC3		slow	90
ENSG00000005844_ITGAL	ENSG00000005844	ITGAL	3510	55.09	2180	1450	41.31	GC1	80	fast	90
ENSG00000005882_PDK2	ENSG00000005882	PDK2	1224	57.63	318	169	13.81			fast	80
ENSG00000005884_ITGA3	ENSG00000005884	ITGA3	3201	60.60	1562	836	26.12			slow	80
ENSG00000005893_LAMP2	ENSG00000005893	LAMP2	1236	42.79	777	502	40.61	GC3		slow	80
ENSG00000005961_ITGA2B	ENSG00000005961	ITGA2B	3117	60.86	1845	1005	32.24		80	fast	80
ENSG00000005981_ASB4	ENSG00000005981	ASB4	1281	49.59	454	247	19.28	GC2	70	slow	90
ENSG00000006016_CRLF1	ENSG00000006016	CRLF1	1149	64.30	393	216	18.80		70	slow	80
ENSG00000006025_OSBPL7	ENSG00000006025	OSBPL7	2529	61.16	1106	512	20.25			fast	90
ENSG00000006042_TMEM98	ENSG00000006042	TMEM98	681	56.75	214	134	19.68	GC1		slow	90
ENSG00000006062_MAP3K14	ENSG00000006062	MAP3K14	2847	60.88	1303	763	26.80	GC1	80	fast	90
ENSG00000006071_ABCC8	ENSG00000006071	ABCC8	4749	58.26	1668	905	19.06		70	fast	90
ENSG00000006118_TMEM132A	ENSG00000006118	TMEM132A	3075	67.81	1573	791	25.72		70	fast	80
ENSG00000006125_AP2B1	ENSG00000006125	AP2B1	2856	46.94	806	402	14.08	GC2	80	slow	90
ENSG00000006194_ZNF263	ENSG00000006194	ZNF263	2055	54.90	973	492	23.94	GC1	80	fast	80
ENSG00000006377_DLX6	ENSG00000006377	DLX6	723	57.50	288	177	24.48	GC1		fast	80
ENSG00000006432_MAP3K9	ENSG00000006432	MAP3K9	3309	60.12	1022	521	15.74	GC1	80	fast	80
ENSG00000006451_RALA	ENSG00000006451	RALA	621	45.12	163	112	18.04	GC2		slow	90
ENSG00000006453_BAIAP2L1	ENSG00000006453	BAIAP2L1	1515	47.09	828	552	36.44	GC2	80	fast	90
ENSG00000006459_KDM7A	ENSG00000006459	KDM7A	2637	44.80	1173	707	26.81	GC3	80	slow	90
ENSG00000006468_ETV1	ENSG00000006468	ETV1	1434	49.11	419	216	15.06	GC2		slow	90
ENSG00000006530_AGK	ENSG00000006530	AGK	1266	51.74	655	358	28.28	GC2		fast	90
ENSG00000006555_TTC22	ENSG00000006555	TTC22	1710	67.39	788	379	22.16			fast	80
ENSG00000006576_PHTF2	ENSG00000006576	PHTF2	2244	41.30	792	371	16.53	GC3		slow	90
ENSG00000006607_FARP2	ENSG00000006607	FARP2	3123	57.89	1778	1056	33.81	GC1		fast	70
ENSG00000006611_USH1C	ENSG00000006611	USH1C	2700	57.22	1091	586	21.70	GC1		slow	80
ENSG00000006634_DBF4	ENSG00000006634	DBF4	2037	35.91	1088	531	26.07	GC3	70	fast	80
ENSG00000006652_IFRD1	ENSG00000006652	IFRD1	1353	45.04	601	357	26.39	GC3		slow	90
ENSG00000006695_COX10	ENSG00000006695	COX10	1332	55.42	672	426	31.98	GC1		fast	90
ENSG00000006704_GTF2IRD1	ENSG00000006704	GTF2IRD1	2835	60.40	1329	597	21.06			slow	80
ENSG00000006712_PAF1	ENSG00000006712	PAF1	1596	54.27	564	314	19.67	GC1	70	slow	90
ENSG00000006715_VPS41	ENSG00000006715	VPS41	2565	44.05	800	477	18.60	GC2		slow	80
ENSG00000006740_ARHGAP44	ENSG00000006740	ARHGAP44	2439	58.12	1112	668	27.39	GC1	70	fast	90
ENSG00000006744_ELAC2	ENSG00000006744	ELAC2	2472	58.59	1461	862	34.87	GC1	90	fast	90
ENSG00000006788_MYH13	ENSG00000006788	MYH13	5817	53.75	2311	1193	20.51		70	slow	70
ENSG00000006831_ADIPOR2	ENSG00000006831	ADIPOR2	1161	49.41	422	254	21.88	GC2		fast	90
ENSG00000006837_CDKL3	ENSG00000006837	CDKL3	1779	37.36	974	461	25.91	GC3	70	fast	90
ENSG00000007047_MARK4	ENSG00000007047	MARK4	2259	63.30	910	348	15.41			fast	80
ENSG00000007062_PROM1	ENSG00000007062	PROM1	2598	44.35	1961	1408	54.20	GC2	80	fast	90
ENSG00000007168_PAFAH1B1	ENSG00000007168	PAFAH1B1	1233	43.74	267	130	10.54	GC3		slow	90
ENSG00000007171_NOS2	ENSG00000007171	NOS2	3453	58.04	1653	969	28.06		80	fast	90
ENSG00000007202_KIAA0100	ENSG00000007202	KIAA0100	6708	51.74	2970	1578	23.52	GC2	90	slow	90
ENSG00000007216_SLC13A2	ENSG00000007216	SLC13A2	1779	58.25	958	579	32.55			slow	70
ENSG00000007237_GAS7	ENSG00000007237	GAS7	1251	56.22	368	206	16.47	GC1		fast	70
ENSG00000007264_MATK	ENSG00000007264	MATK	1473	64.29	758	351	23.83		70	slow	
ENSG00000007314_SCN4A	ENSG00000007314	SCN4A	5469	57.95	2155	991	18.12		70	slow	80
ENSG00000007341_ST7L	ENSG00000007341	ST7L	1695	44.43	643	316	18.64	GC3		slow	90
ENSG00000007350_TKTL1	ENSG00000007350	TKTL1	1788	52.81	1114	727	40.66	GC2	70	fast	90
ENSG00000007376_RPUSD1	ENSG00000007376	RPUSD1	939	64.34	450	297	31.63			slow	80
ENSG00000007384_RHBDF1	ENSG00000007384	RHBDF1	2571	63.84	910	500	19.45		80	slow	80
ENSG00000007392_LUC7L	ENSG00000007392	LUC7L	1116	55.42	408	233	20.88	GC1		slow	80
ENSG00000007402_CACNA2D2	ENSG00000007402	CACNA2D2	3246	56.88	1029	463	14.26		80	fast	70
ENSG00000007516_BAIAP3	ENSG00000007516	BAIAP3	3465	63.63	2110	1027	29.64		80	fast	80
ENSG00000007520_TSR3	ENSG00000007520	TSR3	939	65.81	557	306	32.59		70	fast	80
ENSG00000007541_PIGQ	ENSG00000007541	PIGQ	1746	64.03	1001	519	29.73			fast	90
ENSG00000007545_CRAMP1L	ENSG00000007545	CRAMP1L	3678	63.37	2055	1271	34.56		80	fast	90
ENSG00000007866_TEAD3	ENSG00000007866	TEAD3	1407	60.32	401	185	13.15			slow	80
ENSG00000007908_SELE	ENSG00000007908	SELE	1839	52.74	1230	804	43.72	GC2	90	fast	80
ENSG00000007923_DNAJC11	ENSG00000007923	DNAJC11	1680	54.45	628	392	23.33	GC1	80	fast	90
ENSG00000007944_MYLIP	ENSG00000007944	MYLIP	1338	54.25	506	316	23.62	GC1		fast	90
ENSG00000007952_NOX1	ENSG00000007952	NOX1	1695	46.85	759	344	20.29	GC2	80	slow	70
ENSG00000007968_E2F2	ENSG00000007968	E2F2	1314	62.17	656	325	24.73		70	fast	80
ENSG00000008018_PSMB1	ENSG00000008018	PSMB1	726	51.48	313	203	27.96	GC2		fast	90
ENSG00000008056_SYN1	ENSG00000008056	SYN1	2121	62.96	633	325	15.32	GC1	70	slow	70
ENSG00000008086_CDKL5	ENSG00000008086	CDKL5	2844	47.97	1181	689	24.23	GC2	70	slow	90
ENSG00000008130_NADK	ENSG00000008130	NADK	1344	59.23	628	359	26.71		80	fast	70
ENSG00000008196_TFAP2B	ENSG00000008196	TFAP2B	1383	58.43	420	145	10.48	GC1		fast	90
ENSG00000008197_TFAP2D	ENSG00000008197	TFAP2D	1359	53.23	301	144	10.60	GC2		slow	90
ENSG00000008226_DLEC1	ENSG00000008226	DLEC1	5235	58.15	3505	1979	37.80	GC1		fast	80
ENSG00000008256_CYTH3	ENSG00000008256	CYTH3	1170	54.43	456	260	22.22			fast	80
ENSG00000008277_ADAM22	ENSG00000008277	ADAM22	2721	45.33	1128	534	19.63	GC3	80	slow	90
ENSG00000008282_SYPL1	ENSG00000008282	SYPL1	777	43.68	425	214	27.54	GC3		fast	90
ENSG00000008294_SPAG9	ENSG00000008294	SPAG9	3930	46.14	1445	724	18.42	GC3	80	slow	90
ENSG00000008311_AASS	ENSG00000008311	AASS	2781	45.90	1277	774	27.83	GC3	80	fast	90
ENSG00000008323_PLEKHG6	ENSG00000008323	PLEKHG6	2376	61.29	1425	825	34.72	GC1	80	fast	90
ENSG00000008405_CRY1	ENSG00000008405	CRY1	1764	45.73	668	305	17.29	GC3		slow	90
ENSG00000008441_NFIX	ENSG00000008441	NFIX	1506	60.55	346	155	10.29			slow	80
ENSG00000008513_ST3GAL1	ENSG00000008513	ST3GAL1	1023	58.17	508	312	30.50			fast	90
ENSG00000008710_PKD1	ENSG00000008710	PKD1	12762	65.90	7575	4529	35.49		90	fast	80
ENSG00000008853_RHOBTB2	ENSG00000008853	RHOBTB2	2184	59.34	718	317	14.51		70	fast	70
ENSG00000008869_HEATR5B	ENSG00000008869	HEATR5B	6213	45.53	2106	1257	20.23	GC3	90	slow	90
ENSG00000009307_CSDE1	ENSG00000009307	CSDE1	2442	42.98	584	275	11.26	GC3		slow	90
ENSG00000009335_UBE3C	ENSG00000009335	UBE3C	3252	48.16	1470	995	30.60	GC2	90	fast	90
ENSG00000009413_REV3L	ENSG00000009413	REV3L	9261	39.82	3801	1894	20.45	GC3	90	slow	90
ENSG00000009694_TENM1	ENSG00000009694	TENM1	8199	47.23	2519	1320	16.10	GC2	80	slow	80
ENSG00000009709_PAX7	ENSG00000009709	PAX7	1518	64.06	765	313	20.62			fast	90
ENSG00000009765_IYD	ENSG00000009765	IYD	870	49.77	547	367	42.18	GC2		fast	90
ENSG00000009780_FAM76A	ENSG00000009780	FAM76A	924	46.88	281	137	14.83	GC2		fast	90
ENSG00000009830_POMT2	ENSG00000009830	POMT2	2253	55.80	1062	534	23.70	GC1	70	slow	90
ENSG00000009844_VTA1	ENSG00000009844	VTA1	924	45.63	378	196	21.21	GC3		fast	90
ENSG00000009950_MLXIPL	ENSG00000009950	MLXIPL	2574	63.58	1425	681	26.46		80	fast	80
ENSG00000009954_BAZ1B	ENSG00000009954	BAZ1B	4353	47.94	1781	1047	24.05	GC2	70	slow	90
ENSG00000010017_RANBP9	ENSG00000010017	RANBP9	1680	43.64	533	254	15.12	GC3		slow	90
ENSG00000010072_SPRTN	ENSG00000010072	SPRTN	1470	49.11	972	679	46.19	GC2		fast	90
ENSG00000010219_DYRK4	ENSG00000010219	DYRK4	1566	48.83	863	471	30.08	GC1	70	fast	90
ENSG00000010256_UQCRC1	ENSG00000010256	UQCRC1	1443	60.15	685	396	27.44		70	fast	90
ENSG00000010270_STARD3NL	ENSG00000010270	STARD3NL	708	45.24	333	153	21.61	GC3		slow	90
ENSG00000010278_CD9	ENSG00000010278	CD9	681	51.43	339	209	30.69	GC1		fast	80
ENSG00000010282_HHATL	ENSG00000010282	HHATL	1515	59.28	595	277	18.28			fast	70
ENSG00000010292_NCAPD2	ENSG00000010292	NCAPD2	4203	54.22	2055	1239	29.48	GC1	90	fast	90
ENSG00000010310_GIPR	ENSG00000010310	GIPR	1401	62.26	836	402	28.69		70	slow	80
ENSG00000010318_PHF7	ENSG00000010318	PHF7	1152	48.84	604	302	26.22	GC2		fast	90
ENSG00000010319_SEMA3G	ENSG00000010319	SEMA3G	2337	64.27	1063	641	27.43		80	slow	80
ENSG00000010322_NISCH	ENSG00000010322	NISCH	4509	60.57	2049	1117	24.77		70	slow	90
ENSG00000010327_STAB1	ENSG00000010327	STAB1	7716	63.00	4232	2372	30.74		80	fast	90
ENSG00000010361_FUZ	ENSG00000010361	FUZ	1257	64.35	749	374	29.75			fast	90
ENSG00000010379_SLC6A13	ENSG00000010379	SLC6A13	1809	57.04	714	380	21.01		70	slow	80
ENSG00000010626_LRRC23	ENSG00000010626	LRRC23	1032	54.09	539	337	32.66	GC1	70	fast	90
ENSG00000010671_BTK	ENSG00000010671	BTK	1980	46.62	566	305	15.40	GC2	70	slow	90
ENSG00000010704_HFE	ENSG00000010704	HFE	1047	59.49	752	469	44.79			fast	80
ENSG00000010803_SCMH1	ENSG00000010803	SCMH1	1995	54.22	803	366	18.35	GC1		fast	90
ENSG00000010810_FYN	ENSG00000010810	FYN	1614	50.61	459	230	14.25	GC2		slow	90
ENSG00000010818_HIVEP2	ENSG00000010818	HIVEP2	7341	50.81	3061	1904	25.94	GC2	80	slow	90
ENSG00000010932_FMO1	ENSG00000010932	FMO1	1599	47.01	834	450	28.14	GC2	70	slow	90
ENSG00000011007_TCEB3	ENSG00000011007	TCEB3	2262	50.31	1121	674	29.80	GC2	80	fast	80
ENSG00000011009_LYPLA2	ENSG00000011009	LYPLA2	696	58.46	181	68	9.77	GC1		slow	70
ENSG00000011021_CLCN6	ENSG00000011021	CLCN6	2613	55.30	926	574	21.97	GC1		fast	90
ENSG00000011028_MRC2	ENSG00000011028	MRC2	4434	63.20	1925	847	19.10		80	fast	90
ENSG00000011083_SLC6A7	ENSG00000011083	SLC6A7	1911	60.19	685	309	16.17			slow	80
ENSG00000011105_TSPAN9	ENSG00000011105	TSPAN9	720	55.61	321	169	23.47			slow	80
ENSG00000011114_BTBD7	ENSG00000011114	BTBD7	3384	48.30	1289	726	21.45	GC3	70	slow	90
ENSG00000011132_APBA3	ENSG00000011132	APBA3	1737	65.63	1025	521	29.99			slow	
ENSG00000011143_MKS1	ENSG00000011143	MKS1	1680	56.17	727	377	22.44	GC1	70	slow	90
ENSG00000011198_ABHD5	ENSG00000011198	ABHD5	1050	46.81	433	246	23.43	GC3		slow	90
ENSG00000011243_AKAP8L	ENSG00000011243	AKAP8L	1941	58.45	764	454	23.39	GC1	80	slow	80
ENSG00000011258_MBTD1	ENSG00000011258	MBTD1	1890	42.99	432	220	11.64	GC3		slow	90
ENSG00000011260_UTP18	ENSG00000011260	UTP18	1668	46.69	820	466	27.94	GC3	80	slow	90
ENSG00000011275_RNF216	ENSG00000011275	RNF216	2772	49.31	1198	694	25.04	GC2	80	fast	90
ENSG00000011295_TTC19	ENSG00000011295	TTC19	1128	52.66	659	378	33.51	GC2	70	fast	90
ENSG00000011347_SYT7	ENSG00000011347	SYT7	1731	60.62	499	174	10.05			slow	80
ENSG00000011376_LARS2	ENSG00000011376	LARS2	2712	55.44	1303	804	29.65	GC1	70	fast	90
ENSG00000011405_PIK3C2A	ENSG00000011405	PIK3C2A	5067	40.31	2075	937	18.49	GC3	90	fast	90
ENSG00000011422_PLAUR	ENSG00000011422	PLAUR	1002	59.81	713	445	44.41	GC1		fast	90
ENSG00000011426_ANLN	ENSG00000011426	ANLN	3387	44.73	1872	1057	31.21	GC3	80	fast	90
ENSG00000011454_RABGAP1	ENSG00000011454	RABGAP1	3210	44.03	1036	557	17.35	GC3	70	slow	90
ENSG00000011465_DCN	ENSG00000011465	DCN	1080	46.47	518	305	28.24	GC2		slow	90
ENSG00000011478_QPCTL	ENSG00000011478	QPCTL	1152	64.37	623	329	28.56			fast	80
ENSG00000011523_CEP68	ENSG00000011523	CEP68	2277	60.41	1698	1146	50.33	GC1	80	fast	90
ENSG00000011566_MAP4K3	ENSG00000011566	MAP4K3	2685	41.81	894	485	18.06	GC3	80	fast	90
ENSG00000011677_GABRA3	ENSG00000011677	GABRA3	1479	48.20	475	265	17.92	GC2		slow	90
ENSG00000012048_BRCA1	ENSG00000012048	BRCA1	5610	42.73	3974	2256	40.21	GC3	90	fast	90
ENSG00000012061_ERCC1	ENSG00000012061	ERCC1	897	60.47	466	267	29.77	GC1		fast	90
ENSG00000012124_CD22	ENSG00000012124	CD22	2535	54.29	1766	1183	46.67	GC1	80	fast	70
ENSG00000012171_SEMA3B	ENSG00000012171	SEMA3B	2250	64.02	993	596	26.49		80	slow	70
ENSG00000012174_MBTPS2	ENSG00000012174	MBTPS2	1563	44.06	558	282	18.04	GC3	70	slow	90
ENSG00000012211_PRICKLE3	ENSG00000012211	PRICKLE3	1848	63.58	843	486	26.30	GC1	70	fast	80
ENSG00000012223_LTF	ENSG00000012223	LTF	2127	54.92	1429	974	45.79	GC1	70	fast	90
ENSG00000012232_EXTL3	ENSG00000012232	EXTL3	2760	53.64	1021	585	21.20	GC1	80	slow	90
ENSG00000012504_NR1H4	ENSG00000012504	NR1H4	1461	44.49	626	385	26.35	GC3		fast	90
ENSG00000012660_ELOVL5	ENSG00000012660	ELOVL5	897	48.81	351	212	23.63	GC2		slow	80
ENSG00000012779_ALOX5	ENSG00000012779	ALOX5	2025	55.31	859	463	22.86			fast	90
ENSG00000012822_CALCOCO1	ENSG00000012822	CALCOCO1	2076	58.94	893	444	21.39	GC1	80	fast	90
ENSG00000012983_MAP4K5	ENSG00000012983	MAP4K5	2541	41.09	812	362	14.25	GC3	70	slow	90
ENSG00000013016_EHD3	ENSG00000013016	EHD3	1608	58.58	582	323	20.09			fast	90
ENSG00000013275_PSMC4	ENSG00000013275	PSMC4	1257	55.19	362	220	17.50	GC1		fast	90
ENSG00000013293_SLC7A14	ENSG00000013293	SLC7A14	2316	54.10	761	435	18.78	GC1	70	slow	90
ENSG00000013297_CLDN11	ENSG00000013297	CLDN11	624	61.65	198	101	16.19			fast	90
ENSG00000013364_MVP	ENSG00000013364	MVP	2673	61.32	1317	730	27.31		70	fast	90
ENSG00000013374_NUB1	ENSG00000013374	NUB1	1848	45.49	828	489	26.46	GC3	80	fast	80
ENSG00000013375_PGM3	ENSG00000013375	PGM3	1629	44.96	801	483	29.65	GC3	80	slow	90
ENSG00000013392_RWDD2A	ENSG00000013392	RWDD2A	879	44.35	401	213	24.23	GC2	70	slow	90
ENSG00000013441_CLK1	ENSG00000013441	CLK1	1455	40.16	507	269	18.49	GC3		slow	90
ENSG00000013523_ANGEL1	ENSG00000013523	ANGEL1	2004	57.33	844	428	21.36	GC1	70	fast	90
ENSG00000013561_RNF14	ENSG00000013561	RNF14	1425	47.81	490	239	16.77	GC2		slow	70
ENSG00000013563_DNASE1L1	ENSG00000013563	DNASE1L1	909	60.29	538	313	34.43			fast	70
ENSG00000013573_DDX11	ENSG00000013573	DDX11	2724	57.28	1472	860	31.57	GC1	90	fast	90
ENSG00000013588_GPRC5A	ENSG00000013588	GPRC5A	1074	55.69	627	425	39.57		70	fast	90
ENSG00000013619_MAMLD1	ENSG00000013619	MAMLD1	2208	60.44	1567	1015	45.97	GC1	70	fast	90
ENSG00000013725_CD6	ENSG00000013725	CD6	2010	62.85	1269	829	41.24		70	fast	80
ENSG00000013810_TACC3	ENSG00000013810	TACC3	2385	59.98	1846	1304	54.68	GC1	70	fast	70
ENSG00000014123_UFL1	ENSG00000014123	UFL1	2385	40.95	1146	542	22.73	GC3	70	slow	90
ENSG00000014138_POLA2	ENSG00000014138	POLA2	1797	54.06	953	585	32.55	GC1	80	fast	90
ENSG00000014216_CAPN1	ENSG00000014216	CAPN1	2145	59.91	917	387	18.04			slow	80
ENSG00000014257_ACPP	ENSG00000014257	ACPP	1257	48.40	772	491	39.06	GC2	70	fast	90
ENSG00000014641_MDH1	ENSG00000014641	MDH1	1005	46.48	324	190	18.91	GC3		slow	90
ENSG00000014824_SLC30A9	ENSG00000014824	SLC30A9	1716	42.25	678	374	21.79	GC3	70	slow	90
ENSG00000014914_MTMR11	ENSG00000014914	MTMR11	2109	55.10	956	462	21.91	GC2	70	slow	80
ENSG00000014919_COX15	ENSG00000014919	COX15	1242	52.79	516	301	24.24	GC2		fast	90
ENSG00000015133_CCDC88C	ENSG00000015133	CCDC88C	6072	61.08	2912	1560	25.69		70	fast	70
ENSG00000015413_DPEP1	ENSG00000015413	DPEP1	1233	61.00	660	400	32.44			fast	80
ENSG00000015520_NPC1L1	ENSG00000015520	NPC1L1	3999	61.74	2380	1461	36.53		90	slow	70
ENSG00000015532_XYLT2	ENSG00000015532	XYLT2	2598	63.49	943	480	18.48		70	slow	80
ENSG00000016082_ISL1	ENSG00000016082	ISL1	1050	55.95	231	127	12.10	GC1		slow	90
ENSG00000016391_CHDH	ENSG00000016391	CHDH	1785	63.67	860	530	29.69		70	slow	90
ENSG00000016402_IL20RA	ENSG00000016402	IL20RA	1656	47.17	1265	771	46.56	GC2	90	fast	80
ENSG00000016490_CLCA1	ENSG00000016490	CLCA1	2736	45.21	1575	1025	37.46	GC3	80	fast	90
ENSG00000016864_GLT8D1	ENSG00000016864	GLT8D1	1116	44.64	488	276	24.73	GC3		slow	90
ENSG00000017260_ATP2C1	ENSG00000017260	ATP2C1	2850	43.46	899	476	16.70	GC3		slow	90
ENSG00000017483_SLC38A5	ENSG00000017483	SLC38A5	1419	55.03	724	367	25.86	GC1	70	fast	80
ENSG00000017797_RALBP1	ENSG00000017797	RALBP1	1968	48.78	741	493	25.05	GC2	70	slow	90
ENSG00000018189_RUFY3	ENSG00000018189	RUFY3	1863	46.21	795	411	22.06	GC2	70	slow	90
ENSG00000018236_CNTN1	ENSG00000018236	CNTN1	3057	44.88	1142	731	23.91	GC3	80	slow	90
ENSG00000018280_SLC11A1	ENSG00000018280	SLC11A1	1644	59.58	787	440	26.76			fast	90
ENSG00000018408_WWTR1	ENSG00000018408	WWTR1	1203	59.84	481	246	20.45	GC1	70	slow	80
ENSG00000018510_AGPS	ENSG00000018510	AGPS	1959	44.10	817	342	17.46	GC3	70	slow	90
ENSG00000018610_CXorf56	ENSG00000018610	CXorf56	669	50.66	218	100	14.95	GC1		slow	70
ENSG00000018625_ATP1A2	ENSG00000018625	ATP1A2	3063	58.55	852	486	15.87		70	slow	70
ENSG00000018699_TTC27	ENSG00000018699	TTC27	2532	45.19	1167	621	24.53	GC3	70	fast	80
ENSG00000019102_VSIG2	ENSG00000019102	VSIG2	984	58.69	557	305	31.00	GC1	70	fast	90
ENSG00000019144_PHLDB1	ENSG00000019144	PHLDB1	4146	63.56	2006	934	22.53		70	fast	80
ENSG00000019169_MARCO	ENSG00000019169	MARCO	1572	57.83	1128	788	50.13	GC2	80	fast	80
ENSG00000019186_CYP24A1	ENSG00000019186	CYP24A1	1545	53.28	779	454	29.39	GC1	70	slow	90
ENSG00000019505_SYT13	ENSG00000019505	SYT13	1281	62.74	540	289	22.56		70	fast	90
ENSG00000019549_SNAI2	ENSG00000019549	SNAI2	807	51.43	248	169	20.94	GC2		slow	80
ENSG00000019582_CD74	ENSG00000019582	CD74	888	59.60	478	283	31.87			fast	80
ENSG00000019991_HGF	ENSG00000019991	HGF	2187	43.47	712	331	15.13	GC3	70	slow	90
ENSG00000019995_ZRANB1	ENSG00000019995	ZRANB1	2127	47.26	769	463	21.77	GC3	70	slow	90
ENSG00000020129_NCDN	ENSG00000020129	NCDN	2190	63.55	665	341	15.57		70	slow	80
ENSG00000020181_GPR124	ENSG00000020181	GPR124	3990	65.83	1987	870	21.80			fast	80
ENSG00000020256_ZFP64	ENSG00000020256	ZFP64	2046	60.21	929	561	27.42		70	fast	90
ENSG00000020426_MNAT1	ENSG00000020426	MNAT1	930	41.67	315	151	16.24	GC3		fast	90
ENSG00000020577_SAMD4A	ENSG00000020577	SAMD4A	2154	56.19	544	281	13.05	GC1	70	slow	90
ENSG00000020922_MRE11A	ENSG00000020922	MRE11A	2127	42.34	990	602	28.30	GC3	80	slow	90
ENSG00000021300_PLEKHB1	ENSG00000021300	PLEKHB1	732	63.80	267	166	22.68			slow	90
ENSG00000021488_SLC7A9	ENSG00000021488	SLC7A9	1464	53.19	647	423	28.89	GC1		fast	90
ENSG00000021574_SPAST	ENSG00000021574	SPAST	1851	47.31	804	342	18.48	GC3	70	fast	90
ENSG00000021776_AQR	ENSG00000021776	AQR	4458	43.10	1686	952	21.35	GC3	80	slow	90
ENSG00000021826_CPS1	ENSG00000021826	CPS1	4503	47.60	1604	935	20.76	GC2	80	slow	90
ENSG00000021852_C8B	ENSG00000021852	C8B	1773	49.69	969	626	35.31	GC2	80	fast	90
ENSG00000022277_RTFDC1	ENSG00000022277	RTFDC1	921	51.74	399	242	26.28	GC2		fast	90
ENSG00000022355_GABRA1	ENSG00000022355	GABRA1	1371	45.22	391	218	15.90	GC3		slow	90
ENSG00000022567_SLC45A4	ENSG00000022567	SLC45A4	2316	65.00	1141	703	30.35		70	fast	90
ENSG00000023041_ZDHHC6	ENSG00000023041	ZDHHC6	1242	43.05	512	274	22.06	GC3		slow	90
ENSG00000023171_GRAMD1B	ENSG00000023171	GRAMD1B	2217	54.04	611	358	16.15	GC1		slow	
ENSG00000023191_RNH1	ENSG00000023191	RNH1	1371	64.76	935	511	37.27		80	fast	70
ENSG00000023228_NDUFS1	ENSG00000023228	NDUFS1	2184	45.27	852	422	19.32	GC3	80	slow	90
ENSG00000023287_RB1CC1	ENSG00000023287	RB1CC1	4782	41.15	2134	1318	27.56	GC3	80	fast	90
ENSG00000023330_ALAS1	ENSG00000023330	ALAS1	1923	54.32	755	448	23.30	GC1	70	fast	80
ENSG00000023445_BIRC3	ENSG00000023445	BIRC3	1815	45.22	1174	808	44.52	GC3	80	fast	90
ENSG00000023608_SNAPC1	ENSG00000023608	SNAPC1	1110	39.97	530	296	26.67	GC3	70	slow	90
ENSG00000023697_DERA	ENSG00000023697	DERA	957	47.34	400	220	22.99	GC3		fast	90
ENSG00000023734_STRAP	ENSG00000023734	STRAP	1053	43.42	282	141	13.39	GC3		slow	90
ENSG00000023892_DEF6	ENSG00000023892	DEF6	1896	61.81	770	354	18.67			slow	90
ENSG00000023909_GCLM	ENSG00000023909	GCLM	825	44.77	305	140	16.97	GC3		fast	90
ENSG00000024048_UBR2	ENSG00000024048	UBR2	5268	42.97	2243	1148	21.79	GC3	70	fast	90
ENSG00000024526_DEPDC1	ENSG00000024526	DEPDC1	2439	37.51	1246	596	24.44	GC3	80	fast	80
ENSG00000024862_CCDC28A	ENSG00000024862	CCDC28A	813	49.26	475	241	29.64	GC2		fast	80
ENSG00000025039_RRAGD	ENSG00000025039	RRAGD	1191	45.75	434	204	17.13	GC2	70	fast	90
ENSG00000025156_HSF2	ENSG00000025156	HSF2	1608	40.44	550	237	14.74	GC3		slow	90
ENSG00000025293_PHF20	ENSG00000025293	PHF20	3042	47.83	1243	592	19.46	GC2	70	slow	90
ENSG00000025423_HSD17B6	ENSG00000025423	HSD17B6	954	52.25	537	307	32.18	GC1	70	slow	80
ENSG00000025434_NR1H3	ENSG00000025434	NR1H3	1344	58.82	518	308	22.92	GC1		fast	90
ENSG00000025772_TOMM34	ENSG00000025772	TOMM34	930	54.20	471	297	31.94	GC1	70	fast	90
ENSG00000025796_SEC63	ENSG00000025796	SEC63	2283	40.98	875	367	16.08	GC3	70	slow	80
ENSG00000025800_KPNA6	ENSG00000025800	KPNA6	1611	49.75	482	230	14.28	GC2	70	slow	90
ENSG00000026025_VIM	ENSG00000026025	VIM	1401	56.74	468	256	18.27	GC1		fast	90
ENSG00000026103_FAS	ENSG00000026103	FAS	993	43.74	785	588	59.21	GC3	70	fast	70
ENSG00000026508_CD44	ENSG00000026508	CD44	2238	50.15	1486	920	41.11	GC2	90	fast	90
ENSG00000026559_KCNG1	ENSG00000026559	KCNG1	1545	65.43	500	270	17.48			slow	80
ENSG00000026751_SLAMF7	ENSG00000026751	SLAMF7	1020	48.10	821	601	58.92	GC2	80	fast	90
ENSG00000027001_MIPEP	ENSG00000027001	MIPEP	2142	49.32	1067	709	33.10	GC2	70	fast	90
ENSG00000027075_PRKCH	ENSG00000027075	PRKCH	2052	51.62	718	415	20.22	GC1	80	fast	90
ENSG00000027644_INSRR	ENSG00000027644	INSRR	3906	61.90	1925	920	23.55		80	fast	90
ENSG00000027697_IFNGR1	ENSG00000027697	IFNGR1	1437	43.54	1139	843	58.66	GC3	80	fast	90
ENSG00000027847_B4GALT7	ENSG00000027847	B4GALT7	984	61.68	352	206	20.93			slow	80
ENSG00000027869_SH2D2A	ENSG00000027869	SH2D2A	1173	64.45	850	513	43.73		70	fast	90
ENSG00000028116_VRK2	ENSG00000028116	VRK2	1530	41.21	920	556	36.34	GC3	80	slow	90
ENSG00000028137_TNFRSF1B	ENSG00000028137	TNFRSF1B	1392	62.87	1006	637	45.76		70	fast	80
ENSG00000028203_VEZT	ENSG00000028203	VEZT	2343	43.79	1083	567	24.20	GC3	70	fast	90
ENSG00000028310_BRD9	ENSG00000028310	BRD9	1758	56.07	1037	583	33.16	GC1		slow	70
ENSG00000028528_SNX1	ENSG00000028528	SNX1	1569	51.07	598	308	19.63	GC2		slow	90
ENSG00000029363_BCLAF1	ENSG00000029363	BCLAF1	2766	42.88	557	244	8.82	GC3		slow	90
ENSG00000029364_SLC39A9	ENSG00000029364	SLC39A9	924	50.97	419	207	22.40	GC2		slow	90
ENSG00000029534_ANK1	ENSG00000029534	ANK1	5640	58.19	2352	1355	24.02	GC1	80	fast	90
ENSG00000029559_IBSP	ENSG00000029559	IBSP	963	46.80	656	411	42.68	GC3		slow	90
ENSG00000029639_TFB1M	ENSG00000029639	TFB1M	1038	48.56	517	340	32.76	GC2		fast	90
ENSG00000029725_RABEP1	ENSG00000029725	RABEP1	2589	45.90	1091	692	26.73	GC2	70	fast	90
ENSG00000030066_NUP160	ENSG00000030066	NUP160	4278	46.52	1976	1103	25.78	GC3	80	fast	90
ENSG00000030110_BAK1	ENSG00000030110	BAK1	636	60.50	319	159	25.00	GC1	70	fast	70
ENSG00000030419_IKZF2	ENSG00000030419	IKZF2	1581	49.24	296	106	6.70	GC2		slow	90
ENSG00000030582_GRN	ENSG00000030582	GRN	1779	62.69	1081	628	35.30	GC1	70	fast	80
ENSG00000031003_FAM13B	ENSG00000031003	FAM13B	2751	40.44	875	318	11.56	GC3	70	slow	90
ENSG00000031081_ARHGAP31	ENSG00000031081	ARHGAP31	4335	55.15	2377	1395	32.18	GC2	80	fast	90
ENSG00000031691_CENPQ	ENSG00000031691	CENPQ	807	37.50	524	299	37.05	GC3		fast	90
ENSG00000031698_SARS	ENSG00000031698	SARS	1611	52.55	574	327	20.30	GC1	80	slow	80
ENSG00000032219_ARID4A	ENSG00000032219	ARID4A	3780	38.92	1368	650	17.20	GC3	80	slow	90
ENSG00000032389_TSSC1	ENSG00000032389	TSSC1	1164	57.20	488	325	27.92		70	fast	90
ENSG00000032444_PNPLA6	ENSG00000032444	PNPLA6	3981	63.28	1508	843	21.18		80	fast	80
ENSG00000032742_IFT88	ENSG00000032742	IFT88	2478	40.46	952	521	21.03	GC3		fast	90
ENSG00000033030_ZCCHC8	ENSG00000033030	ZCCHC8	2127	49.32	1067	618	29.06	GC2		fast	90
ENSG00000033122_LRRC7	ENSG00000033122	LRRC7	4614	45.73	1379	661	14.33	GC3		slow	90
ENSG00000033170_FUT8	ENSG00000033170	FUT8	1728	44.95	484	251	14.53	GC3	80	slow	90
ENSG00000033178_UBA6	ENSG00000033178	UBA6	3159	39.64	1261	668	21.15	GC3	80	slow	90
ENSG00000033327_GAB2	ENSG00000033327	GAB2	1995	57.08	679	309	15.49	GC1	70	slow	
ENSG00000033627_ATP6V0A1	ENSG00000033627	ATP6V0A1	2499	48.09	777	457	18.29	GC2	70	slow	90
ENSG00000033800_PIAS1	ENSG00000033800	PIAS1	1956	45.94	532	284	14.52	GC3		slow	90
ENSG00000033867_SLC4A7	ENSG00000033867	SLC4A7	3642	44.26	1411	762	20.92	GC3		slow	90
ENSG00000034053_APBA2	ENSG00000034053	APBA2	2253	61.18	1062	561	24.90			fast	90
ENSG00000034239_EFCAB1	ENSG00000034239	EFCAB1	639	40.65	283	187	29.26	GC3		fast	90
ENSG00000034533_ASTE1	ENSG00000034533	ASTE1	2043	48.56	1284	831	40.68	GC2	70	fast	90
ENSG00000034677_RNF19A	ENSG00000034677	RNF19A	2517	43.13	851	465	18.47	GC3	70	slow	90
ENSG00000034693_PEX3	ENSG00000034693	PEX3	1122	42.03	452	261	23.26	GC3		slow	90
ENSG00000034971_MYOC	ENSG00000034971	MYOC	1512	59.67	816	463	30.62		80	fast	80
ENSG00000035115_SH3YL1	ENSG00000035115	SH3YL1	1029	44.90	584	356	34.60	GC3		fast	90
ENSG00000035403_VCL	ENSG00000035403	VCL	3405	52.71	1005	545	16.01	GC2	70	slow	90
ENSG00000035499_DEPDC1B	ENSG00000035499	DEPDC1B	1590	44.50	707	372	23.40	GC3	70	slow	90
ENSG00000035664_DAPK2	ENSG00000035664	DAPK2	1104	54.00	452	293	26.54			fast	80
ENSG00000035681_NSMAF	ENSG00000035681	NSMAF	2715	47.06	1197	793	29.21	GC2	80	fast	90
ENSG00000035687_ADSS	ENSG00000035687	ADSS	1371	43.24	444	213	15.54	GC3		slow	80
ENSG00000035720_STAP1	ENSG00000035720	STAP1	894	41.13	473	241	26.96	GC3		fast	90
ENSG00000035862_TIMP2	ENSG00000035862	TIMP2	660	57.90	292	164	24.85			fast	90
ENSG00000035928_RFC1	ENSG00000035928	RFC1	3450	42.74	1653	891	25.83	GC3	80	fast	90
ENSG00000036054_TBC1D23	ENSG00000036054	TBC1D23	2058	41.35	666	314	15.26	GC3	70	slow	90
ENSG00000036257_CUL3	ENSG00000036257	CUL3	2241	39.74	477	261	11.65	GC3	70	slow	90
ENSG00000036448_MYOM2	ENSG00000036448	MYOM2	4398	53.45	2143	1476	33.56	GC1	70	fast	80
ENSG00000036473_OTC	ENSG00000036473	OTC	1065	44.87	446	213	20.00	GC3	70	slow	90
ENSG00000036549_ZZZ3	ENSG00000036549	ZZZ3	2712	41.91	740	323	11.91	GC3	80	slow	90
ENSG00000036565_SLC18A1	ENSG00000036565	SLC18A1	1578	52.87	852	479	30.35	GC2	70	fast	90
ENSG00000036672_USP2	ENSG00000036672	USP2	1821	57.19	673	353	19.38	GC1		slow	90
ENSG00000036828_CASR	ENSG00000036828	CASR	3237	54.54	1341	757	23.39	GC1	70	slow	90
ENSG00000037042_TUBG2	ENSG00000037042	TUBG2	1356	58.68	381	198	14.60			slow	90
ENSG00000037280_FLT4	ENSG00000037280	FLT4	4092	61.54	2087	1019	24.90		80	fast	80
ENSG00000037474_NSUN2	ENSG00000037474	NSUN2	2286	53.34	1163	864	37.80	GC1	70	fast	90
ENSG00000037637_FBXO42	ENSG00000037637	FBXO42	2154	54.25	747	455	21.12	GC2	70	slow	90
ENSG00000037749_MFAP3	ENSG00000037749	MFAP3	1089	46.44	497	269	24.70	GC3	70	slow	90
ENSG00000037757_MRI1	ENSG00000037757	MRI1	1089	66.33	561	302	27.73			slow	80
ENSG00000037897_METTL1	ENSG00000037897	METTL1	831	55.00	400	205	24.67	GC1		fast	90
ENSG00000038002_AGA	ENSG00000038002	AGA	1041	48.78	566	372	35.73	GC3		fast	90
ENSG00000038219_BOD1L1	ENSG00000038219	BOD1L1	9108	49.20	6092	3998	43.90	GC3	90	fast	80
ENSG00000038274_MAT2B	ENSG00000038274	MAT2B	1005	46.36	431	229	22.79	GC3		slow	90
ENSG00000038295_TLL1	ENSG00000038295	TLL1	3042	45.21	1191	650	21.37	GC3	70	slow	90
ENSG00000038358_EDC4	ENSG00000038358	EDC4	4206	59.05	1658	959	22.80	GC1	80	fast	90
ENSG00000039068_CDH1	ENSG00000039068	CDH1	2649	52.27	1433	952	35.94	GC2	80	fast	90
ENSG00000039123_SKIV2L2	ENSG00000039123	SKIV2L2	3129	40.84	1126	623	19.91	GC3	80	slow	90
ENSG00000039139_DNAH5	ENSG00000039139	DNAH5	13875	46.48	5565	2936	21.16	GC2	90	slow	
ENSG00000039319_ZFYVE16	ENSG00000039319	ZFYVE16	4641	38.23	2574	1214	26.16	GC3	90	slow	90
ENSG00000039523_FAM65A	ENSG00000039523	FAM65A	3615	59.99	1944	1054	29.16	GC1	80	slow	80
ENSG00000039537_C6	ENSG00000039537	C6	2805	45.63	1679	1063	37.90	GC3	80	fast	90
ENSG00000039560_RAI14	ENSG00000039560	RAI14	2943	48.18	1499	881	29.94	GC2	70	fast	90
ENSG00000039600_SOX30	ENSG00000039600	SOX30	2265	56.02	1199	601	26.53	GC2	70	fast	90
ENSG00000039650_PNKP	ENSG00000039650	PNKP	1566	62.79	849	486	31.03			fast	90
ENSG00000040199_PHLPP2	ENSG00000040199	PHLPP2	3960	49.33	1610	956	24.14	GC2	80	fast	90
ENSG00000040275_SPDL1	ENSG00000040275	SPDL1	1815	40.42	953	462	25.45	GC3	80	fast	80
ENSG00000040341_STAU2	ENSG00000040341	STAU2	1713	44.26	515	250	14.59	GC3		slow	90
ENSG00000040487_PQLC2	ENSG00000040487	PQLC2	876	60.87	435	236	26.94			fast	80
ENSG00000040531_CTNS	ENSG00000040531	CTNS	1167	50.96	589	365	31.28	GC1	70	slow	90
ENSG00000040731_CDH10	ENSG00000040731	CDH10	2367	45.34	771	442	18.67	GC3		fast	90
ENSG00000040933_INPP4A	ENSG00000040933	INPP4A	2934	55.92	1114	606	20.65	GC1		slow	90
ENSG00000041353_RAB27B	ENSG00000041353	RAB27B	657	45.81	236	146	22.22	GC3		slow	90
ENSG00000041802_LSG1	ENSG00000041802	LSG1	1980	48.34	1052	705	35.61	GC2	80	fast	90
ENSG00000041880_PARP3	ENSG00000041880	PARP3	1599	58.93	950	453	28.33		70	slow	70
ENSG00000041982_TNC	ENSG00000041982	TNC	6606	57.66	3202	1929	29.20	GC1	80	slow	90
ENSG00000041988_THAP3	ENSG00000041988	THAP3	720	62.73	472	261	36.25		70	fast	70
ENSG00000042062_FAM65C	ENSG00000042062	FAM65C	2841	62.43	1561	848	29.85		80	fast	80
ENSG00000042088_TDP1	ENSG00000042088	TDP1	1827	50.59	918	600	32.84	GC2		fast	90
ENSG00000042286_AIFM2	ENSG00000042286	AIFM2	1122	58.79	621	340	30.30		70	fast	90
ENSG00000042317_SPATA7	ENSG00000042317	SPATA7	1806	42.72	1295	822	45.51	GC3	80	fast	90
ENSG00000042429_MED17	ENSG00000042429	MED17	1956	46.83	634	394	20.14	GC2		slow	90
ENSG00000042445_RETSAT	ENSG00000042445	RETSAT	1830	57.47	1043	648	35.41	GC1	70	fast	90
ENSG00000042813_ZPBP	ENSG00000042813	ZPBP	1056	43.84	580	334	31.63	GC3	70	fast	90
ENSG00000042832_TG	ENSG00000042832	TG	8316	57.32	4921	2998	36.05	GC1	90	slow	
ENSG00000042980_ADAM28	ENSG00000042980	ADAM28	2334	44.39	1456	929	39.80	GC3	90	fast	90
ENSG00000043039_BARX2	ENSG00000043039	BARX2	840	60.06	383	225	26.79	GC1		fast	90
ENSG00000043143_JADE2	ENSG00000043143	JADE2	2484	60.93	948	531	21.38		70	slow	90
ENSG00000043355_ZIC2	ENSG00000043355	ZIC2	1590	67.65	444	192	12.08			slow	
ENSG00000043462_LCP2	ENSG00000043462	LCP2	1602	52.58	839	510	31.84	GC2	70	fast	90
ENSG00000043514_TRIT1	ENSG00000043514	TRIT1	1404	48.78	654	357	25.43	GC2	70	slow	90
ENSG00000044090_CUL7	ENSG00000044090	CUL7	5091	61.17	2401	1254	24.63		80	fast	80
ENSG00000044115_CTNNA1	ENSG00000044115	CTNNA1	2721	50.50	839	460	16.91	GC2	70	slow	90
ENSG00000044446_PHKA2	ENSG00000044446	PHKA2	3708	52.22	1494	849	22.90	GC1	70	fast	90
ENSG00000044459_CNTLN	ENSG00000044459	CNTLN	4221	40.07	2424	1118	26.49	GC3	70	slow	70
ENSG00000046604_DSG2	ENSG00000046604	DSG2	3360	46.50	2210	1519	45.21	GC3	80	fast	90
ENSG00000046647_GEMIN8	ENSG00000046647	GEMIN8	726	60.49	480	344	47.38	GC1	70	fast	80
ENSG00000046651_OFD1	ENSG00000046651	OFD1	3033	44.97	2242	1448	47.74	GC3	70	fast	90
ENSG00000046653_GPM6B	ENSG00000046653	GPM6B	987	52.41	318	192	19.45	GC1		slow	90
ENSG00000046889_PREX2	ENSG00000046889	PREX2	4821	44.79	1962	1064	22.07	GC3	80	slow	90
ENSG00000047056_WDR37	ENSG00000047056	WDR37	1488	51.82	617	420	28.23	GC2	70	fast	90
ENSG00000047188_YTHDC2	ENSG00000047188	YTHDC2	4293	42.48	1568	743	17.31	GC3	70	fast	90
ENSG00000047230_CTPS2	ENSG00000047230	CTPS2	1761	45.82	768	427	24.25	GC2		fast	90
ENSG00000047249_ATP6V1H	ENSG00000047249	ATP6V1H	1452	44.74	461	296	20.39	GC2	70	slow	90
ENSG00000047315_POLR2B	ENSG00000047315	POLR2B	3525	41.93	1041	608	17.25	GC3	70	slow	90
ENSG00000047346_FAM214A	ENSG00000047346	FAM214A	3234	39.97	1735	927	28.66	GC3	90	slow	90
ENSG00000047365_ARAP2	ENSG00000047365	ARAP2	5115	40.64	2514	1451	28.37	GC3	90	fast	90
ENSG00000047410_TPR	ENSG00000047410	TPR	7092	42.49	2423	1351	19.05	GC3	90	slow	90
ENSG00000047457_CP	ENSG00000047457	CP	3198	43.63	1738	1108	34.65	GC3	80	fast	90
ENSG00000047579_DTNBP1	ENSG00000047579	DTNBP1	1056	53.17	590	338	32.01	GC1		fast	80
ENSG00000047597_XK	ENSG00000047597	XK	1335	52.12	766	458	34.31	GC1	80	slow	90
ENSG00000047617_ANO2	ENSG00000047617	ANO2	3000	52.16	1225	713	23.77	GC1	70	slow	70
ENSG00000047621_C12orf4	ENSG00000047621	C12orf4	1659	42.54	712	389	23.45	GC3		slow	90
ENSG00000047648_ARHGAP6	ENSG00000047648	ARHGAP6	2382	55.21	1154	678	28.46	GC1	80	slow	90
ENSG00000047662_FAM184B	ENSG00000047662	FAM184B	3204	59.05	1912	1015	31.68		70	fast	90
ENSG00000047849_MAP4	ENSG00000047849	MAP4	3369	53.62	2106	1237	36.72	GC2	80	fast	80
ENSG00000047932_GOPC	ENSG00000047932	GOPC	1392	47.60	552	293	21.05	GC3		slow	90
ENSG00000047936_ROS1	ENSG00000047936	ROS1	7005	44.19	3979	2171	30.99	GC3	90	fast	90
ENSG00000048028_USP28	ENSG00000048028	USP28	3192	47.31	1406	805	25.22	GC2	80	fast	90
ENSG00000048052_HDAC9	ENSG00000048052	HDAC9	3207	50.37	1028	464	14.47	GC2	70	fast	90
ENSG00000048342_CC2D2A	ENSG00000048342	CC2D2A	4854	48.38	2520	1582	32.59	GC2	70	fast	90
ENSG00000048392_RRM2B	ENSG00000048392	RRM2B	1056	41.30	391	193	18.28	GC3		slow	90
ENSG00000048405_ZNF800	ENSG00000048405	ZNF800	1995	38.26	448	153	7.67	GC3		slow	90
ENSG00000048544_MRPS10	ENSG00000048544	MRPS10	606	42.46	277	147	24.26	GC3		fast	80
ENSG00000048649_RSF1	ENSG00000048649	RSF1	4323	43.77	1957	1017	23.53	GC3	80	slow	90
ENSG00000048707_VPS13D	ENSG00000048707	VPS13D	13170	48.92	5393	3190	24.22	GC2	80	slow	90
ENSG00000048740_CELF2	ENSG00000048740	CELF2	1491	53.87	308	172	11.54	GC1		fast	90
ENSG00000048828_FAM120A	ENSG00000048828	FAM120A	3126	55.55	1091	678	21.69	GC2	80	fast	90
ENSG00000048991_R3HDM1	ENSG00000048991	R3HDM1	3303	46.68	1146	512	15.50	GC3	70	slow	90
ENSG00000049089_COL9A2	ENSG00000049089	COL9A2	2067	68.16	956	559	27.04	GC2	80	fast	90
ENSG00000049130_KITLG	ENSG00000049130	KITLG	822	40.10	356	209	25.43	GC3	80	slow	90
ENSG00000049167_ERCC8	ENSG00000049167	ERCC8	1191	42.35	439	227	19.06	GC3		slow	90
ENSG00000049192_ADAMTS6	ENSG00000049192	ADAMTS6	3354	46.10	909	365	10.88	GC3	70	slow	90
ENSG00000049239_H6PD	ENSG00000049239	H6PD	2391	62.95	1172	687	28.73		70	slow	80
ENSG00000049249_TNFRSF9	ENSG00000049249	TNFRSF9	768	50.52	566	382	49.74	GC2		fast	90
ENSG00000049283_EPN3	ENSG00000049283	EPN3	1932	64.38	971	471	24.38		70	fast	70
ENSG00000049323_LTBP1	ENSG00000049323	LTBP1	4827	51.56	1913	1081	22.39	GC2	80	fast	80
ENSG00000049449_RCN1	ENSG00000049449	RCN1	969	51.25	323	170	17.54	GC1		fast	90
ENSG00000049541_RFC2	ENSG00000049541	RFC2	1059	54.21	471	277	26.16	GC1		fast	90
ENSG00000049618_ARID1B	ENSG00000049618	ARID1B	5334	58.46	1915	1172	21.97	GC1	80	fast	80
ENSG00000049759_NEDD4L	ENSG00000049759	NEDD4L	2925	49.78	976	655	22.39	GC2		fast	90
ENSG00000049768_FOXP3	ENSG00000049768	FOXP3	1296	62.22	586	283	21.84		70	fast	80
ENSG00000049769_PPP1R3F	ENSG00000049769	PPP1R3F	2388	64.74	1087	517	21.65	GC1	80	slow	70
ENSG00000049860_HEXB	ENSG00000049860	HEXB	1596	45.38	974	630	39.47	GC3	80	fast	70
ENSG00000049883_PTCD2	ENSG00000049883	PTCD2	1167	44.36	724	447	38.30	GC2	70	fast	90
ENSG00000050030_KIAA2022	ENSG00000050030	KIAA2022	4548	44.66	2160	1080	23.75	GC3	90	slow	80
ENSG00000050165_DKK3	ENSG00000050165	DKK3	1050	60.47	554	283	26.95		70	fast	90
ENSG00000050344_NFE2L3	ENSG00000050344	NFE2L3	2091	48.98	1511	840	40.17	GC3	80	fast	90
ENSG00000050405_LIMA1	ENSG00000050405	LIMA1	2283	49.13	1314	801	35.09	GC2	80	fast	90
ENSG00000050426_LETMD1	ENSG00000050426	LETMD1	1083	48.95	542	293	27.05	GC2	70	slow	90
ENSG00000050438_SLC4A8	ENSG00000050438	SLC4A8	3276	50.13	1208	703	21.46	GC2		slow	90
ENSG00000050555_LAMC3	ENSG00000050555	LAMC3	4641	65.02	2679	1363	29.37		70	fast	70
ENSG00000050730_TNIP3	ENSG00000050730	TNIP3	963	45.99	671	395	41.02	GC2	80	fast	90
ENSG00000050748_MAPK9	ENSG00000050748	MAPK9	1275	43.70	406	249	19.53	GC3		slow	90
ENSG00000050820_BCAR1	ENSG00000050820	BCAR1	2613	65.66	1088	642	24.57		70	fast	80
ENSG00000051009_FAM160A2	ENSG00000051009	FAM160A2	2961	60.66	1103	488	16.48	GC1	80	slow	70
ENSG00000051108_HERPUD1	ENSG00000051108	HERPUD1	1176	54.93	549	317	26.96	GC2		slow	90
ENSG00000051180_RAD51	ENSG00000051180	RAD51	1020	47.79	387	169	16.57	GC3		slow	80
ENSG00000051382_PIK3CB	ENSG00000051382	PIK3CB	3213	41.73	1081	591	18.39	GC3	90	slow	90
ENSG00000051620_HEBP2	ENSG00000051620	HEBP2	618	49.94	294	159	25.73	GC2		slow	70
ENSG00000051825_MPHOSPH9	ENSG00000051825	MPHOSPH9	3096	42.96	1714	966	31.20	GC3	80	fast	90
ENSG00000052126_PLEKHA5	ENSG00000052126	PLEKHA5	3375	45.46	1678	971	28.77	GC3	80	fast	90
ENSG00000052344_PRSS8	ENSG00000052344	PRSS8	1029	62.22	623	421	40.91			fast	80
ENSG00000052723_SIKE1	ENSG00000052723	SIKE1	624	48.83	245	124	19.87	GC2		slow	90
ENSG00000052749_RRP12	ENSG00000052749	RRP12	3888	59.48	1710	969	24.92		80	fast	90
ENSG00000052802_MSMO1	ENSG00000052802	MSMO1	882	37.76	395	219	24.83	GC3		slow	80
ENSG00000052841_TTC17	ENSG00000052841	TTC17	3597	47.39	1140	597	16.60	GC2	80	slow	90
ENSG00000053108_FSTL4	ENSG00000053108	FSTL4	2529	58.99	1266	736	29.10		80	fast	90
ENSG00000053328_METTL24	ENSG00000053328	METTL24	1071	53.63	557	298	27.82	GC2		fast	90
ENSG00000053501_USE1	ENSG00000053501	USE1	780	58.08	356	204	26.15			slow	70
ENSG00000053702_NRIP2	ENSG00000053702	NRIP2	840	63.40	488	294	35.00		70	fast	70
ENSG00000053770_AP5M1	ENSG00000053770	AP5M1	1473	39.45	635	333	22.61	GC3	70	slow	90
ENSG00000053900_ANAPC4	ENSG00000053900	ANAPC4	2427	41.64	864	540	22.25	GC3		fast	90
ENSG00000053918_KCNQ1	ENSG00000053918	KCNQ1	1899	62.40	828	413	21.75			fast	
ENSG00000054118_THRAP3	ENSG00000054118	THRAP3	2880	50.31	1012	538	18.68	GC2	80	fast	90
ENSG00000054267_ARID4B	ENSG00000054267	ARID4B	3933	41.34	1529	828	21.05	GC3	80	fast	90
ENSG00000054282_SDCCAG8	ENSG00000054282	SDCCAG8	2154	45.60	1326	693	32.17	GC2	70	fast	90
ENSG00000054356_PTPRN	ENSG00000054356	PTPRN	2940	62.23	1324	650	22.11	GC1	70	fast	90
ENSG00000054523_KIF1B	ENSG00000054523	KIF1B	5448	49.68	1804	979	17.97	GC2	70	slow	90
ENSG00000054611_TBC1D22A	ENSG00000054611	TBC1D22A	1554	58.74	627	379	24.39		70	fast	
ENSG00000054690_PLEKHH1	ENSG00000054690	PLEKHH1	4098	58.20	2125	1184	28.89	GC1	80	fast	90
ENSG00000054793_ATP9A	ENSG00000054793	ATP9A	3075	56.57	968	592	19.25		70	fast	80
ENSG00000054796_SPO11	ENSG00000054796	SPO11	1191	41.34	595	341	28.63	GC3		slow	90
ENSG00000054803_CBLN4	ENSG00000054803	CBLN4	606	54.34	217	115	18.98	GC1		slow	90
ENSG00000054938_CHRDL2	ENSG00000054938	CHRDL2	1290	60.58	533	262	20.31	GC1		slow	80
ENSG00000054965_FAM168A	ENSG00000054965	FAM168A	735	58.77	188	85	11.56	GC1		slow	90
ENSG00000054967_RELT	ENSG00000054967	RELT	1293	65.17	710	384	29.70	GC1	80	fast	80
ENSG00000054983_GALC	ENSG00000054983	GALC	2058	47.54	1125	690	33.53	GC2	70	fast	90
ENSG00000055044_NOP58	ENSG00000055044	NOP58	1593	40.59	565	331	20.78	GC3	70	slow	90
ENSG00000055130_CUL1	ENSG00000055130	CUL1	2331	45.97	753	544	23.34	GC2	70	fast	90
ENSG00000055147_FAM114A2	ENSG00000055147	FAM114A2	1515	44.47	804	396	26.14	GC3	80	slow	80
ENSG00000055163_CYFIP2	ENSG00000055163	CYFIP2	3762	54.28	1358	607	16.14			slow	90
ENSG00000055208_TAB2	ENSG00000055208	TAB2	2082	44.76	618	310	14.89	GC3		slow	90
ENSG00000055211_GINM1	ENSG00000055211	GINM1	993	43.23	591	292	29.41	GC3		fast	80
ENSG00000055332_EIF2AK2	ENSG00000055332	EIF2AK2	1623	38.83	1184	823	50.71	GC3	80	fast	80
ENSG00000055483_USP36	ENSG00000055483	USP36	3372	60.71	2057	1402	41.58	GC1	80	fast	80
ENSG00000055732_MCOLN3	ENSG00000055732	MCOLN3	1662	41.19	816	476	28.64	GC3	80	slow	90
ENSG00000055813_CCDC85A	ENSG00000055813	CCDC85A	1641	62.45	569	261	15.90			fast	80
ENSG00000055917_PUM2	ENSG00000055917	PUM2	3195	45.93	798	353	11.05	GC3	70	slow	90
ENSG00000055950_MRPL43	ENSG00000055950	MRPL43	771	64.69	406	225	29.18			fast	80
ENSG00000055955_ITIH4	ENSG00000055955	ITIH4	2778	57.12	1690	1101	39.63	GC1	70	slow	70
ENSG00000055957_ITIH1	ENSG00000055957	ITIH1	2733	56.58	1542	919	33.63		80	fast	90
ENSG00000056050_C4orf27	ENSG00000056050	C4orf27	1041	42.03	511	266	25.55	GC3		slow	90
ENSG00000056097_ZFR	ENSG00000056097	ZFR	3225	46.55	964	407	12.62	GC3	70	slow	90
ENSG00000056277_ZNF280C	ENSG00000056277	ZNF280C	2223	38.77	1475	827	37.20	GC3	80	fast	90
ENSG00000056291_NPFFR2	ENSG00000056291	NPFFR2	1269	43.86	763	439	34.59	GC2	70	fast	90
ENSG00000056558_TRAF1	ENSG00000056558	TRAF1	1248	61.02	659	333	26.68		70	slow	90
ENSG00000056736_IL17RB	ENSG00000056736	IL17RB	1503	50.94	956	608	40.45	GC2	70	fast	90
ENSG00000056972_TRAF3IP2	ENSG00000056972	TRAF3IP2	1713	54.07	976	539	31.47	GC2	70	fast	90
ENSG00000057019_DCBLD2	ENSG00000057019	DCBLD2	2238	48.42	985	585	26.14	GC3	80	slow	90
ENSG00000057252_SOAT1	ENSG00000057252	SOAT1	1653	43.67	779	463	28.01	GC2	80	slow	80
ENSG00000057468_MSH4	ENSG00000057468	MSH4	2802	38.26	1374	630	22.48	GC3	70	slow	90
ENSG00000057608_GDI2	ENSG00000057608	GDI2	1338	44.48	509	295	22.05	GC2		fast	90
ENSG00000057657_PRDM1	ENSG00000057657	PRDM1	2478	55.47	1121	649	26.19	GC1	80	slow	90
ENSG00000057663_ATG5	ENSG00000057663	ATG5	828	40.11	244	107	12.92	GC3		slow	90
ENSG00000057704_TMCC3	ENSG00000057704	TMCC3	1434	55.30	627	405	28.24		70	fast	90
ENSG00000057757_PITHD1	ENSG00000057757	PITHD1	636	51.18	192	82	12.89	GC2		slow	80
ENSG00000058056_USP13	ENSG00000058056	USP13	2580	49.08	884	469	18.18	GC2		slow	90
ENSG00000058063_ATP11B	ENSG00000058063	ATP11B	3507	39.48	1378	669	19.08	GC3	80	fast	90
ENSG00000058085_LAMC2	ENSG00000058085	LAMC2	3576	54.96	1857	1059	29.61	GC2	80	fast	80
ENSG00000058091_CDK14	ENSG00000058091	CDK14	1410	46.39	400	156	11.06	GC2		fast	80
ENSG00000058262_SEC61A1	ENSG00000058262	SEC61A1	1431	53.90	439	283	19.78	GC1	70	fast	90
ENSG00000058272_PPP1R12A	ENSG00000058272	PPP1R12A	3093	42.36	1115	482	15.58	GC3		slow	90
ENSG00000058335_RASGRF1	ENSG00000058335	RASGRF1	3774	56.50	1272	627	16.61			fast	80
ENSG00000058404_CAMK2B	ENSG00000058404	CAMK2B	1938	60.50	741	348	17.96			fast	70
ENSG00000058600_POLR3E	ENSG00000058600	POLR3E	2130	58.56	833	405	19.01			fast	90
ENSG00000058668_ATP2B4	ENSG00000058668	ATP2B4	3699	53.26	1454	810	21.90	GC1	80	fast	80
ENSG00000058673_ZC3H11A	ENSG00000058673	ZC3H11A	2451	47.17	1256	672	27.42	GC3	80	slow	80
ENSG00000058729_RIOK2	ENSG00000058729	RIOK2	1659	41.32	852	495	29.84	GC3		slow	90
ENSG00000058799_YIPF1	ENSG00000058799	YIPF1	921	47.58	391	212	23.02	GC2	70	slow	90
ENSG00000058804_NDC1	ENSG00000058804	NDC1	2025	43.86	1024	502	24.79	GC3		fast	90
ENSG00000058866_DGKG	ENSG00000058866	DGKG	2376	52.38	1000	538	22.64	GC1	70	fast	90
ENSG00000059378_PARP12	ENSG00000059378	PARP12	2028	53.49	1206	758	37.38	GC1		fast	90
ENSG00000059573_ALDH18A1	ENSG00000059573	ALDH18A1	2388	52.73	853	546	22.86	GC2	70	slow	90
ENSG00000059588_TARBP1	ENSG00000059588	TARBP1	4788	47.82	2787	1657	34.61	GC2	90	fast	90
ENSG00000059691_GATB	ENSG00000059691	GATB	1674	53.56	863	532	31.78	GC1	80	fast	90
ENSG00000059728_MXD1	ENSG00000059728	MXD1	666	53.63	281	140	21.02	GC1		slow	90
ENSG00000059758_CDK17	ENSG00000059758	CDK17	1572	41.53	450	229	14.57	GC3		slow	90
ENSG00000059915_PSD	ENSG00000059915	PSD	3081	63.10	1311	579	18.79	GC1	70	fast	90
ENSG00000060138_YBX3	ENSG00000060138	YBX3	1080	59.91	636	250	23.15	GC2		fast	90
ENSG00000060140_STYK1	ENSG00000060140	STYK1	1284	52.13	755	466	36.29	GC2	80	fast	90
ENSG00000060237_WNK1	ENSG00000060237	WNK1	7155	51.08	3467	2121	29.64	GC3	90	slow	90
ENSG00000060339_CCAR1	ENSG00000060339	CCAR1	3453	42.21	1032	461	13.35	GC3	70	slow	90
ENSG00000060491_OGFR	ENSG00000060491	OGFR	1572	65.51	1214	724	46.06		70	fast	70
ENSG00000060642_PIGV	ENSG00000060642	PIGV	1482	53.23	775	440	29.69	GC2	70	fast	80
ENSG00000060688_SNRNP40	ENSG00000060688	SNRNP40	1077	50.21	322	187	17.36	GC2		slow	90
ENSG00000060718_COL11A1	ENSG00000060718	COL11A1	5433	52.88	1806	933	17.17	GC3	80	slow	80
ENSG00000061273_HDAC7	ENSG00000061273	HDAC7	2958	64.47	1288	630	21.30		80	slow	70
ENSG00000061337_LZTS1	ENSG00000061337	LZTS1	1794	61.82	762	452	25.20		70	fast	90
ENSG00000061455_PRDM6	ENSG00000061455	PRDM6	1743	61.06	839	493	28.28			fast	90
ENSG00000061492_WNT8A	ENSG00000061492	WNT8A	1059	53.85	496	289	27.29	GC1		slow	90
ENSG00000061656_SPAG4	ENSG00000061656	SPAG4	1323	59.87	780	391	29.55	GC1	70	fast	90
ENSG00000061676_NCKAP1	ENSG00000061676	NCKAP1	3306	39.50	950	435	13.16	GC3	70	slow	90
ENSG00000061794_MRPS35	ENSG00000061794	MRPS35	972	43.83	552	340	34.98	GC3		fast	90
ENSG00000061918_GUCY1B3	ENSG00000061918	GUCY1B3	1860	45.22	717	428	23.01	GC2		slow	90
ENSG00000061936_SFSWAP	ENSG00000061936	SFSWAP	2838	57.45	1267	875	30.83	GC1	80	fast	90
ENSG00000061938_TNK2	ENSG00000061938	TNK2	3090	64.54	1230	614	19.87			slow	70
ENSG00000061987_MON2	ENSG00000061987	MON2	5160	42.33	1836	913	17.69	GC3	80	slow	90
ENSG00000062038_CDH3	ENSG00000062038	CDH3	2487	56.86	1257	685	27.54	GC1	70	fast	90
ENSG00000062194_GPBP1	ENSG00000062194	GPBP1	1422	40.76	424	162	11.39	GC3		slow	90
ENSG00000062282_DGAT2	ENSG00000062282	DGAT2	1164	57.60	476	259	22.25			fast	90
ENSG00000062598_ELMO2	ENSG00000062598	ELMO2	2163	52.97	579	326	15.07	GC1		slow	90
ENSG00000062650_WAPAL	ENSG00000062650	WAPAL	3675	41.59	1263	568	15.46	GC3	90	slow	90
ENSG00000062716_VMP1	ENSG00000062716	VMP1	1221	43.64	406	177	14.50	GC3		slow	90
ENSG00000062725_APPBP2	ENSG00000062725	APPBP2	1758	41.67	452	211	12.00	GC3		slow	90
ENSG00000062822_POLD1	ENSG00000062822	POLD1	3324	64.74	1477	647	19.46		70	fast	70
ENSG00000063015_SEZ6	ENSG00000063015	SEZ6	2985	61.11	1263	680	22.78	GC1	70	fast	90
ENSG00000063046_EIF4B	ENSG00000063046	EIF4B	1836	51.49	526	289	15.74	GC3		slow	80
ENSG00000063176_SPHK2	ENSG00000063176	SPHK2	1965	66.72	1058	576	29.31			fast	80
ENSG00000063180_CA11	ENSG00000063180	CA11	987	61.29	271	108	10.94	GC1		slow	
ENSG00000063245_EPN1	ENSG00000063245	EPN1	1731	66.83	757	372	21.49		70	fast	70
ENSG00000063322_MED29	ENSG00000063322	MED29	663	59.36	267	166	25.04	GC1		slow	70
ENSG00000063601_MTMR1	ENSG00000063601	MTMR1	1977	48.14	798	495	25.04	GC2	80	fast	90
ENSG00000063761_ADCK1	ENSG00000063761	ADCK1	1572	57.44	684	345	21.95		70	slow	80
ENSG00000063854_HAGH	ENSG00000063854	HAGH	930	59.89	519	257	27.63			fast	80
ENSG00000064012_CASP8	ENSG00000064012	CASP8	1440	45.18	969	653	45.35	GC2	70	fast	90
ENSG00000064042_LIMCH1	ENSG00000064042	LIMCH1	4773	50.86	2349	1118	23.42	GC2	70	fast	80
ENSG00000064102_ASUN	ENSG00000064102	ASUN	2121	41.58	879	435	20.51	GC3		slow	90
ENSG00000064115_TM7SF3	ENSG00000064115	TM7SF3	1713	47.22	895	531	31.00	GC2	80	fast	90
ENSG00000064205_WISP2	ENSG00000064205	WISP2	753	68.41	455	222	29.48			fast	80
ENSG00000064225_ST3GAL6	ENSG00000064225	ST3GAL6	996	40.06	530	295	29.62	GC3		fast	90
ENSG00000064270_ATP2C2	ENSG00000064270	ATP2C2	2835	55.95	1356	842	29.70		70	fast	80
ENSG00000064300_NGFR	ENSG00000064300	NGFR	1284	65.89	520	257	20.02			fast	80
ENSG00000064309_CDON	ENSG00000064309	CDON	3795	49.68	2075	1285	33.86	GC2	80	fast	90
ENSG00000064313_TAF2	ENSG00000064313	TAF2	3600	42.07	1303	784	21.78	GC3	70	slow	90
ENSG00000064393_HIPK2	ENSG00000064393	HIPK2	3582	58.17	1535	760	21.22			fast	90
ENSG00000064419_TNPO3	ENSG00000064419	TNPO3	2820	46.85	930	469	16.63	GC3		slow	80
ENSG00000064490_RFXANK	ENSG00000064490	RFXANK	783	60.67	317	193	24.65	GC1		fast	80
ENSG00000064545_TMEM161A	ENSG00000064545	TMEM161A	1440	63.77	766	374	25.97		80	fast	70
ENSG00000064547_LPAR2	ENSG00000064547	LPAR2	1056	62.17	392	212	20.08		70	slow	70
ENSG00000064601_CTSA	ENSG00000064601	CTSA	1485	57.34	735	442	29.76		80	slow	90
ENSG00000064607_SUGP2	ENSG00000064607	SUGP2	3252	52.94	1693	996	30.63	GC2	90	fast	80
ENSG00000064651_SLC12A2	ENSG00000064651	SLC12A2	3597	45.37	1264	665	18.49	GC3	80	slow	80
ENSG00000064655_EYA2	ENSG00000064655	EYA2	1617	57.06	632	351	21.71	GC1		fast	90
ENSG00000064692_SNCAIP	ENSG00000064692	SNCAIP	2907	51.27	1441	915	31.48	GC2	80	fast	90
ENSG00000064703_DDX20	ENSG00000064703	DDX20	2475	47.15	1253	689	27.84	GC3	70	fast	90
ENSG00000064763_FAR2	ENSG00000064763	FAR2	1548	47.89	807	482	31.14	GC2		fast	90
ENSG00000064787_BCAS1	ENSG00000064787	BCAS1	1887	55.04	1277	762	40.38	GC2	80	slow	80
ENSG00000064835_POU1F1	ENSG00000064835	POU1F1	954	44.69	414	239	25.05	GC3		slow	90
ENSG00000064933_PMS1	ENSG00000064933	PMS1	2799	36.62	1532	777	27.76	GC3	70	slow	90
ENSG00000064989_CALCRL	ENSG00000064989	CALCRL	1386	40.76	676	418	30.16	GC3		fast	90
ENSG00000064995_TAF11	ENSG00000064995	TAF11	636	49.49	254	153	24.06	GC2		slow	90
ENSG00000064999_ANKS1A	ENSG00000064999	ANKS1A	3390	58.55	1357	697	20.56	GC1	80	fast	80
ENSG00000065000_AP3D1	ENSG00000065000	AP3D1	3636	58.35	1630	938	25.80		80	fast	70
ENSG00000065029_ZNF76	ENSG00000065029	ZNF76	1713	60.12	673	351	20.49	GC1		slow	90
ENSG00000065057_NTHL1	ENSG00000065057	NTHL1	939	63.88	564	337	35.89		70	fast	80
ENSG00000065060_UHRF1BP1	ENSG00000065060	UHRF1BP1	4332	53.80	2216	1216	28.07	GC2	80	fast	90
ENSG00000065135_GNAI3	ENSG00000065135	GNAI3	1065	43.28	281	142	13.33	GC3		slow	90
ENSG00000065150_IPO5	ENSG00000065150	IPO5	3309	44.93	1280	823	24.87	GC3	70	slow	90
ENSG00000065154_OAT	ENSG00000065154	OAT	1320	49.01	634	394	29.85	GC2		fast	80
ENSG00000065183_WDR3	ENSG00000065183	WDR3	2832	46.77	1141	711	25.11	GC2	70	fast	90
ENSG00000065243_PKN2	ENSG00000065243	PKN2	2952	40.43	910	516	17.48	GC3	80	slow	90
ENSG00000065308_TRAM2	ENSG00000065308	TRAM2	1113	54.08	401	215	19.32		70	fast	90
ENSG00000065320_NTN1	ENSG00000065320	NTN1	1812	65.62	532	169	9.33			fast	70
ENSG00000065325_GLP2R	ENSG00000065325	GLP2R	1662	54.80	1031	643	38.69	GC1	80	fast	90
ENSG00000065328_MCM10	ENSG00000065328	MCM10	2628	47.85	1535	866	32.95	GC2	80	fast	90
ENSG00000065357_DGKA	ENSG00000065357	DGKA	2205	50.87	796	418	18.96	GC2	80	fast	90
ENSG00000065361_ERBB3	ENSG00000065361	ERBB3	4020	54.85	1626	912	22.69	GC2	80	fast	90
ENSG00000065413_ANKRD44	ENSG00000065413	ANKRD44	2904	49.26	1092	639	22.00	GC2		slow	90
ENSG00000065427_KARS	ENSG00000065427	KARS	1878	49.27	757	459	24.44	GC2	70	slow	90
ENSG00000065457_ADAT1	ENSG00000065457	ADAT1	1509	52.67	896	507	33.60	GC2	80	fast	90
ENSG00000065485_PDIA5	ENSG00000065485	PDIA5	1560	52.17	591	346	22.18	GC1		fast	90
ENSG00000065491_TBC1D22B	ENSG00000065491	TBC1D22B	1518	51.86	521	260	17.13	GC1		slow	90
ENSG00000065526_SPEN	ENSG00000065526	SPEN	10941	52.34	5046	2909	26.59	GC2	90	fast	80
ENSG00000065548_ZC3H15	ENSG00000065548	ZC3H15	1281	39.64	430	188	14.68	GC3		slow	80
ENSG00000065559_MAP2K4	ENSG00000065559	MAP2K4	1101	42.36	225	145	13.17	GC3		slow	90
ENSG00000065600_TMEM206	ENSG00000065600	TMEM206	1053	55.03	376	201	19.09		80	slow	80
ENSG00000065609_SNAP91	ENSG00000065609	SNAP91	2724	51.31	843	473	17.36	GC3	70	slow	90
ENSG00000065613_SLK	ENSG00000065613	SLK	3729	40.67	1741	886	23.76	GC3	90	slow	90
ENSG00000065615_CYB5R4	ENSG00000065615	CYB5R4	1563	40.29	798	379	24.25	GC3	70	fast	90
ENSG00000065618_COL17A1	ENSG00000065618	COL17A1	4485	60.63	2307	1285	28.65	GC2	80	slow	70
ENSG00000065621_GSTO2	ENSG00000065621	GSTO2	732	50.71	360	235	32.10	GC1	70	slow	90
ENSG00000065665_SEC61A2	ENSG00000065665	SEC61A2	1431	46.02	501	273	19.08	GC2		slow	90
ENSG00000065833_ME1	ENSG00000065833	ME1	1704	43.81	790	465	27.29	GC3	80	fast	90
ENSG00000065882_TBC1D1	ENSG00000065882	TBC1D1	3507	51.78	1594	1020	29.08	GC1	80	fast	90
ENSG00000065883_CDK13	ENSG00000065883	CDK13	3888	48.34	1437	694	17.85	GC3	80	fast	90
ENSG00000065923_SLC9A7	ENSG00000065923	SLC9A7	2169	52.40	880	454	20.93	GC1	70	fast	90
ENSG00000065989_PDE4A	ENSG00000065989	PDE4A	2613	61.93	1523	725	27.75			fast	70
ENSG00000066027_PPP2R5A	ENSG00000066027	PPP2R5A	1461	41.64	454	234	16.02	GC3		slow	90
ENSG00000066056_TIE1	ENSG00000066056	TIE1	3420	61.53	1602	795	23.25	GC1	80	fast	80
ENSG00000066084_DIP2B	ENSG00000066084	DIP2B	4731	50.80	1469	887	18.75	GC2	80	slow	90
ENSG00000066117_SMARCD1	ENSG00000066117	SMARCD1	1548	53.39	506	192	12.40	GC1		slow	90
ENSG00000066135_KDM4A	ENSG00000066135	KDM4A	3195	52.74	1306	746	23.35	GC1	70	fast	90
ENSG00000066136_NFYC	ENSG00000066136	NFYC	1008	54.94	327	145	14.38	GC1		slow	90
ENSG00000066185_ZMYND12	ENSG00000066185	ZMYND12	1101	49.46	629	382	34.70	GC2		slow	90
ENSG00000066248_NGEF	ENSG00000066248	NGEF	2130	58.55	993	561	26.34			fast	90
ENSG00000066279_ASPM	ENSG00000066279	ASPM	10449	42.82	7385	4750	45.46	GC3	90	fast	90
ENSG00000066294_CD84	ENSG00000066294	CD84	1035	46.81	800	543	52.46	GC2	80	fast	90
ENSG00000066322_ELOVL1	ENSG00000066322	ELOVL1	840	52.38	329	181	21.55	GC1		slow	90
ENSG00000066382_MPPED2	ENSG00000066382	MPPED2	885	49.88	189	111	12.54	GC2		slow	90
ENSG00000066405_CLDN18	ENSG00000066405	CLDN18	786	56.68	358	231	29.39			fast	90
ENSG00000066422_ZBTB11	ENSG00000066422	ZBTB11	3162	44.81	1262	719	22.74	GC3	80	slow	90
ENSG00000066455_GOLGA5	ENSG00000066455	GOLGA5	2199	45.86	1085	665	30.24	GC3	70	slow	90
ENSG00000066468_FGFR2	ENSG00000066468	FGFR2	2526	52.63	908	543	21.50	GC1	70	fast	90
ENSG00000066557_LRRC40	ENSG00000066557	LRRC40	1809	39.11	968	502	27.75	GC3	70	fast	90
ENSG00000066583_ISOC1	ENSG00000066583	ISOC1	897	51.80	320	183	20.40	GC2		fast	90
ENSG00000066629_EML1	ENSG00000066629	EML1	2442	53.64	1168	619	25.35	GC1		fast	90
ENSG00000066651_TRMT11	ENSG00000066651	TRMT11	1383	41.12	504	283	20.46	GC3		slow	90
ENSG00000066654_THUMPD1	ENSG00000066654	THUMPD1	1077	46.46	536	271	25.16	GC2	70	slow	80
ENSG00000066777_ARFGEF1	ENSG00000066777	ARFGEF1	5550	41.01	1835	882	15.89	GC3	70	slow	90
ENSG00000066827_ZFAT	ENSG00000066827	ZFAT	3729	58.22	1731	1119	30.01		80	fast	80
ENSG00000066923_STAG3	ENSG00000066923	STAG3	3678	53.47	1884	1089	29.61	GC1	80	slow	90
ENSG00000066926_FECH	ENSG00000066926	FECH	1272	53.65	643	398	31.29	GC1		fast	90
ENSG00000066933_MYO9A	ENSG00000066933	MYO9A	7650	42.83	3617	1732	22.64	GC3	80	slow	70
ENSG00000067064_IDI1	ENSG00000067064	IDI1	714	40.05	372	241	33.75	GC3		fast	80
ENSG00000067113_PPAP2A	ENSG00000067113	PPAP2A	861	44.69	454	280	32.52	GC2		fast	90
ENSG00000067141_NEO1	ENSG00000067141	NEO1	4257	48.54	1409	773	18.16	GC3	80	slow	90
ENSG00000067167_TRAM1	ENSG00000067167	TRAM1	1125	40.98	388	168	14.93	GC3		slow	90
ENSG00000067177_PHKA1	ENSG00000067177	PHKA1	3723	46.84	1343	626	16.81	GC3	80	fast	80
ENSG00000067191_CACNB1	ENSG00000067191	CACNB1	1797	59.82	577	306	17.03	GC1		slow	90
ENSG00000067208_EVI5	ENSG00000067208	EVI5	2430	41.99	816	402	16.54	GC3		fast	90
ENSG00000067248_DHX29	ENSG00000067248	DHX29	4104	41.87	1818	979	23.85	GC3	70	slow	90
ENSG00000067334_DNTTIP2	ENSG00000067334	DNTTIP2	2283	41.03	1540	876	38.37	GC3		slow	80
ENSG00000067365_METTL22	ENSG00000067365	METTL22	1218	59.90	651	396	32.51	GC1	80	fast	70
ENSG00000067369_TP53BP1	ENSG00000067369	TP53BP1	5934	49.05	2731	1387	23.37	GC3	90	fast	90
ENSG00000067533_RRP15	ENSG00000067533	RRP15	855	47.04	528	323	37.78	GC3		fast	80
ENSG00000067596_DHX8	ENSG00000067596	DHX8	3663	52.91	1254	762	20.80	GC1	70	slow	90
ENSG00000067606_PRKCZ	ENSG00000067606	PRKCZ	1737	56.90	570	335	19.29		70	fast	70
ENSG00000067704_IARS2	ENSG00000067704	IARS2	3039	45.82	1597	987	32.48	GC3	80	fast	90
ENSG00000067715_SYT1	ENSG00000067715	SYT1	1269	46.97	349	211	16.63	GC2		fast	90
ENSG00000067798_NAV3	ENSG00000067798	NAV3	7158	49.55	2654	1543	21.56	GC2	80	fast	90
ENSG00000067829_IDH3G	ENSG00000067829	IDH3G	1182	58.50	395	223	18.87			slow	70
ENSG00000067836_ROGDI	ENSG00000067836	ROGDI	864	61.36	337	174	20.14			slow	80
ENSG00000067840_PDZD4	ENSG00000067840	PDZD4	2325	64.74	926	544	23.40		80	slow	80
ENSG00000067842_ATP2B3	ENSG00000067842	ATP2B3	3663	59.67	1241	705	19.25		70	slow	90
ENSG00000067900_ROCK1	ENSG00000067900	ROCK1	4065	37.74	1233	616	15.15	GC3	80	slow	90
ENSG00000067992_PDK3	ENSG00000067992	PDK3	1248	44.79	430	240	19.23	GC3	70	slow	80
ENSG00000068001_HYAL2	ENSG00000068001	HYAL2	1422	62.03	708	454	31.93		90	slow	90
ENSG00000068028_RASSF1	ENSG00000068028	RASSF1	1023	61.36	468	266	26.00		70	fast	90
ENSG00000068078_FGFR3	ENSG00000068078	FGFR3	2403	64.32	978	551	22.93		70	fast	
ENSG00000068079_IFI35	ENSG00000068079	IFI35	861	58.59	608	405	47.04	GC1		fast	90
ENSG00000068097_HEATR6	ENSG00000068097	HEATR6	3546	50.39	1756	1017	28.68	GC2	90	fast	90
ENSG00000068120_COASY	ENSG00000068120	COASY	1692	59.25	754	432	25.53	GC1	70	fast	80
ENSG00000068305_MEF2A	ENSG00000068305	MEF2A	1509	51.87	652	394	26.11	GC2		fast	90
ENSG00000068308_OTUD5	ENSG00000068308	OTUD5	1713	60.87	591	303	17.69	GC1	70	fast	90
ENSG00000068323_TFE3	ENSG00000068323	TFE3	1728	60.66	764	344	19.91	GC1		fast	90
ENSG00000068354_TBC1D25	ENSG00000068354	TBC1D25	2064	60.21	797	493	23.89	GC1	80	slow	80
ENSG00000068366_ACSL4	ENSG00000068366	ACSL4	2136	42.73	697	390	18.26	GC3	70	slow	90
ENSG00000068394_GPKOW	ENSG00000068394	GPKOW	1431	58.80	826	435	30.40	GC1	70	fast	80
ENSG00000068438_FTSJ1	ENSG00000068438	FTSJ1	990	58.29	378	191	19.29	GC1		fast	70
ENSG00000068489_PRR11	ENSG00000068489	PRR11	1095	45.55	657	390	35.62	GC3	70	slow	90
ENSG00000068615_REEP1	ENSG00000068615	REEP1	606	52.48	209	126	20.79	GC2		slow	90
ENSG00000068654_POLR1A	ENSG00000068654	POLR1A	5163	55.05	2383	1479	28.65	GC1	80	fast	90
ENSG00000068697_LAPTM4A	ENSG00000068697	LAPTM4A	702	45.06	211	120	17.09	GC2		slow	90
ENSG00000068724_TTC7A	ENSG00000068724	TTC7A	2577	60.24	974	504	19.56		80	fast	80
ENSG00000068745_IP6K2	ENSG00000068745	IP6K2	1278	52.75	404	244	19.09	GC1		slow	90
ENSG00000068784_SRBD1	ENSG00000068784	SRBD1	2988	43.56	1493	780	26.10	GC3	70	fast	90
ENSG00000068796_KIF2A	ENSG00000068796	KIF2A	2172	40.33	505	240	11.05	GC3		slow	90
ENSG00000068831_RASGRP2	ENSG00000068831	RASGRP2	1827	60.08	678	356	19.49			fast	90
ENSG00000068878_PSME4	ENSG00000068878	PSME4	5313	42.74	1869	1008	18.97	GC3	70	slow	90
ENSG00000068903_SIRT2	ENSG00000068903	SIRT2	1170	59.63	689	333	28.46			fast	90
ENSG00000068912_ERLEC1	ENSG00000068912	ERLEC1	1452	43.97	459	247	17.01	GC3		slow	90
ENSG00000068971_PPP2R5B	ENSG00000068971	PPP2R5B	1494	57.03	440	208	13.92		70	slow	80
ENSG00000068976_PYGM	ENSG00000068976	PYGM	2529	57.38	804	471	18.62		70	slow	80
ENSG00000069011_PITX1	ENSG00000069011	PITX1	945	66.46	291	102	10.79			fast	70
ENSG00000069018_TRPC7	ENSG00000069018	TRPC7	2586	50.98	849	436	16.86	GC1	70	slow	90
ENSG00000069020_MAST4	ENSG00000069020	MAST4	7293	55.68	3740	2386	32.72	GC2	90	fast	90
ENSG00000069188_SDK2	ENSG00000069188	SDK2	6456	63.21	2848	1243	19.25		80	fast	70
ENSG00000069206_ADAM7	ENSG00000069206	ADAM7	2331	41.02	1588	981	42.08	GC3	80	fast	90
ENSG00000069248_NUP133	ENSG00000069248	NUP133	3471	46.37	1736	1061	30.57	GC3	70	fast	90
ENSG00000069275_NUCKS1	ENSG00000069275	NUCKS1	732	45.40	272	133	18.17	GC3		slow	80
ENSG00000069329_VPS35	ENSG00000069329	VPS35	2391	43.05	907	547	22.88	GC3	70	slow	90
ENSG00000069345_DNAJA2	ENSG00000069345	DNAJA2	1239	46.09	450	236	19.05	GC3		slow	90
ENSG00000069399_BCL3	ENSG00000069399	BCL3	1341	67.56	868	397	29.60		70	fast	70
ENSG00000069424_KCNAB2	ENSG00000069424	KCNAB2	1167	59.29	413	285	24.42			slow	80
ENSG00000069431_ABCC9	ENSG00000069431	ABCC9	4650	44.40	1693	1062	22.84	GC3	70	fast	90
ENSG00000069535_MAOB	ENSG00000069535	MAOB	1563	50.26	802	443	28.34	GC2	70	slow	90
ENSG00000069667_RORA	ENSG00000069667	RORA	1422	46.33	524	260	18.28	GC2		slow	90
ENSG00000069702_TGFBR3	ENSG00000069702	TGFBR3	2556	50.86	1265	721	28.21	GC2	80	slow	80
ENSG00000069712_KIAA1107	ENSG00000069712	KIAA1107	4062	39.16	2358	1193	29.37	GC3	90	slow	90
ENSG00000069849_ATP1B3	ENSG00000069849	ATP1B3	792	42.36	482	295	37.25	GC3		slow	70
ENSG00000069869_NEDD4	ENSG00000069869	NEDD4	3927	44.29	1963	1025	26.10	GC3		fast	80
ENSG00000069943_PIGB	ENSG00000069943	PIGB	1635	43.05	943	526	32.17	GC3	80	fast	90
ENSG00000069956_MAPK6	ENSG00000069956	MAPK6	2169	40.84	424	162	7.47	GC3	70	slow	70
ENSG00000069966_GNB5	ENSG00000069966	GNB5	1188	53.54	484	279	23.48	GC1		fast	90
ENSG00000069974_RAB27A	ENSG00000069974	RAB27A	666	47.01	248	158	23.72	GC2		slow	90
ENSG00000069998_CECR5	ENSG00000069998	CECR5	1236	59.94	682	421	34.06	GC1		fast	70
ENSG00000070010_UFD1L	ENSG00000070010	UFD1L	924	51.26	310	184	19.91	GC1	70	slow	80
ENSG00000070018_LRP6	ENSG00000070018	LRP6	4842	46.82	1396	792	16.36	GC3	80	slow	90
ENSG00000070019_GUCY2C	ENSG00000070019	GUCY2C	3222	46.62	1621	1023	31.75	GC2	70	fast	90
ENSG00000070061_IKBKAP	ENSG00000070061	IKBKAP	3999	48.14	2057	1234	30.86	GC2	80	fast	90
ENSG00000070081_NUCB2	ENSG00000070081	NUCB2	1263	37.85	431	216	17.10	GC3	70	slow	90
ENSG00000070159_PTPN3	ENSG00000070159	PTPN3	2742	49.05	1150	636	23.19	GC2	70	fast	90
ENSG00000070182_SPTB	ENSG00000070182	SPTB	7002	59.20	3133	1760	25.14		80	slow	90
ENSG00000070193_FGF10	ENSG00000070193	FGF10	624	48.81	181	81	12.98	GC1		slow	80
ENSG00000070214_SLC44A1	ENSG00000070214	SLC44A1	1938	45.47	579	314	16.20	GC2		slow	90
ENSG00000070269_TMEM260	ENSG00000070269	TMEM260	2124	45.86	1023	524	24.67	GC3	70	fast	90
ENSG00000070366_SMG6	ENSG00000070366	SMG6	4260	52.22	1580	815	19.13	GC2	80	slow	90
ENSG00000070367_EXOC5	ENSG00000070367	EXOC5	2127	38.21	561	260	12.22	GC3	70	slow	90
ENSG00000070476_ZXDC	ENSG00000070476	ZXDC	2157	59.51	1359	847	39.27	GC1	70	fast	90
ENSG00000070495_JMJD6	ENSG00000070495	JMJD6	1245	55.16	413	231	18.55	GC1		slow	80
ENSG00000070501_POLB	ENSG00000070501	POLB	1008	42.35	341	169	16.77	GC3		slow	90
ENSG00000070526_ST6GALNAC1	ENSG00000070526	ST6GALNAC1	1794	58.47	1204	823	45.88	GC1	70	fast	80
ENSG00000070540_WIPI1	ENSG00000070540	WIPI1	1341	53.93	548	308	22.97	GC1		fast	90
ENSG00000070601_FRMPD1	ENSG00000070601	FRMPD1	4740	55.66	2779	1641	34.62	GC1	80	fast	90
ENSG00000070610_GBA2	ENSG00000070610	GBA2	2784	56.05	1242	696	25.00	GC1	80	slow	90
ENSG00000070614_NDST1	ENSG00000070614	NDST1	2649	59.63	742	393	14.84			slow	90
ENSG00000070669_ASNS	ENSG00000070669	ASNS	1686	45.10	606	349	20.70	GC3	70	slow	80
ENSG00000070718_AP3M2	ENSG00000070718	AP3M2	1257	48.07	387	244	19.41	GC2		slow	90
ENSG00000070729_CNGB1	ENSG00000070729	CNGB1	3672	59.71	1995	1247	33.96		70	fast	80
ENSG00000070748_CHAT	ENSG00000070748	CHAT	1962	56.97	937	579	29.51	GC1	70	fast	90
ENSG00000070756_PABPC1	ENSG00000070756	PABPC1	1911	47.48	393	132	6.91	GC3		slow	70
ENSG00000070759_TESK2	ENSG00000070759	TESK2	1716	52.99	786	402	23.43	GC2	80	slow	90
ENSG00000070770_CSNK2A2	ENSG00000070770	CSNK2A2	951	46.00	208	114	11.99	GC2		slow	90
ENSG00000070778_PTPN21	ENSG00000070778	PTPN21	3519	55.57	1957	1150	32.68	GC1		fast	90
ENSG00000070785_EIF2B3	ENSG00000070785	EIF2B3	1359	45.88	612	277	20.38	GC2	80	fast	90
ENSG00000070808_CAMK2A	ENSG00000070808	CAMK2A	1470	57.61	406	213	14.49			fast	90
ENSG00000070814_TCOF1	ENSG00000070814	TCOF1	4266	61.59	3045	1775	41.61	GC1	70	fast	
ENSG00000070882_OSBPL3	ENSG00000070882	OSBPL3	2664	48.34	1135	664	24.92	GC2	70	fast	90
ENSG00000070886_EPHA8	ENSG00000070886	EPHA8	2964	64.68	1081	478	16.13			slow	70
ENSG00000070915_SLC12A3	ENSG00000070915	SLC12A3	3093	59.42	1120	575	18.59		70	slow	70
ENSG00000070950_RAD18	ENSG00000070950	RAD18	1485	40.78	792	414	27.88	GC3	80	fast	90
ENSG00000070961_ATP2B1	ENSG00000070961	ATP2B1	3663	41.27	1001	496	13.54	GC3	80	slow	90
ENSG00000070985_TRPM5	ENSG00000070985	TRPM5	3498	64.47	2118	992	28.36		70	fast	70
ENSG00000071051_NCK2	ENSG00000071051	NCK2	1143	62.33	440	308	26.95		70	slow	90
ENSG00000071054_MAP4K4	ENSG00000071054	MAP4K4	3846	51.92	1385	773	20.10	GC2	70	fast	90
ENSG00000071073_MGAT4A	ENSG00000071073	MGAT4A	1608	39.03	701	380	23.63	GC3		fast	90
ENSG00000071127_WDR1	ENSG00000071127	WDR1	1821	57.11	765	440	24.16			fast	90
ENSG00000071189_SNX13	ENSG00000071189	SNX13	2874	38.53	985	387	13.47	GC3	80	slow	90
ENSG00000071205_ARHGAP10	ENSG00000071205	ARHGAP10	2361	46.93	879	528	22.36	GC2	80	fast	90
ENSG00000071243_ING3	ENSG00000071243	ING3	1257	43.59	400	256	20.37	GC3		slow	90
ENSG00000071246_VASH1	ENSG00000071246	VASH1	1092	62.35	289	141	12.91			slow	80
ENSG00000071537_SEL1L	ENSG00000071537	SEL1L	2385	49.01	958	577	24.19	GC2	70	slow	90
ENSG00000071539_TRIP13	ENSG00000071539	TRIP13	1299	52.16	601	380	29.25	GC1	70	fast	90
ENSG00000071553_ATP6AP1	ENSG00000071553	ATP6AP1	1407	59.83	726	425	30.21		70	fast	80
ENSG00000071575_TRIB2	ENSG00000071575	TRIB2	1032	55.16	233	124	12.02	GC1		slow	70
ENSG00000071626_DAZAP1	ENSG00000071626	DAZAP1	1224	60.72	361	265	21.65	GC1		slow	80
ENSG00000071794_HLTF	ENSG00000071794	HLTF	3030	38.81	1277	645	21.29	GC3	70	slow	90
ENSG00000071859_FAM50A	ENSG00000071859	FAM50A	1020	56.27	363	184	18.04			slow	70
ENSG00000071889_FAM3A	ENSG00000071889	FAM3A	702	59.18	342	188	26.78			slow	80
ENSG00000071894_CPSF1	ENSG00000071894	CPSF1	4329	61.87	1595	879	20.30		70	fast	80
ENSG00000071909_MYO3B	ENSG00000071909	MYO3B	4026	46.39	1736	845	20.99	GC2	80	fast	80
ENSG00000071967_CYBRD1	ENSG00000071967	CYBRD1	861	49.38	470	264	30.66	GC2		fast	90
ENSG00000071991_CDH19	ENSG00000071991	CDH19	2319	42.48	1422	857	36.96	GC3	70	fast	90
ENSG00000071994_PDCD2	ENSG00000071994	PDCD2	1035	53.97	614	340	32.85	GC2		fast	70
ENSG00000072041_SLC6A15	ENSG00000072041	SLC6A15	2190	41.94	1012	543	24.79	GC3		slow	90
ENSG00000072042_RDH11	ENSG00000072042	RDH11	951	51.83	468	296	31.13	GC2	70	fast	90
ENSG00000072080_SPP2	ENSG00000072080	SPP2	618	52.38	441	267	43.20	GC1		fast	70
ENSG00000072110_ACTN1	ENSG00000072110	ACTN1	2745	58.18	801	408	14.86			fast	90
ENSG00000072121_ZFYVE26	ENSG00000072121	ZFYVE26	7626	55.52	3834	2152	28.22	GC1	90	fast	90
ENSG00000072133_RPS6KA6	ENSG00000072133	RPS6KA6	2190	39.77	745	316	14.43	GC3	80	slow	80
ENSG00000072134_EPN2	ENSG00000072134	EPN2	1926	61.84	1028	575	29.85	GC1		slow	80
ENSG00000072135_PTPN18	ENSG00000072135	PTPN18	1365	61.69	779	420	30.77		70	fast	
ENSG00000072163_LIMS2	ENSG00000072163	LIMS2	1026	59.29	388	214	20.86			fast	80
ENSG00000072182_ASIC4	ENSG00000072182	ASIC4	1746	63.06	627	274	15.69			fast	80
ENSG00000072201_LNX1	ENSG00000072201	LNX1	2199	53.20	1176	639	29.06	GC2	80	fast	90
ENSG00000072210_ALDH3A2	ENSG00000072210	ALDH3A2	1521	49.17	774	523	34.39	GC2	70	fast	90
ENSG00000072274_TFRC	ENSG00000072274	TFRC	2283	43.79	1390	920	40.30	GC3	80	fast	90
ENSG00000072310_SREBF1	ENSG00000072310	SREBF1	3447	65.82	1868	1041	30.20		80	fast	80
ENSG00000072315_TRPC5	ENSG00000072315	TRPC5	2925	48.66	907	499	17.06	GC2	80	slow	90
ENSG00000072364_AFF4	ENSG00000072364	AFF4	3492	46.26	1124	536	15.35	GC3	80	slow	90
ENSG00000072415_MPP5	ENSG00000072415	MPP5	2028	42.12	596	299	14.74	GC3		slow	90
ENSG00000072422_RHOBTB1	ENSG00000072422	RHOBTB1	2091	51.19	760	466	22.29	GC2	70	slow	90
ENSG00000072506_HSD17B10	ENSG00000072506	HSD17B10	786	56.87	309	159	20.23	GC1		slow	80
ENSG00000072518_MARK2	ENSG00000072518	MARK2	2319	56.28	695	332	14.32	GC1	70	slow	90
ENSG00000072571_HMMR	ENSG00000072571	HMMR	2145	38.57	1248	707	32.96	GC3	80	fast	90
ENSG00000072609_CHFR	ENSG00000072609	CHFR	1989	57.81	1095	719	36.15	GC1	70	fast	90
ENSG00000072657_TRHDE	ENSG00000072657	TRHDE	3075	47.56	1152	581	18.89	GC2	70	fast	90
ENSG00000072682_P4HA2	ENSG00000072682	P4HA2	1608	53.91	656	408	25.37	GC1	70	slow	90
ENSG00000072736_NFATC3	ENSG00000072736	NFATC3	3228	46.37	1126	542	16.79	GC3	80	slow	80
ENSG00000072756_TRNT1	ENSG00000072756	TRNT1	1305	41.26	579	368	28.20	GC3	70	fast	90
ENSG00000072778_ACADVL	ENSG00000072778	ACADVL	2061	57.49	1032	575	27.90	GC1	70	fast	80
ENSG00000072818_ACAP1	ENSG00000072818	ACAP1	2223	60.17	1065	598	26.90	GC1	80	slow	90
ENSG00000072849_DERL2	ENSG00000072849	DERL2	720	46.06	235	118	16.39	GC2		slow	90
ENSG00000072858_SIDT1	ENSG00000072858	SIDT1	2484	50.61	1223	657	26.45	GC1	80	slow	90
ENSG00000072864_NDE1	ENSG00000072864	NDE1	1041	54.92	493	297	28.53	GC1		fast	80
ENSG00000072952_MRVI1	ENSG00000072952	MRVI1	2709	56.02	1322	738	27.24	GC2	70	fast	90
ENSG00000072954_TMEM38A	ENSG00000072954	TMEM38A	900	58.20	344	193	21.44		70	fast	80
ENSG00000073050_XRCC1	ENSG00000073050	XRCC1	1902	61.33	947	501	26.34	GC1		fast	90
ENSG00000073060_SCARB1	ENSG00000073060	SCARB1	1530	56.47	932	553	36.14			fast	90
ENSG00000073111_MCM2	ENSG00000073111	MCM2	2715	58.83	996	598	22.03		70	slow	80
ENSG00000073146_MOV10L1	ENSG00000073146	MOV10L1	3564	52.33	2095	1419	39.81	GC1	80	fast	90
ENSG00000073169_NONAME	ENSG00000073169	NONAME	1938	65.88	1045	617	31.84		70	fast	80
ENSG00000073282_TP63	ENSG00000073282	TP63	2043	53.53	601	327	16.01	GC1		slow	90
ENSG00000073331_ALPK1	ENSG00000073331	ALPK1	3738	48.22	2443	1544	41.31	GC2	90	fast	90
ENSG00000073350_LLGL2	ENSG00000073350	LLGL2	3069	63.85	1402	701	22.84		80	slow	80
ENSG00000073464_CLCN4	ENSG00000073464	CLCN4	2283	57.52	720	439	19.23			fast	90
ENSG00000073536_NLE1	ENSG00000073536	NLE1	1458	62.07	532	286	19.62			slow	80
ENSG00000073578_SDHA	ENSG00000073578	SDHA	1995	56.64	945	591	29.62	GC1	70	fast	90
ENSG00000073584_SMARCE1	ENSG00000073584	SMARCE1	1236	48.96	293	165	13.35	GC2		slow	70
ENSG00000073598_FNDC8	ENSG00000073598	FNDC8	969	54.01	547	304	31.37	GC1	70	slow	90
ENSG00000073614_KDM5A	ENSG00000073614	KDM5A	5073	47.22	1884	1089	21.47	GC3	80	slow	90
ENSG00000073670_ADAM11	ENSG00000073670	ADAM11	2310	62.26	859	456	19.74		70	slow	80
ENSG00000073711_PPP2R3A	ENSG00000073711	PPP2R3A	3456	41.84	1456	733	21.21	GC3	80	fast	80
ENSG00000073712_FERMT2	ENSG00000073712	FERMT2	2064	42.39	657	330	15.99	GC3		slow	90
ENSG00000073734_ABCB11	ENSG00000073734	ABCB11	3978	46.07	1972	1177	29.59	GC3	80	slow	90
ENSG00000073737_DHRS9	ENSG00000073737	DHRS9	960	45.30	496	283	29.48	GC3	70	slow	90
ENSG00000073756_PTGS2	ENSG00000073756	PTGS2	1815	45.86	793	505	27.82	GC2	80	slow	90
ENSG00000073792_IGF2BP2	ENSG00000073792	IGF2BP2	1620	52.36	485	242	14.94	GC1		fast	90
ENSG00000073803_MAP3K13	ENSG00000073803	MAP3K13	2901	52.23	1409	768	26.47	GC2	70	slow	90
ENSG00000073849_ST6GAL1	ENSG00000073849	ST6GAL1	1221	51.47	664	414	33.91	GC1	70	fast	90
ENSG00000073910_FRY	ENSG00000073910	FRY	9042	50.37	3466	2303	25.47	GC2	90	slow	90
ENSG00000073921_PICALM	ENSG00000073921	PICALM	1983	42.49	439	172	8.67	GC3		slow	90
ENSG00000073969_NSF	ENSG00000073969	NSF	2235	46.52	669	363	16.24	GC2		slow	80
ENSG00000074047_GLI2	ENSG00000074047	GLI2	4698	65.16	2754	1470	31.29		80	slow	70
ENSG00000074054_CLASP1	ENSG00000074054	CLASP1	4620	50.51	1455	859	18.59	GC2	80	fast	80
ENSG00000074211_PPP2R2C	ENSG00000074211	PPP2R2C	1317	57.74	368	225	17.08			slow	70
ENSG00000074219_TEAD2	ENSG00000074219	TEAD2	1338	60.62	519	239	17.86	GC1		fast	80
ENSG00000074266_EED	ENSG00000074266	EED	1326	41.06	306	147	11.09	GC3		slow	80
ENSG00000074276_CDHR2	ENSG00000074276	CDHR2	3927	57.56	2629	1516	38.60		70	fast	90
ENSG00000074319_TSG101	ENSG00000074319	TSG101	1176	44.72	365	170	14.46	GC3		slow	90
ENSG00000074356_C17orf85	ENSG00000074356	C17orf85	1848	48.38	686	393	21.27	GC2	70	slow	90
ENSG00000074370_ATP2A3	ENSG00000074370	ATP2A3	3123	61.16	1244	708	22.67		70	slow	80
ENSG00000074416_MGLL	ENSG00000074416	MGLL	930	58.61	442	259	27.85	GC1		fast	90
ENSG00000074527_NTN4	ENSG00000074527	NTN4	1887	49.70	848	427	22.63	GC2		slow	90
ENSG00000074582_BCS1L	ENSG00000074582	BCS1L	1260	55.96	458	268	21.27	GC1		slow	80
ENSG00000074590_NUAK1	ENSG00000074590	NUAK1	1986	58.21	746	444	22.36		80	slow	90
ENSG00000074603_DPP8	ENSG00000074603	DPP8	2682	43.05	848	473	17.64	GC3	70	slow	90
ENSG00000074621_SLC24A1	ENSG00000074621	SLC24A1	3270	52.91	2108	1153	35.26	GC2	90	fast	80
ENSG00000074657_ZNF532	ENSG00000074657	ZNF532	3906	53.44	1527	1001	25.63	GC1	70	slow	80
ENSG00000074695_LMAN1	ENSG00000074695	LMAN1	1533	46.62	725	421	27.46	GC3		slow	90
ENSG00000074696_PTPLAD1	ENSG00000074696	PTPLAD1	1089	44.68	432	242	22.22	GC2	70	slow	90
ENSG00000074755_ZZEF1	ENSG00000074755	ZZEF1	8889	52.74	4045	2405	27.06	GC2	90	fast	90
ENSG00000074771_NOX3	ENSG00000074771	NOX3	1707	49.90	1016	616	36.09	GC2	80	fast	90
ENSG00000074803_SLC12A1	ENSG00000074803	SLC12A1	3300	46.00	1211	721	21.85	GC2	70	slow	90
ENSG00000074855_ANO8	ENSG00000074855	ANO8	3555	65.14	1753	837	23.54		80	fast	70
ENSG00000074935_TUBE1	ENSG00000074935	TUBE1	1428	43.55	548	322	22.55	GC3		slow	90
ENSG00000074964_ARHGEF10L	ENSG00000074964	ARHGEF10L	3840	63.78	1950	807	21.02		70	fast	80
ENSG00000074966_TXK	ENSG00000074966	TXK	1584	45.30	751	465	29.36	GC2	70	fast	90
ENSG00000075035_WSCD2	ENSG00000075035	WSCD2	1695	62.40	633	332	19.59			fast	90
ENSG00000075043_KCNQ2	ENSG00000075043	KCNQ2	2349	63.86	933	471	20.05			fast	70
ENSG00000075073_TACR2	ENSG00000075073	TACR2	1155	58.59	566	303	26.23			slow	90
ENSG00000075089_ACTR6	ENSG00000075089	ACTR6	1191	36.58	411	184	15.45	GC3		slow	90
ENSG00000075131_TIPIN	ENSG00000075131	TIPIN	870	42.15	495	270	31.03	GC3		slow	80
ENSG00000075151_EIF4G3	ENSG00000075151	EIF4G3	4758	47.62	2111	1018	21.40	GC3	90	slow	90
ENSG00000075188_NUP37	ENSG00000075188	NUP37	981	42.33	367	187	19.06	GC3		slow	80
ENSG00000075213_SEMA3A	ENSG00000075213	SEMA3A	2319	44.41	774	419	18.07	GC3	70	slow	90
ENSG00000075218_GTSE1	ENSG00000075218	GTSE1	2178	56.36	1672	1137	52.20	GC2	80	fast	70
ENSG00000075223_SEMA3C	ENSG00000075223	SEMA3C	2256	44.93	806	459	20.35	GC3	70	slow	90
ENSG00000075234_TTC38	ENSG00000075234	TTC38	1410	58.28	722	396	28.09			fast	80
ENSG00000075239_ACAT1	ENSG00000075239	ACAT1	1284	46.28	598	399	31.07	GC3		fast	90
ENSG00000075240_GRAMD4	ENSG00000075240	GRAMD4	1737	58.71	895	462	26.60		70	fast	70
ENSG00000075275_CELSR1	ENSG00000075275	CELSR1	8409	64.61	4472	2124	25.26		90	fast	70
ENSG00000075290_WNT8B	ENSG00000075290	WNT8B	1056	62.30	369	193	18.28			slow	90
ENSG00000075292_ZNF638	ENSG00000075292	ZNF638	5931	39.92	3029	1530	25.80	GC3	90	slow	90
ENSG00000075303_SLC25A40	ENSG00000075303	SLC25A40	1017	39.31	471	218	21.44	GC3	70	slow	90
ENSG00000075340_ADD2	ENSG00000075340	ADD2	2175	58.03	820	456	20.97		70	fast	90
ENSG00000075391_RASAL2	ENSG00000075391	RASAL2	3810	50.35	1351	704	18.48	GC2	70	slow	90
ENSG00000075399_VPS9D1	ENSG00000075399	VPS9D1	1905	63.89	981	553	29.03		80	slow	
ENSG00000075413_MARK3	ENSG00000075413	MARK3	2262	47.57	826	433	19.14	GC2	70	slow	90
ENSG00000075420_FNDC3B	ENSG00000075420	FNDC3B	3624	50.92	1382	822	22.68	GC2	80	slow	90
ENSG00000075426_FOSL2	ENSG00000075426	FOSL2	981	63.83	271	139	14.17			slow	70
ENSG00000075643_MOCOS	ENSG00000075643	MOCOS	2661	54.51	1610	928	34.87	GC1	80	fast	90
ENSG00000075651_PLD1	ENSG00000075651	PLD1	3225	45.94	1453	858	26.60	GC2	70	fast	90
ENSG00000075673_ATP12A	ENSG00000075673	ATP12A	3138	50.81	1426	875	27.88	GC1	80	fast	80
ENSG00000075702_WDR62	ENSG00000075702	WDR62	4572	59.27	2549	1458	31.89		80	fast	90
ENSG00000075711_DLG1	ENSG00000075711	DLG1	2784	41.76	1026	420	15.09	GC3	70	slow	90
ENSG00000075790_BCAP29	ENSG00000075790	BCAP29	744	37.54	430	249	33.47	GC3		fast	90
ENSG00000075826_SEC31B	ENSG00000075826	SEC31B	3540	54.87	2301	1249	35.28	GC2	90	fast	90
ENSG00000075856_SART3	ENSG00000075856	SART3	2895	56.02	1246	835	28.84	GC1	70	fast	90
ENSG00000075884_ARHGAP15	ENSG00000075884	ARHGAP15	1428	42.24	509	240	16.81	GC3		slow	90
ENSG00000075891_PAX2	ENSG00000075891	PAX2	1254	59.86	483	216	17.22	GC1		slow	90
ENSG00000075914_EXOSC7	ENSG00000075914	EXOSC7	876	55.25	378	200	22.83	GC1		slow	90
ENSG00000075945_KIFAP3	ENSG00000075945	KIFAP3	2379	39.99	763	413	17.36	GC3	70	slow	90
ENSG00000075975_MKRN2	ENSG00000075975	MKRN2	1251	52.61	564	329	26.30	GC2		slow	80
ENSG00000076003_MCM6	ENSG00000076003	MCM6	2466	46.16	852	480	19.46	GC3	80	slow	90
ENSG00000076043_REXO2	ENSG00000076043	REXO2	714	47.34	178	65	9.10	GC2		slow	80
ENSG00000076067_RBMS2	ENSG00000076067	RBMS2	1224	51.72	504	241	19.69	GC2		slow	80
ENSG00000076108_BAZ2A	ENSG00000076108	BAZ2A	5721	54.90	2380	1231	21.52	GC2	80	fast	90
ENSG00000076201_PTPN23	ENSG00000076201	PTPN23	4908	62.45	2118	1131	23.04	GC1	70	fast	70
ENSG00000076242_MLH1	ENSG00000076242	MLH1	2277	49.58	1031	632	27.76	GC2	80	fast	90
ENSG00000076258_FMO4	ENSG00000076258	FMO4	1674	45.73	978	586	35.01	GC2	70	slow	80
ENSG00000076321_KLHL20	ENSG00000076321	KLHL20	1830	49.20	571	285	15.57	GC3	70	slow	90
ENSG00000076344_RGS11	ENSG00000076344	RGS11	1401	63.42	819	454	32.41		80	fast	70
ENSG00000076351_SLC46A1	ENSG00000076351	SLC46A1	1380	60.51	718	412	29.86			fast	80
ENSG00000076356_PLXNA2	ENSG00000076356	PLXNA2	5724	58.93	1837	958	16.74		90	slow	80
ENSG00000076513_ANKRD13A	ENSG00000076513	ANKRD13A	1773	50.79	666	401	22.62	GC2		fast	80
ENSG00000076555_ACACB	ENSG00000076555	ACACB	7377	57.51	3369	2070	28.06		80	fast	90
ENSG00000076604_TRAF4	ENSG00000076604	TRAF4	1413	60.01	461	260	18.40		70	fast	90
ENSG00000076641_PAG1	ENSG00000076641	PAG1	1308	54.71	776	523	39.98	GC1	80	fast	90
ENSG00000076650_GPATCH1	ENSG00000076650	GPATCH1	2799	48.82	1383	848	30.30	GC3	80	fast	90
ENSG00000076685_NT5C2	ENSG00000076685	NT5C2	1686	45.38	459	282	16.73	GC2		slow	90
ENSG00000076706_MCAM	ENSG00000076706	MCAM	1941	59.19	1045	611	31.48		80	fast	80
ENSG00000076716_GPC4	ENSG00000076716	GPC4	1671	50.27	632	400	23.94	GC2	80	slow	90
ENSG00000076770_MBNL3	ENSG00000076770	MBNL3	1065	50.39	452	271	25.45	GC3		slow	90
ENSG00000076864_RAP1GAP	ENSG00000076864	RAP1GAP	2103	59.04	820	416	19.78			slow	80
ENSG00000077044_DGKD	ENSG00000077044	DGKD	3501	57.70	1337	797	22.76		70	slow	70
ENSG00000077063_CTTNBP2	ENSG00000077063	CTTNBP2	4995	50.87	2364	1283	25.69	GC2	80	slow	90
ENSG00000077080_ACTL6B	ENSG00000077080	ACTL6B	1281	58.53	309	196	15.30			slow	90
ENSG00000077092_RARB	ENSG00000077092	RARB	1347	50.36	452	244	18.11	GC2		fast	90
ENSG00000077097_TOP2B	ENSG00000077097	TOP2B	4824	38.87	1474	800	16.58	GC3	90	slow	90
ENSG00000077147_TM9SF3	ENSG00000077147	TM9SF3	1761	39.52	489	204	11.58	GC3		slow	90
ENSG00000077150_NFKB2	ENSG00000077150	NFKB2	2703	61.06	1048	571	21.12	GC1	80	fast	80
ENSG00000077157_PPP1R12B	ENSG00000077157	PPP1R12B	2949	55.21	1495	839	28.45	GC1	90	slow	70
ENSG00000077232_DNAJC10	ENSG00000077232	DNAJC10	2382	39.34	960	497	20.86	GC3	80	slow	90
ENSG00000077235_GTF3C1	ENSG00000077235	GTF3C1	6339	57.37	3637	2178	34.36	GC1	80	fast	90
ENSG00000077238_IL4R	ENSG00000077238	IL4R	2475	62.37	1838	1139	46.02		80	fast	80
ENSG00000077254_USP33	ENSG00000077254	USP33	2787	39.21	887	415	14.89	GC3	80	slow	90
ENSG00000077264_PAK3	ENSG00000077264	PAK3	1743	45.43	482	254	14.57	GC3		slow	90
ENSG00000077274_CAPN6	ENSG00000077274	CAPN6	1926	48.91	741	426	22.12	GC2	80	slow	90
ENSG00000077279_DCX	ENSG00000077279	DCX	1305	50.22	278	123	9.43	GC2	70	slow	80
ENSG00000077327_SPAG6	ENSG00000077327	SPAG6	1530	47.70	646	322	21.05	GC3		slow	80
ENSG00000077348_EXOSC5	ENSG00000077348	EXOSC5	708	61.60	324	198	27.97			slow	90
ENSG00000077380_DYNC1I2	ENSG00000077380	DYNC1I2	1917	43.67	548	273	14.24	GC3		slow	90
ENSG00000077420_APBB1IP	ENSG00000077420	APBB1IP	1980	50.66	1111	717	36.21	GC2	70	fast	90
ENSG00000077458_FAM76B	ENSG00000077458	FAM76B	1020	41.96	329	140	13.73	GC3		slow	90
ENSG00000077463_SIRT6	ENSG00000077463	SIRT6	1068	65.89	519	258	24.16			fast	70
ENSG00000077498_TYR	ENSG00000077498	TYR	1593	49.30	879	522	32.77	GC2		fast	90
ENSG00000077514_POLD3	ENSG00000077514	POLD3	1398	45.94	684	340	24.32	GC3	80	slow	90
ENSG00000077522_ACTN2	ENSG00000077522	ACTN2	2685	54.22	817	471	17.54	GC1	70	fast	90
ENSG00000077549_CAPZB	ENSG00000077549	CAPZB	834	51.89	299	182	21.82	GC1		slow	90
ENSG00000077585_GPR137B	ENSG00000077585	GPR137B	1170	53.06	497	250	21.37	GC1	70	fast	80
ENSG00000077616_NAALAD2	ENSG00000077616	NAALAD2	2223	42.08	1096	651	29.28	GC3	70	fast	90
ENSG00000077684_JADE1	ENSG00000077684	JADE1	2532	54.22	868	483	19.08	GC1	80	fast	90
ENSG00000077782_FGFR1	ENSG00000077782	FGFR1	2469	57.42	728	401	16.24			slow	90
ENSG00000077935_SMC1B	ENSG00000077935	SMC1B	3708	40.60	1742	1005	27.10	GC3	70	fast	90
ENSG00000077942_FBLN1	ENSG00000077942	FBLN1	2064	59.97	1070	668	32.36			fast	80
ENSG00000077943_ITGA8	ENSG00000077943	ITGA8	3189	48.85	1546	966	30.29	GC2	80	fast	90
ENSG00000078018_MAP2	ENSG00000078018	MAP2	5508	48.54	2751	1642	29.81	GC3	90	fast	90
ENSG00000078043_PIAS2	ENSG00000078043	PIAS2	1863	44.25	518	253	13.58	GC3	70	slow	90
ENSG00000078053_AMPH	ENSG00000078053	AMPH	2082	53.14	1030	640	30.74	GC2	70	fast	90
ENSG00000078061_ARAF	ENSG00000078061	ARAF	1821	59.26	599	320	17.57		70	slow	90
ENSG00000078070_MCCC1	ENSG00000078070	MCCC1	2178	48.19	1151	690	31.68	GC2	70	fast	90
ENSG00000078098_FAP	ENSG00000078098	FAP	2283	39.62	927	426	18.66	GC3	70	slow	90
ENSG00000078124_ACER3	ENSG00000078124	ACER3	804	41.15	288	117	14.55	GC3		fast	80
ENSG00000078140_UBE2K	ENSG00000078140	UBE2K	603	41.71	159	85	14.10	GC3		slow	90
ENSG00000078142_PIK3C3	ENSG00000078142	PIK3C3	2664	42.47	1066	536	20.12	GC3		slow	90
ENSG00000078177_N4BP2	ENSG00000078177	N4BP2	5340	39.43	3334	1792	33.56	GC3	90	fast	90
ENSG00000078237_C12orf5	ENSG00000078237	C12orf5	813	46.75	529	341	41.94	GC3		fast	90
ENSG00000078246_TULP3	ENSG00000078246	TULP3	1332	50.32	716	414	31.08	GC2	70	slow	80
ENSG00000078269_SYNJ2	ENSG00000078269	SYNJ2	4377	58.37	2275	1411	32.24	GC1	90	fast	80
ENSG00000078295_ADCY2	ENSG00000078295	ADCY2	3066	51.45	1115	702	22.90	GC1	70	fast	80
ENSG00000078304_PPP2R5C	ENSG00000078304	PPP2R5C	1647	46.52	506	335	20.34	GC2		fast	80
ENSG00000078328_RBFOX1	ENSG00000078328	RBFOX1	1257	56.23	420	182	14.48	GC2		slow	70
ENSG00000078369_GNB1	ENSG00000078369	GNB1	1023	55.20	309	183	17.89	GC1		fast	70
ENSG00000078401_EDN1	ENSG00000078401	EDN1	609	50.88	361	211	34.65	GC2		fast	90
ENSG00000078403_MLLT10	ENSG00000078403	MLLT10	3213	46.37	1072	531	16.53	GC3	70	fast	90
ENSG00000078487_ZCWPW1	ENSG00000078487	ZCWPW1	1953	48.18	1336	756	38.71	GC2	70	fast	90
ENSG00000078549_ADCYAP1R1	ENSG00000078549	ADCYAP1R1	1491	55.15	557	303	20.32		70	slow	80
ENSG00000078579_FGF20	ENSG00000078579	FGF20	636	55.07	239	99	15.57	GC2		slow	90
ENSG00000078618_NRD1	ENSG00000078618	NRD1	3666	44.88	1464	614	16.75	GC3	80	slow	90
ENSG00000078674_PCM1	ENSG00000078674	PCM1	6132	41.22	2808	1456	23.74	GC3	90	slow	90
ENSG00000078687_TNRC6C	ENSG00000078687	TNRC6C	5205	58.69	2194	1308	25.13	GC1	80	fast	90
ENSG00000078699_CBFA2T2	ENSG00000078699	CBFA2T2	1779	52.66	646	365	20.52	GC2	70	slow	90
ENSG00000078725_BRINP1	ENSG00000078725	BRINP1	2286	55.56	534	301	13.17			slow	90
ENSG00000078747_ITCH	ENSG00000078747	ITCH	2589	42.02	927	391	15.10	GC3	70	slow	90
ENSG00000078795_PKD2L2	ENSG00000078795	PKD2L2	1875	35.91	810	408	21.76	GC3	80	slow	80
ENSG00000078808_SDF4	ENSG00000078808	SDF4	1089	58.51	485	330	30.30			fast	80
ENSG00000078814_MYH7B	ENSG00000078814	MYH7B	5841	61.43	1900	971	16.62		80	slow	80
ENSG00000078898_BPIFB2	ENSG00000078898	BPIFB2	1377	58.64	874	530	38.49		70	fast	80
ENSG00000078900_TP73	ENSG00000078900	TP73	1911	63.65	757	427	22.34		70	fast	70
ENSG00000078902_TOLLIP	ENSG00000078902	TOLLIP	825	64.32	361	221	26.79		70	fast	70
ENSG00000079102_RUNX1T1	ENSG00000079102	RUNX1T1	1815	56.09	521	310	17.08	GC1		slow	90
ENSG00000079112_CDH17	ENSG00000079112	CDH17	2499	45.80	1595	1047	41.90	GC3	90	fast	90
ENSG00000079134_THOC1	ENSG00000079134	THOC1	1974	40.24	646	313	15.86	GC3		slow	90
ENSG00000079150_FKBP7	ENSG00000079150	FKBP7	669	40.88	324	172	25.71	GC3		fast	90
ENSG00000079156_OSBPL6	ENSG00000079156	OSBPL6	2880	47.22	897	530	18.40	GC2	80	slow	90
ENSG00000079215_SLC1A3	ENSG00000079215	SLC1A3	1629	50.06	513	303	18.60	GC1	70	slow	80
ENSG00000079246_XRCC5	ENSG00000079246	XRCC5	2202	44.27	1168	661	30.02	GC3	70	fast	90
ENSG00000079257_LXN	ENSG00000079257	LXN	669	44.66	307	166	24.81	GC3		fast	90
ENSG00000079308_TNS1	ENSG00000079308	TNS1	5211	61.29	2407	1166	22.38	GC1	80	slow	70
ENSG00000079335_CDC14A	ENSG00000079335	CDC14A	1875	46.76	818	446	23.79	GC2		slow	80
ENSG00000079337_RAPGEF3	ENSG00000079337	RAPGEF3	2772	61.63	1232	576	20.78		70	fast	90
ENSG00000079387_SENP1	ENSG00000079387	SENP1	1938	42.38	779	386	19.92	GC3	80	slow	90
ENSG00000079432_CIC	ENSG00000079432	CIC	4827	65.72	2101	1056	21.88	GC1		fast	80
ENSG00000079435_LIPE	ENSG00000079435	LIPE	3186	61.13	2462	1297	40.71	GC1	80	fast	90
ENSG00000079459_FDFT1	ENSG00000079459	FDFT1	1254	48.77	614	356	28.39	GC2		slow	90
ENSG00000079462_PAFAH1B3	ENSG00000079462	PAFAH1B3	696	61.16	220	133	19.11	GC1		slow	
ENSG00000079482_OPHN1	ENSG00000079482	OPHN1	2409	46.67	964	503	20.88	GC2	70	fast	80
ENSG00000079616_KIF22	ENSG00000079616	KIF22	1995	58.31	979	536	26.87	GC1	70	slow	80
ENSG00000079691_LRRC16A	ENSG00000079691	LRRC16A	4122	50.13	1741	1071	25.98	GC2	70	fast	90
ENSG00000079785_DDX1	ENSG00000079785	DDX1	2223	43.87	697	443	19.93	GC3		slow	90
ENSG00000079819_EPB41L2	ENSG00000079819	EPB41L2	2997	50.14	1479	725	24.19	GC2	80	slow	80
ENSG00000079841_RIMS1	ENSG00000079841	RIMS1	4914	50.58	2243	1013	20.61	GC3	70	slow	80
ENSG00000079931_MOXD1	ENSG00000079931	MOXD1	1842	49.28	878	494	26.82	GC2	80	fast	90
ENSG00000079950_STX7	ENSG00000079950	STX7	786	44.95	322	197	25.06	GC3		slow	90
ENSG00000079999_KEAP1	ENSG00000079999	KEAP1	1875	62.30	648	394	21.01			slow	80
ENSG00000080166_DCT	ENSG00000080166	DCT	1560	51.82	846	513	32.88	GC2		fast	90
ENSG00000080189_SLC35C2	ENSG00000080189	SLC35C2	1098	58.23	440	218	19.85			slow	90
ENSG00000080224_EPHA6	ENSG00000080224	EPHA6	3108	46.21	785	326	10.49	GC3	70	slow	
ENSG00000080293_SCTR	ENSG00000080293	SCTR	1320	56.60	774	448	33.94			fast	90
ENSG00000080298_RFX3	ENSG00000080298	RFX3	2250	49.26	639	328	14.58	GC2		slow	90
ENSG00000080345_RIF1	ENSG00000080345	RIF1	7443	38.40	4501	2606	35.01	GC3	90	fast	90
ENSG00000080371_RAB21	ENSG00000080371	RAB21	669	44.93	203	90	13.45	GC3		fast	90
ENSG00000080493_SLC4A4	ENSG00000080493	SLC4A4	3240	47.43	1162	713	22.01	GC2	70	fast	90
ENSG00000080511_RDH8	ENSG00000080511	RDH8	939	61.38	459	262	27.90			fast	80
ENSG00000080546_SESN1	ENSG00000080546	SESN1	1656	42.25	522	271	16.36	GC3		slow	90
ENSG00000080561_MID2	ENSG00000080561	MID2	2148	47.99	547	261	12.15	GC2	70	slow	90
ENSG00000080603_SRCAP	ENSG00000080603	SRCAP	9720	57.83	5150	2386	24.55	GC2	90	fast	90
ENSG00000080608_KIAA0020	ENSG00000080608	KIAA0020	1944	44.49	965	587	30.20	GC2	80	slow	90
ENSG00000080618_CPB2	ENSG00000080618	CPB2	1272	42.28	743	479	37.66	GC3	70	fast	90
ENSG00000080644_CHRNA3	ENSG00000080644	CHRNA3	1479	52.76	573	367	24.81			slow	80
ENSG00000080709_KCNN2	ENSG00000080709	KCNN2	2517	55.06	808	289	11.48	GC1		fast	90
ENSG00000080802_CNOT4	ENSG00000080802	CNOT4	2142	47.89	570	270	12.61	GC3		slow	90
ENSG00000080815_PSEN1	ENSG00000080815	PSEN1	1404	47.06	570	329	23.43	GC2	70	fast	90
ENSG00000080819_CPOX	ENSG00000080819	CPOX	1329	55.49	645	344	25.88	GC2		fast	90
ENSG00000080823_MOK	ENSG00000080823	MOK	1260	52.79	690	416	33.02	GC1		fast	90
ENSG00000080824_HSP90AA1	ENSG00000080824	HSP90AA1	2202	47.03	757	504	22.89	GC1		fast	70
ENSG00000080839_RBL1	ENSG00000080839	RBL1	3207	41.64	1426	661	20.61	GC3	80	slow	90
ENSG00000080845_DLGAP4	ENSG00000080845	DLGAP4	2979	62.71	868	441	14.80			fast	90
ENSG00000080986_NDC80	ENSG00000080986	NDC80	1929	39.72	852	403	20.89	GC3	80	fast	90
ENSG00000081014_AP4E1	ENSG00000081014	AP4E1	3417	40.46	1607	826	24.17	GC3	80	fast	90
ENSG00000081026_MAGI3	ENSG00000081026	MAGI3	4449	48.33	2200	1270	28.55	GC3	80	fast	90
ENSG00000081051_AFP	ENSG00000081051	AFP	1830	43.14	1189	691	37.76	GC3	80	slow	90
ENSG00000081052_COL4A4	ENSG00000081052	COL4A4	5070	60.40	3037	1821	35.92	GC3	90	fast	90
ENSG00000081059_TCF7	ENSG00000081059	TCF7	915	58.64	377	220	24.04	GC1		fast	90
ENSG00000081087_OSTM1	ENSG00000081087	OSTM1	1005	49.60	502	285	28.36	GC2	70	fast	90
ENSG00000081138_CDH7	ENSG00000081138	CDH7	2358	49.34	807	526	22.31	GC2		fast	90
ENSG00000081148_IMPG2	ENSG00000081148	IMPG2	3729	45.07	2343	1258	33.74	GC3	80	slow	80
ENSG00000081177_EXD2	ENSG00000081177	EXD2	1860	53.12	872	451	24.25	GC1	70	fast	90
ENSG00000081181_ARG2	ENSG00000081181	ARG2	1065	48.63	431	225	21.13	GC3		slow	80
ENSG00000081189_MEF2C	ENSG00000081189	MEF2C	1422	51.13	346	203	14.28	GC2		slow	90
ENSG00000081237_PTPRC	ENSG00000081237	PTPRC	3921	44.03	2631	1903	48.53	GC3	80	fast	90
ENSG00000081307_UBA5	ENSG00000081307	UBA5	1215	44.99	461	250	20.58	GC3		slow	90
ENSG00000081320_STK17B	ENSG00000081320	STK17B	1119	39.46	450	272	24.31	GC3		slow	90
ENSG00000081479_LRP2	ENSG00000081479	LRP2	13959	47.08	8226	5653	40.50	GC3	90	fast	90
ENSG00000081692_JMJD4	ENSG00000081692	JMJD4	1266	58.79	695	450	35.55		70	fast	80
ENSG00000081721_DUSP12	ENSG00000081721	DUSP12	1023	51.11	501	258	25.22	GC2		fast	80
ENSG00000081791_KIAA0141	ENSG00000081791	KIAA0141	1554	59.91	983	558	35.91	GC1	70	fast	90
ENSG00000081800_SLC13A1	ENSG00000081800	SLC13A1	1788	43.71	1012	570	31.88	GC3	80	fast	90
ENSG00000081803_CADPS2	ENSG00000081803	CADPS2	3867	45.24	1404	778	20.12	GC3	70	fast	90
ENSG00000081923_ATP8B1	ENSG00000081923	ATP8B1	3756	46.71	1551	970	25.83	GC2	80	fast	90
ENSG00000082074_FYB	ENSG00000082074	FYB	2493	48.42	1537	944	37.87	GC3	80	fast	90
ENSG00000082126_MPP4	ENSG00000082126	MPP4	1911	50.47	1112	607	31.76	GC2	70	fast	90
ENSG00000082146_STRADB	ENSG00000082146	STRADB	1257	44.55	497	239	19.01	GC3	70	slow	90
ENSG00000082153_BZW1	ENSG00000082153	BZW1	1260	41.55	274	118	9.37	GC3		slow	90
ENSG00000082212_ME2	ENSG00000082212	ME2	1755	41.79	763	444	25.30	GC3	70	slow	90
ENSG00000082213_C5orf22	ENSG00000082213	C5orf22	1332	43.77	741	392	29.43	GC3		fast	90
ENSG00000082258_CCNT2	ENSG00000082258	CCNT2	2202	44.31	548	266	12.08	GC3	70	slow	80
ENSG00000082269_FAM135A	ENSG00000082269	FAM135A	4554	39.13	2102	1144	25.12	GC3	90	slow	90
ENSG00000082293_COL19A1	ENSG00000082293	COL19A1	3423	53.35	1678	893	26.09	GC3	80	slow	80
ENSG00000082397_EPB41L3	ENSG00000082397	EPB41L3	3279	51.97	1477	883	26.93	GC2	80	slow	80
ENSG00000082438_COBLL1	ENSG00000082438	COBLL1	3510	44.74	2331	1357	38.66	GC3	80	fast	90
ENSG00000082482_KCNK2	ENSG00000082482	KCNK2	1281	48.56	467	289	22.56	GC2		slow	90
ENSG00000082515_MRPL22	ENSG00000082515	MRPL22	621	46.33	326	161	25.93	GC3		fast	90
ENSG00000082516_GEMIN5	ENSG00000082516	GEMIN5	4527	50.06	2206	1266	27.97	GC2	90	slow	90
ENSG00000082556_OPRK1	ENSG00000082556	OPRK1	1143	53.68	500	318	27.82			fast	90
ENSG00000082641_NFE2L1	ENSG00000082641	NFE2L1	2322	57.94	836	351	15.12	GC1	70	fast	90
ENSG00000082684_SEMA5B	ENSG00000082684	SEMA5B	3330	63.63	1510	700	21.02		70	fast	90
ENSG00000082701_GSK3B	ENSG00000082701	GSK3B	1302	46.89	314	120	9.22	GC3		slow	90
ENSG00000082781_ITGB5	ENSG00000082781	ITGB5	2397	57.00	1085	603	25.16		80	fast	90
ENSG00000082805_ERC1	ENSG00000082805	ERC1	3351	48.45	1218	727	21.70	GC2	70	fast	90
ENSG00000082898_XPO1	ENSG00000082898	XPO1	3216	38.09	927	503	15.64	GC3	80	slow	90
ENSG00000082996_RNF13	ENSG00000082996	RNF13	1146	42.17	513	263	22.95	GC3		slow	90
ENSG00000083067_TRPM3	ENSG00000083067	TRPM3	5031	51.07	1740	1005	19.98	GC1	80	slow	90
ENSG00000083093_PALB2	ENSG00000083093	PALB2	3570	44.43	2678	1762	49.36	GC3	90	fast	80
ENSG00000083097_DOPEY1	ENSG00000083097	DOPEY1	7398	43.58	2863	1648	22.28	GC3	80	slow	90
ENSG00000083123_BCKDHB	ENSG00000083123	BCKDHB	1179	50.20	464	266	22.56	GC3		fast	90
ENSG00000083168_KAT6A	ENSG00000083168	KAT6A	6006	49.30	2404	1411	23.49	GC2	80	fast	90
ENSG00000083223_ZCCHC6	ENSG00000083223	ZCCHC6	4497	42.18	2280	1269	28.22	GC3	80	fast	90
ENSG00000083290_ULK2	ENSG00000083290	ULK2	3111	50.51	1409	728	23.40	GC2	80	fast	80
ENSG00000083307_GRHL2	ENSG00000083307	GRHL2	1878	50.39	632	399	21.25	GC1		slow	90
ENSG00000083312_TNPO1	ENSG00000083312	TNPO1	2697	42.38	804	376	13.94	GC3	70	slow	90
ENSG00000083444_PLOD1	ENSG00000083444	PLOD1	2184	59.76	874	470	21.52			fast	90
ENSG00000083457_ITGAE	ENSG00000083457	ITGAE	3516	53.00	2247	1328	37.77	GC1	80	fast	80
ENSG00000083520_DIS3	ENSG00000083520	DIS3	2877	41.57	1175	685	23.81	GC3	70	slow	90
ENSG00000083535_PIBF1	ENSG00000083535	PIBF1	2274	37.42	1000	565	24.85	GC3	80	slow	90
ENSG00000083635_NUFIP1	ENSG00000083635	NUFIP1	1488	47.23	931	574	38.58	GC3	70	fast	90
ENSG00000083642_PDS5B	ENSG00000083642	PDS5B	4347	41.47	1556	986	22.68	GC3	80	slow	90
ENSG00000083720_OXCT1	ENSG00000083720	OXCT1	1563	46.16	636	353	22.58	GC3	70	slow	90
ENSG00000083750_RRAGB	ENSG00000083750	RRAGB	1125	43.05	388	172	15.29	GC3		slow	80
ENSG00000083782_EPYC	ENSG00000083782	EPYC	969	44.37	455	300	30.96	GC3		slow	90
ENSG00000083799_CYLD	ENSG00000083799	CYLD	2871	43.61	1082	597	20.79	GC3	80	slow	80
ENSG00000083845_RPS5	ENSG00000083845	RPS5	615	57.80	178	123	20.00			slow	80
ENSG00000083857_FAT1	ENSG00000083857	FAT1	13767	49.40	6709	4533	32.93	GC2	70	slow	90
ENSG00000083896_YTHDC1	ENSG00000083896	YTHDC1	2187	44.30	544	264	12.07	GC3	70	slow	90
ENSG00000083937_CHMP2B	ENSG00000083937	CHMP2B	642	39.83	195	103	16.04	GC3		slow	90
ENSG00000084070_SMAP2	ENSG00000084070	SMAP2	1290	51.04	457	218	16.90	GC2	70	slow	90
ENSG00000084073_ZMPSTE24	ENSG00000084073	ZMPSTE24	1428	40.84	422	219	15.34	GC3	70	slow	90
ENSG00000084090_STARD7	ENSG00000084090	STARD7	1092	53.13	471	259	23.72	GC1	70	fast	90
ENSG00000084092_NOA1	ENSG00000084092	NOA1	2091	55.86	1262	745	35.63	GC2	80	fast	90
ENSG00000084093_REST	ENSG00000084093	REST	3033	45.73	1871	1007	33.20	GC3	70	fast	80
ENSG00000084110_HAL	ENSG00000084110	HAL	1974	52.71	764	466	23.61	GC2	70	fast	90
ENSG00000084112_SSH1	ENSG00000084112	SSH1	3084	58.41	1760	1068	34.63	GC1	70	fast	90
ENSG00000084234_APLP2	ENSG00000084234	APLP2	2274	53.96	948	592	26.03	GC1		fast	90
ENSG00000084444_KIAA1467	ENSG00000084444	KIAA1467	1872	55.34	955	581	31.04	GC1	80	slow	90
ENSG00000084463_WBP11	ENSG00000084463	WBP11	1926	51.32	679	333	17.29	GC3	70	slow	80
ENSG00000084623_EIF3I	ENSG00000084623	EIF3I	978	52.95	294	166	16.97	GC1		slow	90
ENSG00000084628_NKAIN1	ENSG00000084628	NKAIN1	624	57.35	197	103	16.51			fast	90
ENSG00000084636_COL16A1	ENSG00000084636	COL16A1	4842	64.09	2141	1135	23.44	GC2	90	fast	80
ENSG00000084652_TXLNA	ENSG00000084652	TXLNA	1641	57.79	636	347	21.15	GC1	70	fast	90
ENSG00000084674_APOB	ENSG00000084674	APOB	13677	44.12	9103	5536	40.48	GC2	80	fast	90
ENSG00000084676_NCOA1	ENSG00000084676	NCOA1	4326	48.32	1580	843	19.49	GC3	80	slow	90
ENSG00000084693_AGBL5	ENSG00000084693	AGBL5	2664	57.00	1155	675	25.34	GC1	70	fast	90
ENSG00000084710_EFR3B	ENSG00000084710	EFR3B	2454	56.64	822	406	16.54			fast	80
ENSG00000084731_KIF3C	ENSG00000084731	KIF3C	2382	59.17	1179	474	19.90		70	slow	90
ENSG00000084754_HADHA	ENSG00000084754	HADHA	2292	48.76	1016	604	26.35	GC2	80	fast	90
ENSG00000085117_CD82	ENSG00000085117	CD82	804	58.56	429	228	28.36			fast	70
ENSG00000085185_BCORL1	ENSG00000085185	BCORL1	5349	59.15	2064	1112	20.79	GC1	90	slow	80
ENSG00000085276_MECOM	ENSG00000085276	MECOM	3156	46.34	950	443	14.04	GC3	80	slow	90
ENSG00000085365_SCAMP1	ENSG00000085365	SCAMP1	1017	43.41	281	155	15.24	GC3		slow	90
ENSG00000085377_PREP	ENSG00000085377	PREP	2133	49.06	736	474	22.22	GC2	70	fast	90
ENSG00000085382_HACE1	ENSG00000085382	HACE1	2730	42.43	865	415	15.20	GC3		slow	90
ENSG00000085415_SEH1L	ENSG00000085415	SEH1L	1236	45.72	557	290	23.46	GC3		fast	90
ENSG00000085433_WDR47	ENSG00000085433	WDR47	2763	42.83	955	486	17.59	GC3		slow	90
ENSG00000085449_WDFY1	ENSG00000085449	WDFY1	1233	53.77	413	249	20.19	GC1		fast	90
ENSG00000085465_OVGP1	ENSG00000085465	OVGP1	1776	50.71	1366	836	47.07	GC2	80	fast	80
ENSG00000085491_SLC25A24	ENSG00000085491	SLC25A24	1434	46.12	710	392	27.34	GC2		fast	90
ENSG00000085511_MAP3K4	ENSG00000085511	MAP3K4	4665	51.29	2138	1447	31.02	GC2	70	fast	90
ENSG00000085552_IGSF9	ENSG00000085552	IGSF9	3540	64.31	1935	898	25.37	GC1	80	fast	80
ENSG00000085719_CPNE3	ENSG00000085719	CPNE3	1611	43.65	607	364	22.59	GC3		slow	90
ENSG00000085741_WNT11	ENSG00000085741	WNT11	1065	63.41	283	136	12.77			slow	80
ENSG00000085760_MTIF2	ENSG00000085760	MTIF2	2184	42.27	1117	633	28.98	GC3	80	slow	90
ENSG00000085788_DDHD2	ENSG00000085788	DDHD2	2139	44.03	1029	544	25.43	GC3		slow	90
ENSG00000085831_TTC39A	ENSG00000085831	TTC39A	1737	53.85	752	350	20.15			fast	90
ENSG00000085832_EPS15	ENSG00000085832	EPS15	2700	43.45	1075	529	19.59	GC3	80	slow	90
ENSG00000085840_ORC1	ENSG00000085840	ORC1	2601	50.65	1606	917	35.26	GC2	80	fast	90
ENSG00000085872_CHERP	ENSG00000085872	CHERP	2751	63.83	1042	544	19.77			fast	70
ENSG00000085978_ATG16L1	ENSG00000085978	ATG16L1	1872	52.74	812	485	25.91	GC2	70	fast	90
ENSG00000085998_POMGNT1	ENSG00000085998	POMGNT1	2001	56.94	702	426	21.29	GC1	70	slow	90
ENSG00000085999_RAD54L	ENSG00000085999	RAD54L	2244	52.61	865	474	21.12	GC2	80	fast	90
ENSG00000086015_MAST2	ENSG00000086015	MAST2	5220	57.37	2741	1304	24.98	GC1	80	slow	70
ENSG00000086062_B4GALT1	ENSG00000086062	B4GALT1	1197	55.16	684	365	30.49	GC1	80	fast	90
ENSG00000086065_CHMP5	ENSG00000086065	CHMP5	660	46.98	241	113	17.12	GC2		slow	90
ENSG00000086102_NFX1	ENSG00000086102	NFX1	3363	49.03	1432	748	22.24	GC3	90	slow	70
ENSG00000086159_AQP6	ENSG00000086159	AQP6	840	61.58	510	279	33.21			slow	70
ENSG00000086189_DIMT1	ENSG00000086189	DIMT1	942	44.43	320	158	16.77	GC3		slow	90
ENSG00000086200_IPO11	ENSG00000086200	IPO11	2928	40.43	942	448	15.30	GC3	70	slow	70
ENSG00000086205_FOLH1	ENSG00000086205	FOLH1	2256	43.83	1053	568	25.18	GC3	70	fast	80
ENSG00000086232_EIF2AK1	ENSG00000086232	EIF2AK1	1893	48.47	1058	680	35.92	GC2	80	fast	90
ENSG00000086288_NME8	ENSG00000086288	NME8	1770	38.77	1228	757	42.77	GC3	80	fast	90
ENSG00000086289_EPDR1	ENSG00000086289	EPDR1	675	56.44	340	204	30.22	GC1		fast	80
ENSG00000086300_SNX10	ENSG00000086300	SNX10	606	44.09	225	143	23.60	GC3		slow	90
ENSG00000086475_SEPHS1	ENSG00000086475	SEPHS1	1179	53.25	381	241	20.44	GC1		fast	90
ENSG00000086504_MRPL28	ENSG00000086504	MRPL28	771	60.58	398	244	31.65		70	fast	80
ENSG00000086589_RBM22	ENSG00000086589	RBM22	1263	51.85	420	250	19.79	GC2		slow	90
ENSG00000086619_ERO1LB	ENSG00000086619	ERO1LB	1404	43.18	622	254	18.09	GC3	70	fast	80
ENSG00000086696_HSD17B2	ENSG00000086696	HSD17B2	1167	52.30	805	537	46.02	GC1	70	fast	80
ENSG00000086712_TXLNG	ENSG00000086712	TXLNG	1575	48.39	695	424	26.92	GC2	70	fast	90
ENSG00000086717_PPEF1	ENSG00000086717	PPEF1	1956	41.57	1123	697	35.63	GC3	70	slow	70
ENSG00000086758_HUWE1	ENSG00000086758	HUWE1	13128	50.53	4038	2064	15.72	GC2	90	slow	90
ENSG00000086827_ZW10	ENSG00000086827	ZW10	2340	44.00	1080	608	25.98	GC3	80	fast	90
ENSG00000086967_MYBPC2	ENSG00000086967	MYBPC2	3420	57.34	1901	918	26.84			fast	70
ENSG00000086991_NOX4	ENSG00000086991	NOX4	1737	43.85	847	400	23.03	GC3		fast	90
ENSG00000087053_MTMR2	ENSG00000087053	MTMR2	1932	45.07	699	429	22.20	GC3		fast	90
ENSG00000087076_HSD17B14	ENSG00000087076	HSD17B14	813	62.97	427	245	30.14			fast	80
ENSG00000087077_TRIP6	ENSG00000087077	TRIP6	1443	64.92	646	364	25.23	GC1	70	fast	80
ENSG00000087085_ACHE	ENSG00000087085	ACHE	1845	64.56	867	475	25.75		70	fast	90
ENSG00000087087_SRRT	ENSG00000087087	SRRT	2631	55.37	875	468	17.79	GC1	90	slow	80
ENSG00000087095_NLK	ENSG00000087095	NLK	1584	48.42	283	122	7.70	GC3		slow	90
ENSG00000087111_PIGS	ENSG00000087111	PIGS	1668	57.19	644	357	21.40	GC1	80	slow	80
ENSG00000087116_ADAMTS2	ENSG00000087116	ADAMTS2	3504	61.49	1671	878	25.06		70	fast	90
ENSG00000087128_TMPRSS11E	ENSG00000087128	TMPRSS11E	1269	43.20	739	400	31.52	GC3	70	fast	90
ENSG00000087191_PSMC5	ENSG00000087191	PSMC5	1221	52.83	447	258	21.13	GC1		slow	90
ENSG00000087206_UIMC1	ENSG00000087206	UIMC1	2169	48.16	1156	516	23.79	GC3	70	slow	80
ENSG00000087245_MMP2	ENSG00000087245	MMP2	1983	58.00	846	480	24.21			slow	80
ENSG00000087253_LPCAT2	ENSG00000087253	LPCAT2	1635	47.92	740	470	28.75	GC3	70	slow	90
ENSG00000087263_OGFOD1	ENSG00000087263	OGFOD1	1638	47.84	821	470	28.69	GC2	70	slow	90
ENSG00000087266_SH3BP2	ENSG00000087266	SH3BP2	1692	62.95	1074	561	33.16		70	fast	80
ENSG00000087269_NOP14	ENSG00000087269	NOP14	2574	56.64	1478	1010	39.24	GC1	70	fast	80
ENSG00000087274_ADD1	ENSG00000087274	ADD1	2208	55.10	872	567	25.68	GC1		fast	90
ENSG00000087299_L2HGDH	ENSG00000087299	L2HGDH	1392	46.13	665	391	28.09	GC3		slow	90
ENSG00000087301_TXNDC16	ENSG00000087301	TXNDC16	2466	39.63	1371	719	29.16	GC3	80	slow	70
ENSG00000087303_NID2	ENSG00000087303	NID2	4134	57.24	2482	1441	34.86	GC1	80	fast	90
ENSG00000087338_GMCL1	ENSG00000087338	GMCL1	1548	44.05	533	273	17.64	GC3		slow	90
ENSG00000087365_SF3B2	ENSG00000087365	SF3B2	2688	57.21	888	509	18.94	GC1	70	slow	90
ENSG00000087448_KLHL42	ENSG00000087448	KLHL42	1518	59.41	547	278	18.31			fast	80
ENSG00000087470_DNM1L	ENSG00000087470	DNM1L	2211	42.57	650	269	12.17	GC3	70	slow	80
ENSG00000087495_PHACTR3	ENSG00000087495	PHACTR3	1674	58.26	975	486	29.03	GC1	70	fast	70
ENSG00000087502_ERGIC2	ENSG00000087502	ERGIC2	1134	39.69	335	160	14.11	GC3		slow	90
ENSG00000087510_TFAP2C	ENSG00000087510	TFAP2C	1353	58.05	609	307	22.69	GC1		fast	80
ENSG00000087586_AURKA	ENSG00000087586	AURKA	1215	47.17	583	386	31.77	GC3	70	fast	90
ENSG00000087589_CASS4	ENSG00000087589	CASS4	2364	55.94	1700	1123	47.50	GC1	80	fast	90
ENSG00000087842_PIR	ENSG00000087842	PIR	873	49.13	372	192	21.99	GC2		slow	90
ENSG00000087903_RFX2	ENSG00000087903	RFX2	2169	62.47	1106	517	23.84			fast	80
ENSG00000088035_ALG6	ENSG00000088035	ALG6	1530	38.80	720	396	25.88	GC3		fast	90
ENSG00000088038_CNOT3	ENSG00000088038	CNOT3	2256	61.29	739	355	15.74			fast	70
ENSG00000088179_PTPN4	ENSG00000088179	PTPN4	2781	40.98	897	429	15.43	GC3	70	slow	90
ENSG00000088205_DDX18	ENSG00000088205	DDX18	2013	44.39	945	502	24.94	GC3	70	fast	70
ENSG00000088280_ASAP3	ENSG00000088280	ASAP3	2715	60.15	1455	734	27.03	GC1	80	fast	80
ENSG00000088298_EDEM2	ENSG00000088298	EDEM2	1737	54.70	681	359	20.67	GC1		slow	90
ENSG00000088305_DNMT3B	ENSG00000088305	DNMT3B	2556	55.68	1286	649	25.39	GC1	70	slow	90
ENSG00000088320_REM1	ENSG00000088320	REM1	897	64.67	384	201	22.41			fast	80
ENSG00000088325_TPX2	ENSG00000088325	TPX2	2244	46.02	1210	696	31.02	GC3	80	slow	90
ENSG00000088386_SLC15A1	ENSG00000088386	SLC15A1	2127	46.99	1254	789	37.09	GC2	80	fast	90
ENSG00000088387_DOCK9	ENSG00000088387	DOCK9	6264	48.00	2245	1376	21.97	GC2	80	slow	90
ENSG00000088448_ANKRD10	ENSG00000088448	ANKRD10	1263	55.25	651	392	31.04	GC1		fast	80
ENSG00000088451_TGDS	ENSG00000088451	TGDS	1053	40.68	390	219	20.80	GC3		slow	90
ENSG00000088538_DOCK3	ENSG00000088538	DOCK3	6060	51.85	1931	1002	16.53	GC1	90	slow	90
ENSG00000088682_COQ9	ENSG00000088682	COQ9	960	59.50	435	247	25.73	GC1		fast	90
ENSG00000088726_TMEM40	ENSG00000088726	TMEM40	702	53.40	419	208	29.63	GC2		slow	
ENSG00000088727_KIF9	ENSG00000088727	KIF9	2373	52.02	1158	611	25.75	GC1	70	fast	90
ENSG00000088756_ARHGAP28	ENSG00000088756	ARHGAP28	2070	44.18	1057	601	29.03	GC3	70	fast	90
ENSG00000088766_CRLS1	ENSG00000088766	CRLS1	906	50.49	447	211	23.29	GC3		fast	90
ENSG00000088808_PPP1R13B	ENSG00000088808	PPP1R13B	3264	58.72	1593	1012	31.00	GC1	80	fast	90
ENSG00000088826_SMOX	ENSG00000088826	SMOX	1668	61.29	522	270	16.19		70	slow	70
ENSG00000088827_SIGLEC1	ENSG00000088827	SIGLEC1	5133	62.77	3102	1894	36.90		90	fast	80
ENSG00000088833_NSFL1C	ENSG00000088833	NSFL1C	1119	56.38	319	186	16.62	GC1		fast	90
ENSG00000088836_SLC4A11	ENSG00000088836	SLC4A11	2616	57.30	1392	779	29.78		80	slow	70
ENSG00000088854_C20orf194	ENSG00000088854	C20orf194	3534	47.36	1434	678	19.19	GC2	90	fast	90
ENSG00000088881_EBF4	ENSG00000088881	EBF4	1797	64.08	544	225	12.52			fast	
ENSG00000088882_CPXM1	ENSG00000088882	CPXM1	2199	60.07	1050	628	28.56	GC1	70	fast	90
ENSG00000088888_MAVS	ENSG00000088888	MAVS	1548	60.96	1200	823	53.17	GC1	80	fast	90
ENSG00000088926_F11	ENSG00000088926	F11	1878	44.82	1079	661	35.20	GC3	80	fast	90
ENSG00000088930_XRN2	ENSG00000088930	XRN2	2853	45.78	940	517	18.12	GC3	80	slow	80
ENSG00000088970_KIZ	ENSG00000088970	KIZ	2043	44.85	1394	776	37.98	GC3	70	slow	90
ENSG00000088992_TESC	ENSG00000088992	TESC	645	58.01	237	100	15.50			fast	80
ENSG00000089006_SNX5	ENSG00000089006	SNX5	1215	43.64	458	265	21.81	GC3	70	slow	90
ENSG00000089022_MAPKAPK5	ENSG00000089022	MAPKAPK5	1410	46.93	401	221	15.67	GC2		slow	90
ENSG00000089041_P2RX7	ENSG00000089041	P2RX7	1788	51.53	989	612	34.23	GC1	70	fast	90
ENSG00000089048_ESF1	ENSG00000089048	ESF1	2553	37.71	1235	646	25.30	GC3	70	fast	90
ENSG00000089053_ANAPC5	ENSG00000089053	ANAPC5	2268	51.08	885	497	21.91	GC1	70	slow	90
ENSG00000089057_SLC23A2	ENSG00000089057	SLC23A2	1953	52.07	613	375	19.20	GC1		fast	90
ENSG00000089060_SLC8B1	ENSG00000089060	SLC8B1	1755	59.87	930	501	28.55		80	fast	80
ENSG00000089091_DZANK1	ENSG00000089091	DZANK1	2259	49.97	1386	810	35.86	GC2	80	fast	90
ENSG00000089094_KDM2B	ENSG00000089094	KDM2B	3918	58.46	1165	625	15.95		70	slow	80
ENSG00000089123_TASP1	ENSG00000089123	TASP1	1263	48.55	382	220	17.42	GC3	70	slow	90
ENSG00000089154_GCN1L1	ENSG00000089154	GCN1L1	8016	58.18	2944	1645	20.52		80	fast	90
ENSG00000089163_SIRT4	ENSG00000089163	SIRT4	945	57.09	527	313	33.12	GC1		fast	90
ENSG00000089177_KIF16B	ENSG00000089177	KIF16B	3942	49.27	2211	1460	37.04	GC2	70	fast	90
ENSG00000089195_TRMT6	ENSG00000089195	TRMT6	1494	45.57	687	367	24.56	GC3	80	slow	90
ENSG00000089199_CHGB	ENSG00000089199	CHGB	2034	53.45	1487	918	45.13	GC2	80	fast	80
ENSG00000089225_TBX5	ENSG00000089225	TBX5	1557	57.38	488	293	18.82	GC1	80	slow	80
ENSG00000089234_BRAP	ENSG00000089234	BRAP	1779	48.33	631	337	18.94	GC2		slow	90
ENSG00000089248_ERP29	ENSG00000089248	ERP29	786	54.21	332	187	23.79	GC1		slow	90
ENSG00000089250_NOS1	ENSG00000089250	NOS1	4407	57.78	1780	925	20.99		80	fast	80
ENSG00000089289_IGBP1	ENSG00000089289	IGBP1	1023	49.01	538	247	24.14	GC2		slow	70
ENSG00000089351_GRAMD1A	ENSG00000089351	GRAMD1A	2163	62.18	854	418	19.33			slow	80
ENSG00000089472_HEPH	ENSG00000089472	HEPH	3477	49.37	1575	860	24.73	GC2	80	slow	70
ENSG00000089486_CDIP1	ENSG00000089486	CDIP1	627	62.21	236	148	23.60	GC1		slow	80
ENSG00000089558_KCNH4	ENSG00000089558	KCNH4	3054	61.88	1581	722	23.64		70	fast	90
ENSG00000089597_GANAB	ENSG00000089597	GANAB	2901	56.14	1152	682	23.51	GC1	70	fast	90
ENSG00000089682_RBM41	ENSG00000089682	RBM41	1242	44.91	436	208	16.75	GC3	70	slow	90
ENSG00000089692_LAG3	ENSG00000089692	LAG3	1551	64.07	1134	669	43.13	GC1	80	fast	80
ENSG00000089723_OTUB2	ENSG00000089723	OTUB2	705	52.08	223	121	17.16	GC1		slow	90
ENSG00000089737_DDX24	ENSG00000089737	DDX24	2574	50.85	1425	881	34.23	GC2	80	slow	90
ENSG00000089775_ZBTB25	ENSG00000089775	ZBTB25	1308	46.74	517	260	19.88	GC2		slow	90
ENSG00000089818_NECAP1	ENSG00000089818	NECAP1	828	51.10	307	147	17.75	GC2		slow	90
ENSG00000089820_ARHGAP4	ENSG00000089820	ARHGAP4	2844	64.72	1578	933	32.81		80	fast	90
ENSG00000089876_DHX32	ENSG00000089876	DHX32	2238	49.00	1082	706	31.55	GC2		fast	90
ENSG00000089902_RCOR1	ENSG00000089902	RCOR1	1110	45.95	406	258	23.24	GC2		slow	80
ENSG00000089916_GPATCH2L	ENSG00000089916	GPATCH2L	1449	52.31	605	357	24.64	GC2		slow	90
ENSG00000090013_BLVRB	ENSG00000090013	BLVRB	621	61.96	373	201	32.37			fast	90
ENSG00000090020_SLC9A1	ENSG00000090020	SLC9A1	2448	59.09	935	430	17.57			slow	90
ENSG00000090054_SPTLC1	ENSG00000090054	SPTLC1	1422	45.59	611	364	25.60	GC3		fast	90
ENSG00000090060_PAPOLA	ENSG00000090060	PAPOLA	2220	42.55	567	260	11.71	GC3		slow	90
ENSG00000090061_CCNK	ENSG00000090061	CCNK	1746	55.70	731	412	23.60	GC2		fast	90
ENSG00000090104_RGS1	ENSG00000090104	RGS1	630	40.86	329	198	31.43	GC3		slow	90
ENSG00000090273_NUDC	ENSG00000090273	NUDC	999	56.59	342	179	17.92			slow	80
ENSG00000090316_MAEA	ENSG00000090316	MAEA	1191	60.15	402	211	17.72			fast	90
ENSG00000090339_ICAM1	ENSG00000090339	ICAM1	1602	61.32	1188	819	51.12		70	fast	70
ENSG00000090372_STRN4	ENSG00000090372	STRN4	2004	61.54	720	385	19.21		70	fast	80
ENSG00000090376_IRAK3	ENSG00000090376	IRAK3	1791	45.55	1030	636	35.51	GC3	70	fast	90
ENSG00000090402_SI	ENSG00000090402	SI	5484	39.42	2872	1738	31.69	GC3	80	fast	90
ENSG00000090432_MUL1	ENSG00000090432	MUL1	1059	58.62	443	263	24.83			slow	90
ENSG00000090447_TFAP4	ENSG00000090447	TFAP4	1017	62.12	370	160	15.73			slow	80
ENSG00000090487_SPG21	ENSG00000090487	SPG21	927	45.43	331	186	20.06	GC2		fast	90
ENSG00000090520_DNAJB11	ENSG00000090520	DNAJB11	1077	47.71	338	196	18.20	GC2	70	slow	90
ENSG00000090530_P3H2	ENSG00000090530	P3H2	2115	52.66	952	501	23.69	GC2	70	fast	90
ENSG00000090534_THPO	ENSG00000090534	THPO	1062	57.75	693	347	32.67	GC2		fast	80
ENSG00000090554_FLT3LG	ENSG00000090554	FLT3LG	711	63.87	414	235	33.05			fast	70
ENSG00000090565_RAB11FIP3	ENSG00000090565	RAB11FIP3	1554	61.05	834	493	31.72		70	fast	90
ENSG00000090581_GNPTG	ENSG00000090581	GNPTG	921	61.50	618	388	42.13		70	fast	90
ENSG00000090615_GOLGA3	ENSG00000090615	GOLGA3	4500	57.58	2512	1647	36.60	GC1	80	fast	80
ENSG00000090661_CERS4	ENSG00000090661	CERS4	1182	58.86	785	495	41.88		70	fast	80
ENSG00000090674_MCOLN1	ENSG00000090674	MCOLN1	1743	59.39	684	399	22.89		70	fast	80
ENSG00000090686_USP48	ENSG00000090686	USP48	3111	43.63	985	587	18.87	GC3	80	slow	80
ENSG00000090857_PDPR	ENSG00000090857	PDPR	2637	53.06	965	543	20.59	GC1	80	fast	80
ENSG00000090861_AARS	ENSG00000090861	AARS	2907	53.43	1088	638	21.95	GC1	70	fast	90
ENSG00000090863_GLG1	ENSG00000090863	GLG1	3606	50.33	1261	747	20.72	GC2	80	fast	90
ENSG00000090905_TNRC6A	ENSG00000090905	TNRC6A	5811	49.06	1593	637	10.96	GC3	80	slow	80
ENSG00000090924_PLEKHG2	ENSG00000090924	PLEKHG2	4161	62.14	2512	1439	34.58	GC1	70	fast	80
ENSG00000090975_PITPNM2	ENSG00000090975	PITPNM2	4008	63.01	1517	801	19.99		80	slow	70
ENSG00000090989_EXOC1	ENSG00000090989	EXOC1	2685	41.46	867	510	18.99	GC3		slow	90
ENSG00000091010_POU4F3	ENSG00000091010	POU4F3	1017	62.52	276	151	14.85			slow	90
ENSG00000091039_OSBPL8	ENSG00000091039	OSBPL8	2670	40.44	914	464	17.38	GC3	70	slow	90
ENSG00000091073_DTX2	ENSG00000091073	DTX2	1860	62.17	838	439	23.60			fast	90
ENSG00000091129_NRCAM	ENSG00000091129	NRCAM	3915	46.63	1729	992	25.34	GC3	70	fast	90
ENSG00000091136_LAMB1	ENSG00000091136	LAMB1	5361	51.81	2314	1426	26.60	GC2	80	fast	90
ENSG00000091137_SLC26A4	ENSG00000091137	SLC26A4	2343	45.55	1039	608	25.95	GC2	80	fast	90
ENSG00000091138_SLC26A3	ENSG00000091138	SLC26A3	2280	43.91	1188	751	32.94	GC3	80	fast	90
ENSG00000091140_DLD	ENSG00000091140	DLD	1530	42.49	547	280	18.30	GC3		slow	90
ENSG00000091157_WDR7	ENSG00000091157	WDR7	4473	48.40	1535	997	22.29	GC3	70	slow	90
ENSG00000091164_TXNL1	ENSG00000091164	TXNL1	870	40.99	285	126	14.48	GC3		slow	90
ENSG00000091181_IL5RA	ENSG00000091181	IL5RA	1263	45.48	863	581	46.00	GC3	90	fast	90
ENSG00000091409_ITGA6	ENSG00000091409	ITGA6	3393	45.77	1302	811	23.90	GC3	80	fast	80
ENSG00000091428_RAPGEF4	ENSG00000091428	RAPGEF4	2988	47.09	934	501	16.77	GC2	70	slow	90
ENSG00000091436_NONAME	ENSG00000091436	NONAME	2403	46.60	970	608	25.30	GC2	70	slow	90
ENSG00000091483_FH	ENSG00000091483	FH	1527	47.68	655	427	27.96	GC3	70	fast	90
ENSG00000091490_SEL1L3	ENSG00000091490	SEL1L3	3267	48.97	1499	929	28.44	GC2	80	slow	90
ENSG00000091536_MYO15A	ENSG00000091536	MYO15A	10461	62.81	5858	3178	30.38		80	slow	70
ENSG00000091542_ALKBH5	ENSG00000091542	ALKBH5	1185	63.97	480	238	20.08			slow	90
ENSG00000091583_APOH	ENSG00000091583	APOH	1038	45.70	592	399	38.44	GC3	80	fast	80
ENSG00000091622_PITPNM3	ENSG00000091622	PITPNM3	2898	63.86	1435	682	23.53		70	fast	90
ENSG00000091640_SPAG7	ENSG00000091640	SPAG7	684	56.06	230	124	18.13	GC1		slow	90
ENSG00000091651_ORC6	ENSG00000091651	ORC6	759	46.15	453	269	35.44	GC3		fast	90
ENSG00000091656_ZFHX4	ENSG00000091656	ZFHX4	10821	51.64	4116	2586	23.90	GC2	90	slow	90
ENSG00000091664_SLC17A6	ENSG00000091664	SLC17A6	1749	46.70	530	305	17.44	GC2		slow	90
ENSG00000091831_ESR1	ENSG00000091831	ESR1	1788	57.11	786	418	23.38	GC1		fast	80
ENSG00000091844_RGS17	ENSG00000091844	RGS17	633	43.68	217	126	19.91	GC3		slow	90
ENSG00000091879_ANGPT2	ENSG00000091879	ANGPT2	1491	46.21	642	435	29.18	GC2		slow	90
ENSG00000091947_TMEM101	ENSG00000091947	TMEM101	774	61.10	241	135	17.44			slow	90
ENSG00000091972_CD200	ENSG00000091972	CD200	810	48.63	492	308	38.02	GC2	80	fast	90
ENSG00000091986_CCDC80	ENSG00000091986	CCDC80	2865	55.38	1536	898	31.34	GC1	80	slow	90
ENSG00000092010_PSME1	ENSG00000092010	PSME1	750	52.03	307	161	21.47	GC1		fast	80
ENSG00000092020_PPP2R3C	ENSG00000092020	PPP2R3C	1362	38.17	374	192	14.10	GC3		slow	80
ENSG00000092067_CEBPE	ENSG00000092067	CEBPE	846	66.60	318	168	19.86			slow	80
ENSG00000092068_SLC7A8	ENSG00000092068	SLC7A8	1608	55.10	644	350	21.77	GC1		fast	90
ENSG00000092094_OSGEP	ENSG00000092094	OSGEP	1008	54.12	373	209	20.73	GC2		slow	90
ENSG00000092096_SLC22A17	ENSG00000092096	SLC22A17	1563	63.20	509	227	14.52			slow	70
ENSG00000092108_SCFD1	ENSG00000092108	SCFD1	1923	39.39	576	282	14.66	GC3	70	slow	90
ENSG00000092140_G2E3	ENSG00000092140	G2E3	2121	36.55	942	494	23.29	GC3	90	slow	90
ENSG00000092200_RPGRIP1	ENSG00000092200	RPGRIP1	3846	48.68	2479	1400	36.40	GC2	90	fast	90
ENSG00000092201_SUPT16H	ENSG00000092201	SUPT16H	3144	44.28	1008	578	18.38	GC2	80	slow	90
ENSG00000092203_TOX4	ENSG00000092203	TOX4	1860	51.57	615	337	18.12	GC2	70	slow	90
ENSG00000092208_GEMIN2	ENSG00000092208	GEMIN2	843	46.59	376	198	23.49	GC3		slow	90
ENSG00000092295_TGM1	ENSG00000092295	TGM1	2448	59.67	1069	602	24.59			fast	90
ENSG00000092421_SEMA6A	ENSG00000092421	SEMA6A	3144	53.08	1022	555	17.65	GC1	70	fast	90
ENSG00000092439_TRPM7	ENSG00000092439	TRPM7	5601	38.33	1753	860	15.35	GC3	90	slow	90
ENSG00000092445_TYRO3	ENSG00000092445	TYRO3	2643	59.78	1136	601	22.74	GC1	70	fast	90
ENSG00000092470_WDR76	ENSG00000092470	WDR76	1887	43.66	1124	608	32.22	GC3	70	slow	80
ENSG00000092531_SNAP23	ENSG00000092531	SNAP23	636	44.94	268	114	17.92	GC3		slow	90
ENSG00000092607_TBX15	ENSG00000092607	TBX15	1809	53.37	563	295	16.31	GC2		fast	90
ENSG00000092758_COL9A3	ENSG00000092758	COL9A3	2043	70.40	1118	640	31.33	GC1	70	fast	80
ENSG00000092820_EZR	ENSG00000092820	EZR	1761	57.07	544	348	19.76			fast	80
ENSG00000092847_AGO1	ENSG00000092847	AGO1	2574	54.49	567	297	11.54	GC1	70	slow	90
ENSG00000092853_CLSPN	ENSG00000092853	CLSPN	4014	44.97	2231	1268	31.59	GC3	90	slow	90
ENSG00000092871_RFFL	ENSG00000092871	RFFL	1092	59.54	524	271	24.82		70	slow	90
ENSG00000092929_UNC13D	ENSG00000092929	UNC13D	3273	62.99	1519	768	23.46		80	slow	80
ENSG00000092931_MFSD11	ENSG00000092931	MFSD11	1350	45.93	494	334	24.74	GC2		fast	90
ENSG00000092964_DPYSL2	ENSG00000092964	DPYSL2	1719	56.44	527	312	18.15	GC1		slow	90
ENSG00000092969_TGFB2	ENSG00000092969	TGFB2	1329	50.46	482	244	18.36	GC1		slow	90
ENSG00000092978_GPATCH2	ENSG00000092978	GPATCH2	1587	51.15	761	472	29.74	GC2	80	fast	90
ENSG00000093009_CDC45	ENSG00000093009	CDC45	1701	52.83	709	428	25.16	GC1	80	fast	90
ENSG00000093144_ECHDC1	ENSG00000093144	ECHDC1	906	42.88	502	297	32.78	GC3		slow	80
ENSG00000093167_LRRFIP2	ENSG00000093167	LRRFIP2	2166	47.96	989	518	23.92	GC2	70	slow	90
ENSG00000093183_SEC22C	ENSG00000093183	SEC22C	912	50.99	440	225	24.67	GC2		fast	90
ENSG00000093217_XYLB	ENSG00000093217	XYLB	1611	55.92	814	443	27.50	GC1	80	fast	90
ENSG00000094631_HDAC6	ENSG00000094631	HDAC6	3486	57.60	1895	1157	33.19	GC1	80	fast	90
ENSG00000094804_CDC6	ENSG00000094804	CDC6	1683	46.98	854	458	27.21	GC2	70	slow	90
ENSG00000094841_UPRT	ENSG00000094841	UPRT	921	50.03	420	231	25.08	GC2		slow	90
ENSG00000094880_CDC23	ENSG00000094880	CDC23	1794	46.37	656	341	19.01	GC2	70	slow	90
ENSG00000094914_AAAS	ENSG00000094914	AAAS	1641	58.05	723	387	23.58	GC1	70	fast	90
ENSG00000094963_FMO2	ENSG00000094963	FMO2	1605	46.29	818	471	29.35	GC2	70	fast	90
ENSG00000094975_SUCO	ENSG00000094975	SUCO	3624	39.99	1637	811	22.38	GC3	80	fast	90
ENSG00000095002_MSH2	ENSG00000095002	MSH2	2805	42.73	1241	653	23.28	GC3	80	fast	90
ENSG00000095015_MAP3K1	ENSG00000095015	MAP3K1	4065	46.39	1542	841	20.69	GC3	80	slow	90
ENSG00000095059_DHPS	ENSG00000095059	DHPS	1110	58.15	397	223	20.09			slow	70
ENSG00000095066_HOOK2	ENSG00000095066	HOOK2	2160	62.34	1140	559	25.88			fast	90
ENSG00000095139_ARCN1	ENSG00000095139	ARCN1	1536	44.89	475	270	17.58	GC3		slow	90
ENSG00000095203_EPB41L4B	ENSG00000095203	EPB41L4B	2397	52.46	1027	573	23.90	GC2		slow	80
ENSG00000095209_TMEM38B	ENSG00000095209	TMEM38B	876	44.53	458	261	29.79	GC3		fast	90
ENSG00000095303_PTGS1	ENSG00000095303	PTGS1	1803	57.23	782	480	26.62		80	slow	90
ENSG00000095319_NUP188	ENSG00000095319	NUP188	5253	54.12	2087	1076	20.48	GC1	80	slow	80
ENSG00000095321_CRAT	ENSG00000095321	CRAT	1881	59.13	809	427	22.70		70	slow	80
ENSG00000095370_SH2D3C	ENSG00000095370	SH2D3C	2583	62.55	1117	663	25.67		70	fast	90
ENSG00000095380_NANS	ENSG00000095380	NANS	1080	54.82	420	238	22.04	GC1		slow	90
ENSG00000095383_TBC1D2	ENSG00000095383	TBC1D2	2802	61.77	1518	806	28.77		80	fast	90
ENSG00000095397_DFNB31	ENSG00000095397	DFNB31	2724	66.23	1242	628	23.05		70	fast	80
ENSG00000095464_PDE6C	ENSG00000095464	PDE6C	2586	44.93	1330	704	27.22	GC2	80	fast	90
ENSG00000095485_CWF19L1	ENSG00000095485	CWF19L1	1617	46.40	683	334	20.66	GC3		fast	90
ENSG00000095539_SEMA4G	ENSG00000095539	SEMA4G	2535	60.47	1216	619	24.42	GC1	80	slow	90
ENSG00000095564_BTAF1	ENSG00000095564	BTAF1	5550	41.33	1935	847	15.26	GC3	80	slow	90
ENSG00000095574_IKZF5	ENSG00000095574	IKZF5	1260	49.54	427	267	21.19	GC2		slow	90
ENSG00000095585_BLNK	ENSG00000095585	BLNK	1374	47.86	725	414	30.13	GC3	70	fast	90
ENSG00000095587_TLL2	ENSG00000095587	TLL2	3042	55.78	1275	660	21.70	GC1	70	fast	90
ENSG00000095596_CYP26A1	ENSG00000095596	CYP26A1	1494	56.68	562	312	20.88	GC1	70	slow	90
ENSG00000095627_TDRD1	ENSG00000095627	TDRD1	3549	41.81	2203	1266	35.67	GC3	70	fast	90
ENSG00000095637_SORBS1	ENSG00000095637	SORBS1	3882	52.16	1587	815	20.99	GC2	70	slow	80
ENSG00000095739_BAMBI	ENSG00000095739	BAMBI	783	55.18	327	187	23.88	GC1		slow	90
ENSG00000095777_MYO3A	ENSG00000095777	MYO3A	4848	42.32	2615	1524	31.44	GC3	90	fast	90
ENSG00000095794_CREM	ENSG00000095794	CREM	1035	47.72	467	204	19.71	GC3		slow	90
ENSG00000095951_HIVEP1	ENSG00000095951	HIVEP1	8148	50.53	4951	3408	41.83	GC2	90	fast	90
ENSG00000095970_TREM2	ENSG00000095970	TREM2	693	61.39	472	291	41.99			fast	80
ENSG00000096060_FKBP5	ENSG00000096060	FKBP5	1374	45.95	521	280	20.38	GC2		slow	90
ENSG00000096063_SRPK1	ENSG00000096063	SRPK1	1968	44.58	725	346	17.58	GC3		slow	90
ENSG00000096070_BRPF3	ENSG00000096070	BRPF3	3618	57.03	1388	757	20.92	GC1	90	slow	90
ENSG00000096093_EFHC1	ENSG00000096093	EFHC1	1923	46.01	969	601	31.25	GC2	70	fast	90
ENSG00000096401_CDC5L	ENSG00000096401	CDC5L	2409	44.04	811	417	17.31	GC3	70	slow	90
ENSG00000096433_ITPR3	ENSG00000096433	ITPR3	8016	59.33	3209	1323	16.50		70	slow	80
ENSG00000096696_DSP	ENSG00000096696	DSP	8616	51.20	3513	2153	24.99	GC1	90	fast	90
ENSG00000096717_SIRT1	ENSG00000096717	SIRT1	2196	43.96	1004	460	20.95	GC3	80	fast	90
ENSG00000096746_HNRNPH3	ENSG00000096746	HNRNPH3	1041	46.03	202	80	7.68	GC3		slow	90
ENSG00000096872_IFT74	ENSG00000096872	IFT74	1803	37.77	879	365	20.24	GC3	80	fast	90
ENSG00000096968_JAK2	ENSG00000096968	JAK2	3399	39.31	1275	667	19.62	GC3	80	fast	90
ENSG00000096996_IL12RB1	ENSG00000096996	IL12RB1	2004	62.71	1514	989	49.35		70	fast	90
ENSG00000097007_ABL1	ENSG00000097007	ABL1	3453	58.16	1371	854	24.73	GC1	80	fast	90
ENSG00000097021_ACOT7	ENSG00000097021	ACOT7	1044	60.02	372	234	22.41			fast	90
ENSG00000097033_SH3GLB1	ENSG00000097033	SH3GLB1	1161	42.11	397	187	16.11	GC3		fast	90
ENSG00000097046_CDC7	ENSG00000097046	CDC7	1725	42.21	817	433	25.10	GC3	70	slow	90
ENSG00000097096_SYDE2	ENSG00000097096	SYDE2	3351	44.42	1872	1055	31.48	GC3	80	fast	90
ENSG00000099139_PCSK5	ENSG00000099139	PCSK5	5253	54.02	2728	1647	31.35	GC1	90	fast	80
ENSG00000099203_TMED1	ENSG00000099203	TMED1	684	61.63	285	155	22.66			slow	90
ENSG00000099204_ABLIM1	ENSG00000099204	ABLIM1	2541	54.06	1027	544	21.41	GC1		fast	90
ENSG00000099219_ERMP1	ENSG00000099219	ERMP1	2712	48.73	1377	815	30.05	GC2	70	fast	90
ENSG00000099246_RAB18	ENSG00000099246	RAB18	621	41.37	249	112	18.04	GC3		slow	80
ENSG00000099250_NRP1	ENSG00000099250	NRP1	2772	50.18	1102	678	24.46	GC2	70	slow	90
ENSG00000099260_PALMD	ENSG00000099260	PALMD	1656	44.47	860	511	30.86	GC3	70	fast	90
ENSG00000099282_TSPAN15	ENSG00000099282	TSPAN15	885	56.32	468	217	24.52			fast	90
ENSG00000099284_H2AFY2	ENSG00000099284	H2AFY2	1119	54.98	334	195	17.43	GC1		slow	90
ENSG00000099308_MAST3	ENSG00000099308	MAST3	3906	63.71	1734	958	24.53		80	slow	
ENSG00000099326_MZF1	ENSG00000099326	MZF1	2205	66.50	1248	649	29.43		80	slow	
ENSG00000099330_OCEL1	ENSG00000099330	OCEL1	795	63.98	529	302	37.99			fast	
ENSG00000099331_MYO9B	ENSG00000099331	MYO9B	6474	59.98	2964	1772	27.37		90	fast	70
ENSG00000099337_KCNK6	ENSG00000099337	KCNK6	942	68.31	495	266	28.24			slow	80
ENSG00000099364_FBXL19	ENSG00000099364	FBXL19	2025	66.61	565	240	11.85	GC1		slow	80
ENSG00000099365_STX1B	ENSG00000099365	STX1B	867	54.06	301	142	16.38			fast	80
ENSG00000099377_HSD3B7	ENSG00000099377	HSD3B7	1110	62.27	494	272	24.50			fast	80
ENSG00000099381_SETD1A	ENSG00000099381	SETD1A	5115	60.90	2364	1187	23.21	GC1	80	slow	70
ENSG00000099385_BCL7C	ENSG00000099385	BCL7C	654	64.57	319	93	14.22	GC1		fast	70
ENSG00000099783_HNRNPM	ENSG00000099783	HNRNPM	2193	54.63	607	252	11.49	GC2		slow	80
ENSG00000099785_MARCH2	ENSG00000099785	MARCH2	741	62.27	292	168	22.67			slow	80
ENSG00000099814_CEP170B	ENSG00000099814	CEP170B	4764	68.72	3053	1583	33.23		80	fast	70
ENSG00000099875_MKNK2	ENSG00000099875	MKNK2	1392	62.54	565	272	19.54			fast	70
ENSG00000099889_ARVCF	ENSG00000099889	ARVCF	2889	65.78	1300	730	25.27		80	slow	80
ENSG00000099899_TRMT2A	ENSG00000099899	TRMT2A	1860	61.90	1022	699	37.58		70	fast	90
ENSG00000099901_RANBP1	ENSG00000099901	RANBP1	606	51.70	250	169	27.89	GC1		slow	80
ENSG00000099904_ZDHHC8	ENSG00000099904	ZDHHC8	2298	67.24	1101	522	22.72		70	fast	70
ENSG00000099910_KLHL22	ENSG00000099910	KLHL22	1905	60.52	691	387	20.31			slow	70
ENSG00000099917_MED15	ENSG00000099917	MED15	2340	61.71	986	508	21.71		70	fast	70
ENSG00000099937_SERPIND1	ENSG00000099937	SERPIND1	1494	53.04	844	602	40.29	GC1		fast	90
ENSG00000099940_SNAP29	ENSG00000099940	SNAP29	777	55.47	433	285	36.68	GC1	70	fast	90
ENSG00000099942_CRKL	ENSG00000099942	CRKL	912	53.57	261	132	14.47	GC2		slow	70
ENSG00000099949_LZTR1	ENSG00000099949	LZTR1	2523	60.62	957	512	20.29		80	slow	80
ENSG00000099953_MMP11	ENSG00000099953	MMP11	1467	63.95	868	505	34.42			slow	90
ENSG00000099954_CECR2	ENSG00000099954	CECR2	4278	54.91	2424	1517	35.46	GC2	90	fast	90
ENSG00000099956_SMARCB1	ENSG00000099956	SMARCB1	1131	55.93	374	200	17.68			fast	90
ENSG00000099958_DERL3	ENSG00000099958	DERL3	696	61.30	395	190	27.30			slow	70
ENSG00000099968_BCL2L13	ENSG00000099968	BCL2L13	1404	51.74	796	452	32.19	GC2	70	fast	80
ENSG00000099991_CABIN1	ENSG00000099991	CABIN1	6648	60.22	3005	1664	25.03		80	slow	
ENSG00000099995_SF3A1	ENSG00000099995	SF3A1	2382	57.44	688	429	18.01	GC1	70	slow	80
ENSG00000099999_RNF215	ENSG00000099999	RNF215	1089	64.91	565	275	25.25			fast	90
ENSG00000100012_SEC14L3	ENSG00000100012	SEC14L3	1203	54.75	446	212	17.62	GC1		slow	70
ENSG00000100014_SPECC1L	ENSG00000100014	SPECC1L	3357	50.94	1395	948	28.24	GC2	70	slow	90
ENSG00000100024_UPB1	ENSG00000100024	UPB1	1155	57.49	549	344	29.78	GC1		fast	90
ENSG00000100030_MAPK1	ENSG00000100030	MAPK1	1074	47.03	278	163	15.18	GC2		slow	80
ENSG00000100034_PPM1F	ENSG00000100034	PPM1F	1362	64.11	803	485	35.61		70	fast	90
ENSG00000100036_SLC35E4	ENSG00000100036	SLC35E4	1053	67.43	457	246	23.36			fast	80
ENSG00000100038_TOP3B	ENSG00000100038	TOP3B	2589	59.25	862	543	20.97		70	fast	80
ENSG00000100055_CYTH4	ENSG00000100055	CYTH4	1185	58.64	524	250	21.10			slow	80
ENSG00000100056_DGCR14	ENSG00000100056	DGCR14	1431	62.66	678	357	24.95			fast	80
ENSG00000100060_MFNG	ENSG00000100060	MFNG	966	62.82	473	251	25.98			fast	80
ENSG00000100065_CARD10	ENSG00000100065	CARD10	3081	66.28	1630	735	23.86		80	fast	80
ENSG00000100075_SLC25A1	ENSG00000100075	SLC25A1	927	61.08	394	239	25.78			fast	90
ENSG00000100077_ADRBK2	ENSG00000100077	ADRBK2	1953	46.96	714	432	22.12	GC2	70	slow	90
ENSG00000100078_PLA2G3	ENSG00000100078	PLA2G3	1527	62.54	1011	607	39.75	GC1	80	fast	80
ENSG00000100083_GGA1	ENSG00000100083	GGA1	1926	61.58	834	382	19.83		70	slow	70
ENSG00000100084_HIRA	ENSG00000100084	HIRA	3054	55.34	1204	717	23.48	GC1	80	fast	90
ENSG00000100092_SH3BP1	ENSG00000100092	SH3BP1	2097	63.53	1098	535	25.51		70	fast	80
ENSG00000100095_SEZ6L	ENSG00000100095	SEZ6L	2988	59.44	1395	854	28.58		70	fast	90
ENSG00000100100_PIK3IP1	ENSG00000100100	PIK3IP1	792	61.75	446	228	28.79		70	fast	90
ENSG00000100104_SRRD	ENSG00000100104	SRRD	972	55.57	648	450	46.30	GC1		fast	90
ENSG00000100116_GCAT	ENSG00000100116	GCAT	1260	62.64	544	298	23.65			slow	80
ENSG00000100122_CRYBB1	ENSG00000100122	CRYBB1	753	64.32	349	172	22.84			slow	
ENSG00000100124_ANKRD54	ENSG00000100124	ANKRD54	900	67.31	380	185	20.56			fast	90
ENSG00000100129_EIF3L	ENSG00000100129	EIF3L	1815	51.51	579	319	17.58	GC1		slow	70
ENSG00000100146_SOX10	ENSG00000100146	SOX10	1401	66.91	396	177	12.63			slow	70
ENSG00000100147_CCDC134	ENSG00000100147	CCDC134	690	55.01	263	147	21.30			fast	90
ENSG00000100150_DEPDC5	ENSG00000100150	DEPDC5	4782	54.63	1660	961	20.10	GC1	70	fast	90
ENSG00000100151_PICK1	ENSG00000100151	PICK1	1251	58.72	557	213	17.03			fast	90
ENSG00000100154_TTC28	ENSG00000100154	TTC28	7092	57.75	2748	1572	22.17	GC1	90	fast	90
ENSG00000100167_SEPT3	ENSG00000100167	SEPT3	1077	53.84	294	156	14.48			slow	80
ENSG00000100170_SLC5A1	ENSG00000100170	SLC5A1	1995	52.16	852	521	26.12	GC1	70	slow	80
ENSG00000100201_DDX17	ENSG00000100201	DDX17	2088	50.75	709	388	18.58	GC3		slow	90
ENSG00000100206_DMC1	ENSG00000100206	DMC1	1023	43.88	273	147	14.37	GC3		slow	90
ENSG00000100207_TCF20	ENSG00000100207	TCF20	5883	55.09	2270	1398	23.76	GC2	80	slow	80
ENSG00000100209_HSCB	ENSG00000100209	HSCB	708	51.16	373	205	28.95	GC2	80	slow	90
ENSG00000100218_RSPH14	ENSG00000100218	RSPH14	1023	59.27	588	315	30.79			slow	
ENSG00000100221_JOSD1	ENSG00000100221	JOSD1	609	53.22	180	99	16.26	GC1		slow	90
ENSG00000100225_FBXO7	ENSG00000100225	FBXO7	1572	51.60	967	586	37.28	GC2		slow	90
ENSG00000100226_GTPBP1	ENSG00000100226	GTPBP1	2010	58.82	686	360	17.91	GC1	70	fast	90
ENSG00000100227_POLDIP3	ENSG00000100227	POLDIP3	1266	55.19	602	332	26.22	GC1	70	slow	90
ENSG00000100228_RAB36	ENSG00000100228	RAB36	915	61.11	508	292	31.91			fast	90
ENSG00000100234_TIMP3	ENSG00000100234	TIMP3	636	56.66	196	91	14.31			fast	90
ENSG00000100239_PPP6R2	ENSG00000100239	PPP6R2	2868	61.49	1700	1116	38.91		80	fast	80
ENSG00000100243_CYB5R3	ENSG00000100243	CYB5R3	906	59.35	332	158	17.44			fast	70
ENSG00000100253_MIOX	ENSG00000100253	MIOX	858	59.46	417	203	23.66			fast	70
ENSG00000100258_LMF2	ENSG00000100258	LMF2	2046	64.78	1088	645	31.52		80	fast	80
ENSG00000100263_RHBDD3	ENSG00000100263	RHBDD3	1161	68.92	608	321	27.65		70	slow	70
ENSG00000100266_PACSIN2	ENSG00000100266	PACSIN2	1461	57.10	553	312	21.36		70	slow	90
ENSG00000100271_TTLL1	ENSG00000100271	TTLL1	1272	52.77	444	284	22.33			slow	80
ENSG00000100280_AP1B1	ENSG00000100280	AP1B1	2850	58.22	1015	535	18.77		80	slow	80
ENSG00000100281_HMGXB4	ENSG00000100281	HMGXB4	1806	49.36	617	336	18.60	GC2	80	slow	80
ENSG00000100285_NEFH	ENSG00000100285	NEFH	3042	58.77	1571	881	28.96	GC1	70	fast	90
ENSG00000100292_HMOX1	ENSG00000100292	HMOX1	867	61.97	470	284	32.76		70	slow	80
ENSG00000100294_MCAT	ENSG00000100294	MCAT	1161	63.14	665	367	31.61			fast	80
ENSG00000100296_THOC5	ENSG00000100296	THOC5	2052	53.01	676	396	19.30	GC1	70	slow	90
ENSG00000100297_MCM5	ENSG00000100297	MCM5	2205	61.08	754	368	16.69		80	slow	70
ENSG00000100299_ARSA	ENSG00000100299	ARSA	1527	64.73	735	437	28.62			slow	80
ENSG00000100302_RASD2	ENSG00000100302	RASD2	801	61.40	194	110	13.73			slow	80
ENSG00000100304_TTLL12	ENSG00000100304	TTLL12	1920	62.49	845	465	24.22		80	fast	80
ENSG00000100307_CBX7	ENSG00000100307	CBX7	756	65.14	182	68	8.99			slow	70
ENSG00000100311_PDGFB	ENSG00000100311	PDGFB	726	62.30	354	183	25.21			fast	90
ENSG00000100312_ACR	ENSG00000100312	ACR	1212	58.24	813	540	44.55	GC1	70	fast	80
ENSG00000100314_CABP7	ENSG00000100314	CABP7	648	58.84	144	65	10.03			slow	70
ENSG00000100320_RBFOX2	ENSG00000100320	RBFOX2	1179	53.93	317	172	14.59	GC2		fast	90
ENSG00000100321_SYNGR1	ENSG00000100321	SYNGR1	705	63.74	330	155	21.99			fast	80
ENSG00000100324_TAB1	ENSG00000100324	TAB1	1515	62.06	548	309	20.40		70	fast	90
ENSG00000100325_ASCC2	ENSG00000100325	ASCC2	2262	57.21	1068	565	24.98	GC1	80	fast	90
ENSG00000100330_MTMR3	ENSG00000100330	MTMR3	3609	53.07	1586	817	22.64	GC2	80	fast	90
ENSG00000100335_MIEF1	ENSG00000100335	MIEF1	1392	59.64	478	311	22.34	GC1		slow	90
ENSG00000100341_PNPLA5	ENSG00000100341	PNPLA5	1290	61.51	939	543	42.09			fast	
ENSG00000100344_PNPLA3	ENSG00000100344	PNPLA3	1314	57.07	977	644	49.01	GC1	70	fast	70
ENSG00000100345_MYH9	ENSG00000100345	MYH9	5883	59.19	1929	906	15.40		80	slow	80
ENSG00000100346_CACNA1I	ENSG00000100346	CACNA1I	6387	62.43	2872	1324	20.73		70	fast	80
ENSG00000100347_SAMM50	ENSG00000100347	SAMM50	1410	52.24	564	381	27.02	GC2		fast	80
ENSG00000100350_FOXRED2	ENSG00000100350	FOXRED2	2055	61.22	930	589	28.66		70	slow	80
ENSG00000100351_GRAP2	ENSG00000100351	GRAP2	981	56.72	403	246	25.08	GC1		fast	90
ENSG00000100353_EIF3D	ENSG00000100353	EIF3D	1647	54.34	531	302	18.34	GC1		slow	90
ENSG00000100354_TNRC6B	ENSG00000100354	TNRC6B	5172	53.54	1592	583	11.27	GC2		slow	80
ENSG00000100364_KIAA0930	ENSG00000100364	KIAA0930	1218	59.53	458	249	20.44			slow	70
ENSG00000100365_NCF4	ENSG00000100365	NCF4	1020	58.46	609	341	33.43		70	fast	70
ENSG00000100372_SLC25A17	ENSG00000100372	SLC25A17	924	46.17	351	203	21.97	GC2		slow	90
ENSG00000100373_UPK3A	ENSG00000100373	UPK3A	864	62.87	458	273	31.60			fast	90
ENSG00000100376_FAM118A	ENSG00000100376	FAM118A	1074	56.20	459	293	27.28			slow	90
ENSG00000100385_IL2RB	ENSG00000100385	IL2RB	1662	61.45	1140	756	45.49		70	fast	80
ENSG00000100393_EP300	ENSG00000100393	EP300	7260	53.18	2624	1378	18.98	GC2	80	slow	90
ENSG00000100395_L3MBTL2	ENSG00000100395	L3MBTL2	2118	57.32	822	444	20.96	GC1		fast	90
ENSG00000100399_CHADL	ENSG00000100399	CHADL	2265	70.29	1395	682	30.11			slow	70
ENSG00000100401_RANGAP1	ENSG00000100401	RANGAP1	1764	58.63	702	392	22.22		70	fast	80
ENSG00000100412_ACO2	ENSG00000100412	ACO2	2343	58.11	890	454	19.38			slow	90
ENSG00000100413_POLR3H	ENSG00000100413	POLR3H	615	58.11	208	119	19.35			slow	80
ENSG00000100416_TRMU	ENSG00000100416	TRMU	1254	54.50	636	350	27.91	GC1		slow	70
ENSG00000100425_BRD1	ENSG00000100425	BRD1	3570	60.04	1522	861	24.12		80	slow	80
ENSG00000100426_ZBED4	ENSG00000100426	ZBED4	3516	58.07	2177	1260	35.84			fast	
ENSG00000100427_MLC1	ENSG00000100427	MLC1	1137	57.75	647	394	34.65		70	fast	80
ENSG00000100429_HDAC10	ENSG00000100429	HDAC10	2001	64.07	1218	727	36.33	GC1	80	fast	70
ENSG00000100433_KCNK10	ENSG00000100433	KCNK10	1617	55.65	544	338	20.90	GC1		slow	90
ENSG00000100439_ABHD4	ENSG00000100439	ABHD4	1029	56.52	343	199	19.34	GC1	70	slow	90
ENSG00000100441_KHNYN	ENSG00000100441	KHNYN	2010	61.10	1075	609	30.30	GC1	80	slow	90
ENSG00000100445_SDR39U1	ENSG00000100445	SDR39U1	885	60.39	423	248	28.02	GC1		slow	80
ENSG00000100462_PRMT5	ENSG00000100462	PRMT5	1914	52.50	605	332	17.35	GC1	70	slow	90
ENSG00000100473_COCH	ENSG00000100473	COCH	1653	47.00	674	362	21.90	GC3	70	slow	90
ENSG00000100483_VCPKMT	ENSG00000100483	VCPKMT	690	47.80	276	164	23.77	GC2		slow	80
ENSG00000100485_SOS2	ENSG00000100485	SOS2	3999	40.01	1453	681	17.03	GC3	90	slow	90
ENSG00000100503_NIN	ENSG00000100503	NIN	6414	46.91	3919	2181	34.00	GC2	90	fast	90
ENSG00000100504_PYGL	ENSG00000100504	PYGL	2556	50.02	971	572	22.38	GC1	80	slow	90
ENSG00000100505_TRIM9	ENSG00000100505	TRIM9	2388	56.60	738	431	18.05	GC1		slow	80
ENSG00000100523_DDHD1	ENSG00000100523	DDHD1	2694	48.77	1142	504	18.71	GC3	70	fast	90
ENSG00000100526_CDKN3	ENSG00000100526	CDKN3	639	41.56	281	122	19.09	GC3		slow	90
ENSG00000100532_CGRRF1	ENSG00000100532	CGRRF1	999	42.66	471	260	26.03	GC3		slow	90
ENSG00000100554_ATP6V1D	ENSG00000100554	ATP6V1D	744	43.70	221	113	15.19	GC3		slow	80
ENSG00000100557_C14orf105	ENSG00000100557	C14orf105	891	45.38	602	319	35.80	GC3	70	fast	90
ENSG00000100558_PLEK2	ENSG00000100558	PLEK2	1062	54.43	455	268	25.24	GC1		slow	90
ENSG00000100565_LRRC74A	ENSG00000100565	LRRC74A	1416	51.68	925	593	41.88	GC1		fast	90
ENSG00000100567_PSMA3	ENSG00000100567	PSMA3	768	39.95	213	100	13.02	GC3		slow	90
ENSG00000100568_VTI1B	ENSG00000100568	VTI1B	699	49.81	294	157	22.46	GC2		slow	90
ENSG00000100577_GSTZ1	ENSG00000100577	GSTZ1	651	56.34	326	178	27.34	GC1		slow	90
ENSG00000100578_KIAA0586	ENSG00000100578	KIAA0586	4608	42.22	2961	1544	33.51	GC3	90	fast	90
ENSG00000100580_TMED8	ENSG00000100580	TMED8	981	56.82	491	259	26.40	GC1		fast	90
ENSG00000100583_SAMD15	ENSG00000100583	SAMD15	2022	44.60	1721	1102	54.50	GC3	70	fast	80
ENSG00000100591_AHSA1	ENSG00000100591	AHSA1	1017	51.05	360	202	19.86	GC2	70	slow	90
ENSG00000100592_DAAM1	ENSG00000100592	DAAM1	3237	45.92	1113	627	19.37	GC2	70	slow	90
ENSG00000100596_SPTLC2	ENSG00000100596	SPTLC2	1686	49.00	634	372	22.06	GC2	70	fast	90
ENSG00000100600_LGMN	ENSG00000100600	LGMN	1302	53.95	655	427	32.80	GC1	70	fast	90
ENSG00000100601_ALKBH1	ENSG00000100601	ALKBH1	1170	54.41	563	348	29.74	GC1		fast	90
ENSG00000100612_DHRS7	ENSG00000100612	DHRS7	1020	47.81	641	390	38.24	GC2		fast	90
ENSG00000100614_PPM1A	ENSG00000100614	PPM1A	1149	44.21	275	100	8.70	GC3		slow	90
ENSG00000100625_SIX4	ENSG00000100625	SIX4	2124	50.40	785	279	13.14	GC2	80	fast	80
ENSG00000100626_GALNT16	ENSG00000100626	GALNT16	1677	58.84	567	327	19.50		70	slow	80
ENSG00000100628_ASB2	ENSG00000100628	ASB2	1908	63.32	923	469	24.58		70	slow	80
ENSG00000100644_HIF1A	ENSG00000100644	HIF1A	2472	40.93	861	426	17.23	GC3	80	slow	90
ENSG00000100650_SRSF5	ENSG00000100650	SRSF5	813	47.46	200	109	13.41	GC3		slow	90
ENSG00000100652_SLC10A1	ENSG00000100652	SLC10A1	1050	53.06	583	361	34.38	GC1	70	fast	90
ENSG00000100664_EIF5	ENSG00000100664	EIF5	1293	42.43	480	190	14.69	GC3		slow	90
ENSG00000100678_SLC8A3	ENSG00000100678	SLC8A3	2784	52.59	1069	582	20.91	GC1	70	slow	90
ENSG00000100697_DICER1	ENSG00000100697	DICER1	5772	46.27	2290	1267	21.95	GC2	90	fast	90
ENSG00000100711_ZFYVE21	ENSG00000100711	ZFYVE21	759	62.51	412	217	28.59			fast	80
ENSG00000100714_MTHFD1	ENSG00000100714	MTHFD1	2808	50.65	1197	741	26.39	GC2	80	slow	90
ENSG00000100722_ZC3H14	ENSG00000100722	ZC3H14	2211	45.50	935	495	22.39	GC3		slow	90
ENSG00000100726_TELO2	ENSG00000100726	TELO2	2505	65.06	1614	975	38.92		80	fast	80
ENSG00000100731_PCNX	ENSG00000100731	PCNX	6954	48.22	2754	1560	22.43	GC3	80	slow	90
ENSG00000100749_VRK1	ENSG00000100749	VRK1	1191	44.88	598	339	28.46	GC3		fast	90
ENSG00000100764_PSMC1	ENSG00000100764	PSMC1	1323	48.08	452	283	21.39	GC2		slow	90
ENSG00000100784_RPS6KA5	ENSG00000100784	RPS6KA5	2391	47.06	889	542	22.67	GC2		fast	90
ENSG00000100796_SMEK1	ENSG00000100796	SMEK1	2463	41.01	679	360	14.62	GC3	80	slow	90
ENSG00000100802_C14orf93	ENSG00000100802	C14orf93	1620	57.04	721	368	22.72	GC1		slow	80
ENSG00000100813_ACIN1	ENSG00000100813	ACIN1	4029	54.31	1704	870	21.59	GC2	80	fast	90
ENSG00000100814_CCNB1IP1	ENSG00000100814	CCNB1IP1	834	45.42	316	170	20.38	GC3		slow	90
ENSG00000100815_TRIP11	ENSG00000100815	TRIP11	5943	41.10	3422	1995	33.57	GC3	80	fast	80
ENSG00000100823_APEX1	ENSG00000100823	APEX1	957	51.69	351	181	18.91	GC2		slow	70
ENSG00000100842_EFS	ENSG00000100842	EFS	1686	66.29	911	505	29.95	GC1	80	fast	90
ENSG00000100852_ARHGAP5	ENSG00000100852	ARHGAP5	4512	37.60	1278	576	12.77	GC3	90	slow	90
ENSG00000100865_CINP	ENSG00000100865	CINP	639	51.82	367	238	37.25	GC1		fast	90
ENSG00000100884_CPNE6	ENSG00000100884	CPNE6	1674	60.08	603	323	19.30			fast	90
ENSG00000100888_CHD8	ENSG00000100888	CHD8	7749	49.42	2224	1182	15.25	GC2	90	slow	90
ENSG00000100889_PCK2	ENSG00000100889	PCK2	1923	60.70	732	379	19.71	GC1	70	slow	90
ENSG00000100902_PSMA6	ENSG00000100902	PSMA6	741	42.96	183	85	11.47	GC3		slow	90
ENSG00000100906_NFKBIA	ENSG00000100906	NFKBIA	945	59.28	354	191	20.21			fast	90
ENSG00000100908_EMC9	ENSG00000100908	EMC9	621	59.72	300	134	21.58	GC1		slow	90
ENSG00000100916_BRMS1L	ENSG00000100916	BRMS1L	972	40.24	218	104	10.70	GC3		slow	90
ENSG00000100918_REC8	ENSG00000100918	REC8	1707	61.05	995	632	37.02	GC1	80	slow	80
ENSG00000100934_SEC23A	ENSG00000100934	SEC23A	2298	44.28	653	379	16.49	GC3	70	slow	90
ENSG00000100938_GMPR2	ENSG00000100938	GMPR2	1047	52.03	417	238	22.73	GC2	70	slow	90
ENSG00000100941_PNN	ENSG00000100941	PNN	2160	46.40	741	319	14.77	GC3	70	slow	80
ENSG00000100949_RABGGTA	ENSG00000100949	RABGGTA	1704	60.13	692	367	21.54			slow	80
ENSG00000100968_NFATC4	ENSG00000100968	NFATC4	2706	63.60	1010	517	19.11	GC1	70	fast	90
ENSG00000100979_PLTP	ENSG00000100979	PLTP	1491	60.26	772	421	28.24			slow	80
ENSG00000100982_PCIF1	ENSG00000100982	PCIF1	2115	60.05	726	390	18.44			slow	80
ENSG00000100983_GSS	ENSG00000100983	GSS	1425	55.87	616	344	24.14	GC1		slow	90
ENSG00000100985_MMP9	ENSG00000100985	MMP9	2127	62.23	1169	742	34.88			fast	90
ENSG00000100987_VSX1	ENSG00000100987	VSX1	1098	64.68	767	430	39.16	GC1	70	fast	70
ENSG00000100991_TRPC4AP	ENSG00000100991	TRPC4AP	2394	51.41	743	354	14.79	GC1	70	slow	90
ENSG00000100994_PYGB	ENSG00000100994	PYGB	2532	57.42	1082	603	23.82		70	fast	90
ENSG00000100997_ABHD12	ENSG00000100997	ABHD12	1191	52.78	564	317	26.62	GC1		fast	90
ENSG00000101000_PROCR	ENSG00000101000	PROCR	717	58.20	452	280	39.05	GC1	70	fast	90
ENSG00000101004_NINL	ENSG00000101004	NINL	4086	54.90	2961	1908	46.70	GC1	80	fast	
ENSG00000101017_CD40	ENSG00000101017	CD40	843	55.07	581	387	45.91	GC1	70	fast	80
ENSG00000101019_UQCC1	ENSG00000101019	UQCC1	900	47.43	388	190	21.11	GC2		slow	90
ENSG00000101040_ZMYND8	ENSG00000101040	ZMYND8	3570	53.34	1234	648	18.15	GC1	80	fast	90
ENSG00000101052_IFT52	ENSG00000101052	IFT52	1314	46.84	531	289	21.99	GC2		slow	90
ENSG00000101057_MYBL2	ENSG00000101057	MYBL2	2103	60.75	963	502	23.87		80	fast	80
ENSG00000101074_R3HDML	ENSG00000101074	R3HDML	762	61.17	392	218	28.61		70	slow	80
ENSG00000101076_HNF4A	ENSG00000101076	HNF4A	1425	59.54	379	197	13.82		70	slow	70
ENSG00000101079_NDRG3	ENSG00000101079	NDRG3	1167	48.31	398	233	19.97	GC2	70	slow	90
ENSG00000101082_SLA2	ENSG00000101082	SLA2	786	60.04	428	232	29.52	GC1		fast	90
ENSG00000101096_NFATC2	ENSG00000101096	NFATC2	2778	62.80	1232	636	22.89		70	slow	90
ENSG00000101098_RIMS4	ENSG00000101098	RIMS4	741	62.37	213	95	12.82			fast	90
ENSG00000101104_PABPC1L	ENSG00000101104	PABPC1L	1845	59.93	947	548	29.70		80	fast	80
ENSG00000101109_STK4	ENSG00000101109	STK4	1464	47.23	461	273	18.65	GC2		slow	90
ENSG00000101126_ADNP	ENSG00000101126	ADNP	3312	45.79	1096	655	19.78	GC3	70	slow	90
ENSG00000101134_DOK5	ENSG00000101134	DOK5	921	50.71	314	163	17.70	GC2		slow	80
ENSG00000101138_CSTF1	ENSG00000101138	CSTF1	1296	49.88	363	280	21.60	GC2		slow	80
ENSG00000101144_BMP7	ENSG00000101144	BMP7	1296	62.17	475	236	18.21			slow	90
ENSG00000101146_RAE1	ENSG00000101146	RAE1	1107	47.21	387	245	22.13	GC2		fast	90
ENSG00000101158_NELFCD	ENSG00000101158	NELFCD	1773	53.68	606	404	22.79	GC1		fast	90
ENSG00000101160_CTSZ	ENSG00000101160	CTSZ	912	60.62	453	297	32.57			slow	80
ENSG00000101161_PRPF6	ENSG00000101161	PRPF6	2826	58.04	1046	614	21.73	GC1	70	fast	90
ENSG00000101162_TUBB1	ENSG00000101162	TUBB1	1356	61.59	645	433	31.93			fast	80
ENSG00000101181_MTG2	ENSG00000101181	MTG2	1221	63.10	734	538	44.06		80	fast	70
ENSG00000101182_PSMA7	ENSG00000101182	PSMA7	747	52.62	292	147	19.68	GC1		fast	80
ENSG00000101187_SLCO4A1	ENSG00000101187	SLCO4A1	2172	63.40	1241	726	33.43		70	fast	70
ENSG00000101188_NTSR1	ENSG00000101188	NTSR1	1257	63.31	541	269	21.40			fast	70
ENSG00000101189_MRGBP	ENSG00000101189	MRGBP	612	56.55	262	114	18.63	GC1		fast	70
ENSG00000101190_TCFL5	ENSG00000101190	TCFL5	870	50.27	382	248	28.51	GC2		fast	80
ENSG00000101191_DIDO1	ENSG00000101191	DIDO1	6717	59.20	4336	3134	46.66	GC1	90	fast	90
ENSG00000101193_GID8	ENSG00000101193	GID8	687	51.97	267	169	24.60	GC1		slow	90
ENSG00000101194_SLC17A9	ENSG00000101194	SLC17A9	1311	62.28	578	326	24.87			slow	70
ENSG00000101197_BIRC7	ENSG00000101197	BIRC7	867	65.76	554	341	39.33		70	fast	
ENSG00000101216_GMEB2	ENSG00000101216	GMEB2	1593	63.67	651	406	25.49		70	fast	90
ENSG00000101222_SPEF1	ENSG00000101222	SPEF1	711	60.60	328	163	22.93			fast	80
ENSG00000101224_CDC25B	ENSG00000101224	CDC25B	1722	59.28	843	479	27.82	GC1	80	fast	80
ENSG00000101230_ISM1	ENSG00000101230	ISM1	1257	55.36	495	296	23.55	GC1		fast	90
ENSG00000101246_ARFRP1	ENSG00000101246	ARFRP1	606	57.39	205	141	23.27			slow	70
ENSG00000101247_NDUFAF5	ENSG00000101247	NDUFAF5	1038	46.62	488	300	28.90	GC3		slow	90
ENSG00000101251_SEL1L2	ENSG00000101251	SEL1L2	2067	39.25	928	479	23.17	GC3	70	slow	90
ENSG00000101255_TRIB3	ENSG00000101255	TRIB3	1077	66.40	602	374	34.73		70	fast	80
ENSG00000101265_RASSF2	ENSG00000101265	RASSF2	981	54.24	373	220	22.43	GC1		slow	90
ENSG00000101276_SLC52A3	ENSG00000101276	SLC52A3	1410	62.15	809	460	32.62		70	fast	90
ENSG00000101280_ANGPT4	ENSG00000101280	ANGPT4	1497	62.89	927	470	31.40			fast	90
ENSG00000101282_RSPO4	ENSG00000101282	RSPO4	693	63.94	355	194	27.99			fast	80
ENSG00000101290_CDS2	ENSG00000101290	CDS2	1338	49.40	478	291	21.75	GC1		slow	90
ENSG00000101292_PROKR2	ENSG00000101292	PROKR2	1155	55.45	459	259	22.42			fast	80
ENSG00000101294_HM13	ENSG00000101294	HM13	1185	57.52	425	240	20.25			fast	90
ENSG00000101310_SEC23B	ENSG00000101310	SEC23B	2304	49.62	815	539	23.39	GC2	80	fast	90
ENSG00000101311_FERMT1	ENSG00000101311	FERMT1	2034	46.28	871	520	25.57	GC2		slow	90
ENSG00000101323_HAO1	ENSG00000101323	HAO1	1113	49.91	477	297	26.68	GC2	80	slow	90
ENSG00000101327_PDYN	ENSG00000101327	PDYN	765	58.94	508	309	40.39	GC1	70	slow	80
ENSG00000101331_CCM2L	ENSG00000101331	CCM2L	1704	65.08	874	455	26.70			slow	70
ENSG00000101333_PLCB4	ENSG00000101333	PLCB4	3585	43.78	1111	649	18.10	GC3	70	slow	90
ENSG00000101336_HCK	ENSG00000101336	HCK	1578	57.31	659	364	23.07			fast	80
ENSG00000101337_TM9SF4	ENSG00000101337	TM9SF4	1929	53.17	562	305	15.81			fast	90
ENSG00000101342_TLDC2	ENSG00000101342	TLDC2	648	58.98	326	178	27.47	GC1		fast	80
ENSG00000101346_POFUT1	ENSG00000101346	POFUT1	1176	58.34	542	274	23.30			fast	90
ENSG00000101347_SAMHD1	ENSG00000101347	SAMHD1	1884	44.41	1115	666	35.35	GC3		fast	90
ENSG00000101349_PAK7	ENSG00000101349	PAK7	2160	53.04	844	506	23.43	GC1	70	slow	90
ENSG00000101350_KIF3B	ENSG00000101350	KIF3B	2244	50.17	691	417	18.58	GC2	70	slow	90
ENSG00000101353_MROH8	ENSG00000101353	MROH8	3123	48.85	1953	1076	34.45	GC2	70	slow	70
ENSG00000101361_NOP56	ENSG00000101361	NOP56	1788	51.18	724	412	23.04	GC1	70	slow	80
ENSG00000101384_JAG1	ENSG00000101384	JAG1	3657	55.69	1321	749	20.48	GC1	80	slow	90
ENSG00000101391_CDK5RAP1	ENSG00000101391	CDK5RAP1	1767	50.74	878	466	26.37	GC2	80	fast	90
ENSG00000101407_TTI1	ENSG00000101407	TTI1	3270	51.61	1673	1006	30.76	GC2	80	slow	90
ENSG00000101412_E2F1	ENSG00000101412	E2F1	1254	61.96	521	241	19.22	GC1		slow	70
ENSG00000101413_RPRD1B	ENSG00000101413	RPRD1B	981	49.47	239	146	14.88	GC2		slow	90
ENSG00000101417_PXMP4	ENSG00000101417	PXMP4	639	59.31	340	208	32.55			slow	90
ENSG00000101421_CHMP4B	ENSG00000101421	CHMP4B	675	51.91	228	125	18.52	GC1		slow	90
ENSG00000101425_BPI	ENSG00000101425	BPI	1458	54.62	1024	654	44.86	GC1	70	fast	70
ENSG00000101438_SLC32A1	ENSG00000101438	SLC32A1	1581	62.97	429	217	13.73			slow	80
ENSG00000101442_ACTR5	ENSG00000101442	ACTR5	1824	57.14	835	493	27.03	GC1	70	fast	90
ENSG00000101445_PPP1R16B	ENSG00000101445	PPP1R16B	1707	59.82	535	299	17.52			slow	80
ENSG00000101447_FAM83D	ENSG00000101447	FAM83D	1764	57.31	1051	649	36.79	GC1	80	fast	90
ENSG00000101452_DHX35	ENSG00000101452	DHX35	2112	49.75	846	479	22.68	GC2	70	slow	90
ENSG00000101457_DNTTIP1	ENSG00000101457	DNTTIP1	990	57.23	343	168	16.97	GC1		slow	80
ENSG00000101463_SYNDIG1	ENSG00000101463	SYNDIG1	777	57.50	326	220	28.31		70	fast	90
ENSG00000101464_PIGU	ENSG00000101464	PIGU	1308	48.38	424	205	15.67	GC1		slow	90
ENSG00000101473_ACOT8	ENSG00000101473	ACOT8	954	60.98	477	268	28.09			slow	90
ENSG00000101474_APMAP	ENSG00000101474	APMAP	1248	53.06	624	379	30.37	GC2	70	fast	80
ENSG00000101542_CDH20	ENSG00000101542	CDH20	2406	54.32	870	502	20.86	GC1	70	slow	90
ENSG00000101544_ADNP2	ENSG00000101544	ADNP2	3378	52.53	1766	1249	36.97	GC2	80	slow	80
ENSG00000101557_USP14	ENSG00000101557	USP14	1485	40.01	460	229	15.42	GC3		slow	80
ENSG00000101558_VAPA	ENSG00000101558	VAPA	885	44.52	403	191	21.58	GC3		fast	90
ENSG00000101574_METTL4	ENSG00000101574	METTL4	1419	39.11	788	392	27.63	GC3	70	fast	90
ENSG00000101577_LPIN2	ENSG00000101577	LPIN2	2691	50.83	1196	811	30.14	GC2	80	slow	90
ENSG00000101605_MYOM1	ENSG00000101605	MYOM1	4968	48.44	2367	1415	28.48	GC2	90	slow	90
ENSG00000101624_CEP76	ENSG00000101624	CEP76	1986	43.75	666	383	19.28	GC3	70	slow	90
ENSG00000101638_ST8SIA5	ENSG00000101638	ST8SIA5	1131	58.15	448	180	15.92			fast	90
ENSG00000101665_SMAD7	ENSG00000101665	SMAD7	1281	63.26	350	96	7.49			slow	70
ENSG00000101670_LIPG	ENSG00000101670	LIPG	1503	53.72	772	477	31.74	GC1	70	fast	80
ENSG00000101680_LAMA1	ENSG00000101680	LAMA1	9174	51.94	5242	3440	37.50	GC2	90	fast	90
ENSG00000101695_RNF125	ENSG00000101695	RNF125	699	48.24	286	166	23.75	GC2		fast	90
ENSG00000101745_ANKRD12	ENSG00000101745	ANKRD12	6192	37.61	2941	1646	26.58	GC3	80	slow	90
ENSG00000101746_NOL4	ENSG00000101746	NOL4	1917	48.94	548	280	14.61	GC2	70	fast	90
ENSG00000101751_POLI	ENSG00000101751	POLI	2199	40.87	1385	677	30.79	GC3	70	slow	80
ENSG00000101752_MIB1	ENSG00000101752	MIB1	3021	46.35	930	494	16.35	GC3		fast	90
ENSG00000101773_RBBP8	ENSG00000101773	RBBP8	2700	39.68	1411	668	24.74	GC3	90	fast	80
ENSG00000101782_RIOK3	ENSG00000101782	RIOK3	1560	42.16	504	257	16.47	GC3		slow	90
ENSG00000101811_CSTF2	ENSG00000101811	CSTF2	1734	54.34	573	304	17.53	GC3	70	fast	90
ENSG00000101842_VSIG1	ENSG00000101842	VSIG1	1146	48.16	761	500	43.63	GC2	80	fast	90
ENSG00000101843_PSMD10	ENSG00000101843	PSMD10	681	47.73	195	92	13.51	GC3		slow	80
ENSG00000101844_ATG4A	ENSG00000101844	ATG4A	1197	44.32	447	235	19.63	GC3		slow	90
ENSG00000101868_POLA1	ENSG00000101868	POLA1	4407	43.38	2028	1000	22.69	GC3	90	fast	90
ENSG00000101871_MID1	ENSG00000101871	MID1	2004	53.23	613	362	18.06	GC1	70	slow	90
ENSG00000101882_NKAP	ENSG00000101882	NKAP	1254	49.85	561	281	22.41	GC2	70	slow	90
ENSG00000101890_GUCY2F	ENSG00000101890	GUCY2F	3327	47.54	1481	607	18.24	GC2	80	slow	
ENSG00000101892_ATP1B4	ENSG00000101892	ATP1B4	1071	48.91	398	209	19.51	GC2		fast	90
ENSG00000101911_PRPS2	ENSG00000101911	PRPS2	957	53.31	289	172	17.97	GC1		fast	70
ENSG00000101916_TLR8	ENSG00000101916	TLR8	3123	41.77	1872	1255	40.19	GC2	80	fast	80
ENSG00000101928_MOSPD1	ENSG00000101928	MOSPD1	642	41.90	259	110	17.13	GC3		fast	90
ENSG00000101935_AMMECR1	ENSG00000101935	AMMECR1	1002	54.58	216	53	5.29	GC2		fast	70
ENSG00000101938_CHRDL1	ENSG00000101938	CHRDL1	1377	48.88	553	286	20.77	GC2		slow	90
ENSG00000101940_WDR13	ENSG00000101940	WDR13	1458	62.09	373	251	17.22			slow	80
ENSG00000101945_SUV39H1	ENSG00000101945	SUV39H1	1239	58.07	472	193	15.58			slow	70
ENSG00000101955_SRPX	ENSG00000101955	SRPX	1389	53.72	625	384	27.65	GC2		slow	90
ENSG00000101958_GLRA2	ENSG00000101958	GLRA2	1359	45.41	423	236	17.37	GC2		slow	90
ENSG00000101972_STAG2	ENSG00000101972	STAG2	3807	39.99	837	421	11.06	GC3	80	slow	90
ENSG00000101974_ATP11C	ENSG00000101974	ATP11C	3399	40.67	1311	698	20.54	GC3	80	slow	90
ENSG00000101977_MCF2	ENSG00000101977	MCF2	3027	41.34	1789	1071	35.38	GC3	80	slow	90
ENSG00000101981_F9	ENSG00000101981	F9	1389	43.53	719	412	29.66	GC3		slow	80
ENSG00000101986_ABCD1	ENSG00000101986	ABCD1	2229	63.07	851	498	22.34		70	slow	70
ENSG00000101997_CCDC22	ENSG00000101997	CCDC22	1884	61.21	781	398	21.13	GC1	70	slow	70
ENSG00000102001_CACNA1F	ENSG00000102001	CACNA1F	5925	55.52	2544	1150	19.41	GC1	80	fast	70
ENSG00000102003_SYP	ENSG00000102003	SYP	942	60.48	296	170	18.05		70	fast	90
ENSG00000102010_BMX	ENSG00000102010	BMX	1956	46.68	846	417	21.32	GC2	70	fast	90
ENSG00000102030_NAA10	ENSG00000102030	NAA10	708	57.37	210	99	13.98			slow	70
ENSG00000102032_RENBP	ENSG00000102032	RENBP	1284	61.72	655	381	29.67		80	fast	80
ENSG00000102034_ELF4	ENSG00000102034	ELF4	1989	56.95	942	481	24.18	GC1	70	fast	90
ENSG00000102038_SMARCA1	ENSG00000102038	SMARCA1	3204	41.39	1146	472	14.73	GC3	70	slow	80
ENSG00000102048_ASB9	ENSG00000102048	ASB9	885	55.38	582	360	40.68	GC2		fast	80
ENSG00000102053_ZC3H12B	ENSG00000102053	ZC3H12B	2478	48.92	1048	555	22.40	GC2		slow	90
ENSG00000102054_RBBP7	ENSG00000102054	RBBP7	1410	46.80	452	252	17.87	GC3		slow	90
ENSG00000102057_KCND1	ENSG00000102057	KCND1	1944	60.86	696	403	20.73			slow	80
ENSG00000102078_SLC25A14	ENSG00000102078	SLC25A14	969	43.91	336	162	16.72	GC3		slow	90
ENSG00000102096_PIM2	ENSG00000102096	PIM2	936	59.92	394	223	23.82	GC1	70	slow	90
ENSG00000102098_SCML2	ENSG00000102098	SCML2	2106	43.80	1282	732	34.76	GC3	80	fast	90
ENSG00000102104_RS1	ENSG00000102104	RS1	675	54.24	298	182	26.96	GC1		slow	90
ENSG00000102119_EMD	ENSG00000102119	EMD	780	57.51	398	235	30.13	GC1		slow	70
ENSG00000102125_TAZ	ENSG00000102125	TAZ	813	57.67	262	140	17.22			slow	
ENSG00000102174_PHEX	ENSG00000102174	PHEX	2250	45.42	829	433	19.24	GC2	80	slow	90
ENSG00000102181_CD99L2	ENSG00000102181	CD99L2	786	55.60	495	250	31.81	GC2		fast	80
ENSG00000102189_EEA1	ENSG00000102189	EEA1	4236	39.14	1965	1033	24.39	GC3	90	fast	90
ENSG00000102218_RP2	ENSG00000102218	RP2	1053	45.05	429	221	20.99	GC3	70	slow	90
ENSG00000102221_JADE3	ENSG00000102221	JADE3	2472	49.18	1278	733	29.65	GC2	80	slow	90
ENSG00000102225_CDK16	ENSG00000102225	CDK16	1491	55.80	488	220	14.76	GC1		slow	90
ENSG00000102226_USP11	ENSG00000102226	USP11	2760	56.58	1398	830	30.07	GC1	80	fast	90
ENSG00000102230_PCYT1B	ENSG00000102230	PCYT1B	1110	49.61	397	211	19.01	GC2		slow	90
ENSG00000102239_BRS3	ENSG00000102239	BRS3	1200	45.87	543	322	26.83	GC2		fast	90
ENSG00000102243_VGLL1	ENSG00000102243	VGLL1	756	54.60	591	403	53.31	GC2		fast	90
ENSG00000102245_CD40LG	ENSG00000102245	CD40LG	786	45.28	378	240	30.53	GC2	70	slow	90
ENSG00000102265_TIMP1	ENSG00000102265	TIMP1	624	57.88	365	221	35.42			fast	80
ENSG00000102271_KLHL4	ENSG00000102271	KLHL4	2157	44.37	840	357	16.55	GC3	70	slow	
ENSG00000102287_GABRE	ENSG00000102287	GABRE	1518	49.66	992	597	39.33	GC2	80	slow	80
ENSG00000102302_FGD1	ENSG00000102302	FGD1	2883	59.11	1126	544	18.87	GC1	70	fast	90
ENSG00000102312_PORCN	ENSG00000102312	PORCN	1386	58.75	414	177	12.77			slow	80
ENSG00000102316_MAGED2	ENSG00000102316	MAGED2	1809	53.37	894	426	23.55	GC2	80	slow	90
ENSG00000102349_KLF8	ENSG00000102349	KLF8	1071	49.88	545	263	24.56	GC2	70	fast	70
ENSG00000102359_SRPX2	ENSG00000102359	SRPX2	1398	53.41	568	309	22.10	GC2	80	slow	90
ENSG00000102362_SYTL4	ENSG00000102362	SYTL4	2019	49.80	804	365	18.08	GC2	70	fast	90
ENSG00000102383_ZDHHC15	ENSG00000102383	ZDHHC15	1014	45.97	306	142	14.00	GC2		slow	80
ENSG00000102384_CENPI	ENSG00000102384	CENPI	2262	40.31	1285	699	30.90	GC3	80	slow	80
ENSG00000102385_DRP2	ENSG00000102385	DRP2	2874	53.66	1099	543	18.89	GC1	80	fast	90
ENSG00000102393_GLA	ENSG00000102393	GLA	1287	49.16	680	441	34.27	GC2	80	fast	90
ENSG00000102401_ARMCX3	ENSG00000102401	ARMCX3	1140	43.89	394	201	17.63	GC3	80	slow	80
ENSG00000102445_KIAA0226L	ENSG00000102445	KIAA0226L	1995	51.15	1453	952	47.72	GC2	80	fast	90
ENSG00000102452_NALCN	ENSG00000102452	NALCN	5217	47.08	1647	1053	20.18	GC2	90	fast	90
ENSG00000102466_FGF14	ENSG00000102466	FGF14	729	46.69	245	179	24.55	GC2		slow	70
ENSG00000102471_NDFIP2	ENSG00000102471	NDFIP2	1011	50.49	551	261	25.82	GC3		fast	90
ENSG00000102531_FNDC3A	ENSG00000102531	FNDC3A	3597	43.52	1373	690	19.18	GC3	80	slow	90
ENSG00000102543_CDADC1	ENSG00000102543	CDADC1	1548	41.75	680	404	26.10	GC3	70	slow	90
ENSG00000102547_CAB39L	ENSG00000102547	CAB39L	1014	42.21	362	215	21.20	GC2		slow	90
ENSG00000102554_KLF5	ENSG00000102554	KLF5	1374	54.39	460	173	12.59	GC2		slow	70
ENSG00000102572_STK24	ENSG00000102572	STK24	1296	49.64	450	305	23.53	GC2		slow	80
ENSG00000102575_ACP5	ENSG00000102575	ACP5	978	60.93	493	311	31.80		70	slow	90
ENSG00000102580_DNAJC3	ENSG00000102580	DNAJC3	1515	42.23	660	348	22.97	GC3		slow	90
ENSG00000102595_UGGT2	ENSG00000102595	UGGT2	4542	38.70	2365	1367	30.10	GC3	80	fast	90
ENSG00000102678_FGF9	ENSG00000102678	FGF9	627	49.33	136	71	11.32	GC2		slow	70
ENSG00000102683_SGCG	ENSG00000102683	SGCG	876	47.88	455	279	31.85	GC2		fast	90
ENSG00000102699_PARP4	ENSG00000102699	PARP4	5124	44.59	3201	1995	38.93	GC3	80	slow	
ENSG00000102710_SUPT20H	ENSG00000102710	SUPT20H	2340	44.42	717	351	15.00	GC3	70	slow	80
ENSG00000102738_MRPS31	ENSG00000102738	MRPS31	1161	43.37	736	423	36.43	GC3		fast	90
ENSG00000102753_KPNA3	ENSG00000102753	KPNA3	1497	41.10	332	162	10.82	GC3	70	slow	90
ENSG00000102755_FLT1	ENSG00000102755	FLT1	4017	48.10	2241	1342	33.41	GC2	70	fast	90
ENSG00000102763_VWA8	ENSG00000102763	VWA8	5718	47.11	2624	1469	25.69	GC3	80	fast	90
ENSG00000102780_DGKH	ENSG00000102780	DGKH	3549	46.64	1545	944	26.60	GC3	70	slow	90
ENSG00000102781_KATNAL1	ENSG00000102781	KATNAL1	1473	47.31	618	391	26.54	GC3		fast	90
ENSG00000102786_INTS6	ENSG00000102786	INTS6	2664	41.60	875	391	14.68	GC3	70	slow	90
ENSG00000102794_IRG1	ENSG00000102794	IRG1	1446	51.75	772	486	33.61	GC2	70	slow	70
ENSG00000102802_MEDAG	ENSG00000102802	MEDAG	912	48.16	488	235	25.77	GC2		fast	90
ENSG00000102805_CLN5	ENSG00000102805	CLN5	1071	42.51	570	349	32.59	GC3		slow	90
ENSG00000102837_OLFM4	ENSG00000102837	OLFM4	1494	47.07	961	640	42.84	GC2		fast	90
ENSG00000102854_MSLN	ENSG00000102854	MSLN	1821	61.69	1074	569	31.25		80	fast	
ENSG00000102858_MGRN1	ENSG00000102858	MGRN1	1737	60.75	774	437	25.16		70	slow	80
ENSG00000102870_ZNF629	ENSG00000102870	ZNF629	2607	62.95	938	526	20.18			slow	80
ENSG00000102871_TRADD	ENSG00000102871	TRADD	936	65.34	514	317	33.87			fast	90
ENSG00000102878_HSF4	ENSG00000102878	HSF4	1476	64.16	792	379	25.68	GC1	70	slow	90
ENSG00000102879_CORO1A	ENSG00000102879	CORO1A	1386	61.87	441	253	18.25			slow	80
ENSG00000102886_GDPD3	ENSG00000102886	GDPD3	957	57.12	513	303	31.66		70	fast	90
ENSG00000102890_ELMO3	ENSG00000102890	ELMO3	2163	60.39	844	467	21.59		80	slow	80
ENSG00000102893_PHKB	ENSG00000102893	PHKB	3261	44.06	1364	787	24.13	GC3		slow	80
ENSG00000102900_NUP93	ENSG00000102900	NUP93	2460	52.70	888	492	20.00	GC1		slow	90
ENSG00000102904_TSNAXIP1	ENSG00000102904	TSNAXIP1	2043	51.92	1136	642	31.42	GC1	70	fast	90
ENSG00000102908_NFAT5	ENSG00000102908	NFAT5	4530	44.86	1616	763	16.84	GC3	90	slow	90
ENSG00000102910_LONP2	ENSG00000102910	LONP2	2559	50.63	1061	694	27.12	GC2		fast	90
ENSG00000102921_N4BP1	ENSG00000102921	N4BP1	2691	45.35	1329	734	27.28	GC3	70	fast	90
ENSG00000102935_ZNF423	ENSG00000102935	ZNF423	3837	61.80	935	418	10.89			slow	70
ENSG00000102967_DHODH	ENSG00000102967	DHODH	1188	58.78	540	299	25.17	GC1		fast	90
ENSG00000102974_CTCF	ENSG00000102974	CTCF	2184	49.03	589	293	13.42	GC2	70	slow	90
ENSG00000102977_ACD	ENSG00000102977	ACD	1500	62.02	1026	609	40.60	GC1	80	fast	80
ENSG00000102978_POLR2C	ENSG00000102978	POLR2C	828	53.76	283	166	20.05	GC1		slow	90
ENSG00000102981_PARD6A	ENSG00000102981	PARD6A	1041	61.43	426	221	21.23	GC1	70	slow	80
ENSG00000102984_ZNF821	ENSG00000102984	ZNF821	1239	56.27	365	194	15.66	GC1	70	slow	90
ENSG00000102996_MMP15	ENSG00000102996	MMP15	2016	64.35	1017	478	23.71			fast	80
ENSG00000103005_USB1	ENSG00000103005	USB1	798	59.22	446	226	28.32			fast	80
ENSG00000103021_CCDC113	ENSG00000103021	CCDC113	1134	47.14	637	362	31.92	GC2	70	fast	90
ENSG00000103023_PRSS54	ENSG00000103023	PRSS54	1173	51.84	866	613	52.26	GC1	70	fast	90
ENSG00000103034_NDRG4	ENSG00000103034	NDRG4	1176	60.53	435	170	14.46			fast	80
ENSG00000103035_PSMD7	ENSG00000103035	PSMD7	975	46.14	275	140	14.36	GC2		slow	90
ENSG00000103037_SETD6	ENSG00000103037	SETD6	1350	55.59	634	334	24.74	GC1	70	slow	80
ENSG00000103042_SLC38A7	ENSG00000103042	SLC38A7	1392	60.33	565	299	21.48			slow	90
ENSG00000103043_VAC14	ENSG00000103043	VAC14	2352	57.51	968	472	20.07			fast	90
ENSG00000103044_HAS3	ENSG00000103044	HAS3	1662	56.77	502	295	17.75			fast	80
ENSG00000103047_TANGO6	ENSG00000103047	TANGO6	3288	50.62	1652	806	24.51	GC2	90	fast	80
ENSG00000103051_COG4	ENSG00000103051	COG4	2367	52.32	880	487	20.57	GC1	80	slow	90
ENSG00000103056_SMPD3	ENSG00000103056	SMPD3	1974	61.92	933	496	25.13		80	slow	80
ENSG00000103061_SLC7A6OS	ENSG00000103061	SLC7A6OS	930	57.03	558	337	36.24	GC1	70	fast	80
ENSG00000103064_SLC7A6	ENSG00000103064	SLC7A6	1548	52.00	797	412	26.61	GC1	70	fast	90
ENSG00000103066_PLA2G15	ENSG00000103066	PLA2G15	1239	59.47	582	340	27.44		70	slow	80
ENSG00000103067_ESRP2	ENSG00000103067	ESRP2	2154	61.48	846	457	21.22	GC1	70	slow	80
ENSG00000103089_FA2H	ENSG00000103089	FA2H	1119	61.30	576	324	28.95		70	fast	90
ENSG00000103091_WDR59	ENSG00000103091	WDR59	2925	52.80	998	623	21.30	GC2	80	slow	90
ENSG00000103111_MON1B	ENSG00000103111	MON1B	1644	63.22	777	447	27.19	GC1	80	slow	80
ENSG00000103126_AXIN1	ENSG00000103126	AXIN1	2604	62.22	1230	781	29.99		70	slow	80
ENSG00000103148_NPRL3	ENSG00000103148	NPRL3	1710	60.08	618	362	21.17			fast	80
ENSG00000103152_MPG	ENSG00000103152	MPG	840	64.44	507	345	41.07			slow	80
ENSG00000103174_NAGPA	ENSG00000103174	NAGPA	1551	65.95	844	471	30.37		70	fast	80
ENSG00000103175_WFDC1	ENSG00000103175	WFDC1	660	63.67	399	202	30.61	GC1		fast	
ENSG00000103184_SEC14L5	ENSG00000103184	SEC14L5	2091	62.11	1039	560	26.78		70	fast	80
ENSG00000103194_USP10	ENSG00000103194	USP10	2400	51.49	1163	764	31.83	GC2	80	fast	90
ENSG00000103196_CRISPLD2	ENSG00000103196	CRISPLD2	1494	58.35	813	491	32.86		70	fast	90
ENSG00000103197_TSC2	ENSG00000103197	TSC2	5439	59.58	2352	1386	25.48		80	slow	80
ENSG00000103227_LMF1	ENSG00000103227	LMF1	1707	63.26	949	585	34.27		80	fast	90
ENSG00000103241_FOXF1	ENSG00000103241	FOXF1	1122	66.26	367	128	11.41			slow	
ENSG00000103245_NARFL	ENSG00000103245	NARFL	1431	60.25	719	460	32.15		70	fast	90
ENSG00000103248_MTHFSD	ENSG00000103248	MTHFSD	1134	58.29	705	521	45.94	GC1	70	fast	90
ENSG00000103249_CLCN7	ENSG00000103249	CLCN7	2418	60.41	1080	574	23.74		80	slow	80
ENSG00000103260_METRN	ENSG00000103260	METRN	876	70.53	555	215	24.54			fast	
ENSG00000103264_FBXO31	ENSG00000103264	FBXO31	1596	62.65	688	358	22.43		70	fast	80
ENSG00000103266_STUB1	ENSG00000103266	STUB1	912	60.50	352	171	18.75			slow	80
ENSG00000103310_ZP2	ENSG00000103310	ZP2	2241	48.37	1658	1100	49.09	GC2	90	fast	80
ENSG00000103316_CRYM	ENSG00000103316	CRYM	945	56.76	401	242	25.61	GC1		fast	90
ENSG00000103319_EEF2K	ENSG00000103319	EEF2K	2178	58.21	913	553	25.39		70	fast	90
ENSG00000103326_CAPN15	ENSG00000103326	CAPN15	3225	68.11	1683	968	30.02		80	fast	90
ENSG00000103335_PIEZO1	ENSG00000103335	PIEZO1	6213	62.56	3178	1737	27.96		90	slow	70
ENSG00000103342_GSPT1	ENSG00000103342	GSPT1	1830	45.80	692	312	17.05	GC3		slow	90
ENSG00000103343_ZNF174	ENSG00000103343	ZNF174	1227	54.48	767	474	38.63	GC1	70	fast	90
ENSG00000103353_UBFD1	ENSG00000103353	UBFD1	1095	57.92	382	152	13.88	GC1		fast	80
ENSG00000103356_EARS2	ENSG00000103356	EARS2	1572	61.66	854	484	30.79		80	slow	90
ENSG00000103365_GGA2	ENSG00000103365	GGA2	1842	54.61	928	529	28.72	GC1	70	fast	90
ENSG00000103375_AQP8	ENSG00000103375	AQP8	789	60.70	478	293	37.14			fast	80
ENSG00000103404_USP31	ENSG00000103404	USP31	3612	54.51	1538	855	23.67	GC2	80	fast	80
ENSG00000103415_HMOX2	ENSG00000103415	HMOX2	951	56.31	432	261	27.44			slow	80
ENSG00000103423_DNAJA3	ENSG00000103423	DNAJA3	1443	56.72	682	379	26.26	GC1	70	fast	90
ENSG00000103429_BFAR	ENSG00000103429	BFAR	1353	49.60	544	308	22.76	GC2	80	slow	90
ENSG00000103449_SALL1	ENSG00000103449	SALL1	3945	57.21	1575	962	24.39	GC1	80	fast	90
ENSG00000103460_TOX3	ENSG00000103460	TOX3	1641	55.18	587	350	21.33	GC1		slow	90
ENSG00000103479_RBL2	ENSG00000103479	RBL2	3423	45.92	1410	735	21.47	GC3	80	slow	90
ENSG00000103489_XYLT1	ENSG00000103489	XYLT1	2517	59.92	1017	532	21.14		70	fast	90
ENSG00000103494_RPGRIP1L	ENSG00000103494	RPGRIP1L	3813	41.70	1764	925	24.26	GC3	80	slow	90
ENSG00000103496_STX4	ENSG00000103496	STX4	894	54.39	373	206	23.04			slow	90
ENSG00000103502_CDIPT	ENSG00000103502	CDIPT	642	56.45	208	118	18.38	GC1		slow	80
ENSG00000103507_BCKDK	ENSG00000103507	BCKDK	1239	58.28	451	244	19.69	GC1	70	slow	80
ENSG00000103510_KAT8	ENSG00000103510	KAT8	1377	56.36	564	278	20.19			slow	90
ENSG00000103528_SYT17	ENSG00000103528	SYT17	1413	56.42	531	292	20.67	GC1	70	fast	90
ENSG00000103534_TMC5	ENSG00000103534	TMC5	3027	48.72	1848	1162	38.39	GC2	70	fast	90
ENSG00000103540_CCP110	ENSG00000103540	CCP110	3039	41.54	1717	900	29.62	GC3	80	slow	90
ENSG00000103544_C16orf62	ENSG00000103544	C16orf62	2892	50.27	1059	641	22.16	GC1	70	fast	90
ENSG00000103546_SLC6A2	ENSG00000103546	SLC6A2	1854	56.96	721	383	20.66		70	slow	80
ENSG00000103549_RNF40	ENSG00000103549	RNF40	3006	59.88	1114	681	22.65			slow	90
ENSG00000103550_KNOP1	ENSG00000103550	KNOP1	1380	52.69	950	613	44.42	GC1	80	fast	80
ENSG00000103569_AQP9	ENSG00000103569	AQP9	888	48.80	520	344	38.74	GC2		fast	90
ENSG00000103591_AAGAB	ENSG00000103591	AAGAB	948	47.51	444	270	28.48	GC3		fast	90
ENSG00000103599_IQCH	ENSG00000103599	IQCH	3084	46.98	1833	1106	35.86	GC2	80	fast	90
ENSG00000103647_CORO2B	ENSG00000103647	CORO2B	1428	57.09	373	209	14.64		70	slow	80
ENSG00000103653_CSK	ENSG00000103653	CSK	1353	58.44	333	182	13.45			slow	70
ENSG00000103657_HERC1	ENSG00000103657	HERC1	14586	48.01	4425	2339	16.04	GC3	90	slow	90
ENSG00000103671_TRIP4	ENSG00000103671	TRIP4	1746	46.48	867	476	27.26	GC2	80	slow	90
ENSG00000103707_MTFMT	ENSG00000103707	MTFMT	1170	49.60	651	370	31.62	GC2		fast	90
ENSG00000103710_RASL12	ENSG00000103710	RASL12	801	62.85	288	149	18.60			slow	80
ENSG00000103723_AP3B2	ENSG00000103723	AP3B2	3258	58.56	1171	579	17.77		80	slow	70
ENSG00000103811_CTSH	ENSG00000103811	CTSH	1008	54.12	479	295	29.27	GC1	70	fast	80
ENSG00000103852_TTC23	ENSG00000103852	TTC23	1341	50.49	890	543	40.49	GC2	70	fast	90
ENSG00000103855_CD276	ENSG00000103855	CD276	951	64.35	444	207	21.77			fast	90
ENSG00000103876_FAH	ENSG00000103876	FAH	1260	57.79	572	305	24.21	GC1		fast	80
ENSG00000103932_RPAP1	ENSG00000103932	RPAP1	4182	60.24	2312	1293	30.92	GC1	90	slow	90
ENSG00000103942_HOMER2	ENSG00000103942	HOMER2	1065	54.22	428	234	21.97	GC1		slow	70
ENSG00000103966_EHD4	ENSG00000103966	EHD4	1626	58.27	470	296	18.20			fast	90
ENSG00000103994_ZNF106	ENSG00000103994	ZNF106	5649	45.58	3225	2053	36.34	GC3	70	fast	90
ENSG00000103995_CEP152	ENSG00000103995	CEP152	5151	43.48	3422	2008	38.98	GC3	90	fast	90
ENSG00000104043_ATP8B4	ENSG00000104043	ATP8B4	3579	42.95	1536	794	22.18	GC3	80	fast	90
ENSG00000104044_OCA2	ENSG00000104044	OCA2	2469	51.36	1359	770	31.19	GC2	80	fast	80
ENSG00000104047_DTWD1	ENSG00000104047	DTWD1	915	35.51	388	181	19.78	GC3	80	slow	80
ENSG00000104055_TGM5	ENSG00000104055	TGM5	2160	54.06	1097	652	30.19	GC1	80	fast	90
ENSG00000104059_FAM189A1	ENSG00000104059	FAM189A1	1218	63.82	778	483	39.66		80	fast	
ENSG00000104064_GABPB1	ENSG00000104064	GABPB1	1188	44.44	303	161	13.55	GC3		slow	90
ENSG00000104067_TJP1	ENSG00000104067	TJP1	5217	48.59	2594	1649	31.61	GC3	90	slow	90
ENSG00000104093_DMXL2	ENSG00000104093	DMXL2	9111	42.52	3852	2107	23.13	GC3	90	fast	90
ENSG00000104112_SCG3	ENSG00000104112	SCG3	1416	39.62	632	328	23.16	GC3	70	fast	90
ENSG00000104129_DNAJC17	ENSG00000104129	DNAJC17	915	57.20	389	193	21.09	GC1		slow	80
ENSG00000104133_SPG11	ENSG00000104133	SPG11	7332	46.27	4057	2278	31.07	GC2	90	fast	90
ENSG00000104140_RHOV	ENSG00000104140	RHOV	711	62.59	259	125	17.58			slow	90
ENSG00000104142_VPS18	ENSG00000104142	VPS18	2922	62.10	1027	611	20.91		80	slow	90
ENSG00000104147_OIP5	ENSG00000104147	OIP5	690	52.95	455	280	40.58	GC2	70	fast	90
ENSG00000104154_SLC30A4	ENSG00000104154	SLC30A4	1290	44.80	489	241	18.68	GC3	70	fast	90
ENSG00000104213_PDGFRL	ENSG00000104213	PDGFRL	1128	53.93	640	354	31.38	GC1		fast	90
ENSG00000104218_CSPP1	ENSG00000104218	CSPP1	3669	42.72	1911	902	24.58	GC3	80	fast	90
ENSG00000104221_BRF2	ENSG00000104221	BRF2	1260	58.36	612	384	30.48	GC1	70	slow	80
ENSG00000104228_TRIM35	ENSG00000104228	TRIM35	1482	64.53	751	402	27.13		70	fast	90
ENSG00000104231_ZFAND1	ENSG00000104231	ZFAND1	807	42.85	426	252	31.23	GC3		slow	90
ENSG00000104237_RP1	ENSG00000104237	RP1	6486	40.62	4370	2148	33.12	GC3	90	slow	
ENSG00000104267_CA2	ENSG00000104267	CA2	783	50.98	469	294	37.55	GC2		fast	80
ENSG00000104290_FZD3	ENSG00000104290	FZD3	2001	44.38	575	286	14.29	GC3		slow	90
ENSG00000104299_INTS9	ENSG00000104299	INTS9	1977	52.27	726	419	21.19	GC1	70	slow	90
ENSG00000104312_RIPK2	ENSG00000104312	RIPK2	1620	43.20	841	495	30.56	GC3	70	fast	90
ENSG00000104313_EYA1	ENSG00000104313	EYA1	1779	48.09	561	293	16.47	GC3	70	slow	90
ENSG00000104321_TRPA1	ENSG00000104321	TRPA1	3363	42.29	1818	1086	32.29	GC3	80	slow	70
ENSG00000104324_CPQ	ENSG00000104324	CPQ	1419	49.33	696	422	29.74	GC2	80	fast	80
ENSG00000104325_DECR1	ENSG00000104325	DECR1	990	44.61	537	344	34.75	GC3	70	fast	90
ENSG00000104327_CALB1	ENSG00000104327	CALB1	786	42.78	273	165	20.99	GC2	70	slow	90
ENSG00000104331_IMPAD1	ENSG00000104331	IMPAD1	1080	52.64	411	217	20.09	GC2		fast	90
ENSG00000104332_SFRP1	ENSG00000104332	SFRP1	945	59.19	284	130	13.76			slow	80
ENSG00000104356_POP1	ENSG00000104356	POP1	3075	51.69	1757	1037	33.72	GC2	80	fast	80
ENSG00000104365_IKBKB	ENSG00000104365	IKBKB	2271	55.23	953	533	23.47	GC1	70	fast	90
ENSG00000104369_JPH1	ENSG00000104369	JPH1	1989	58.22	693	389	19.56	GC1		fast	90
ENSG00000104371_DKK4	ENSG00000104371	DKK4	669	51.10	476	284	42.45	GC2		fast	90
ENSG00000104375_STK3	ENSG00000104375	STK3	1476	40.35	461	226	15.31	GC3		slow	90
ENSG00000104381_GDAP1	ENSG00000104381	GDAP1	1077	46.57	305	149	13.83	GC2		slow	80
ENSG00000104388_RAB2A	ENSG00000104388	RAB2A	639	41.94	176	106	16.59	GC3		slow	90
ENSG00000104408_EIF3E	ENSG00000104408	EIF3E	1338	40.77	358	186	13.90	GC3		slow	90
ENSG00000104413_ESRP1	ENSG00000104413	ESRP1	2046	48.67	519	271	13.25	GC2	70	slow	80
ENSG00000104415_WISP1	ENSG00000104415	WISP1	1104	63.19	650	345	31.25			fast	90
ENSG00000104419_NDRG1	ENSG00000104419	NDRG1	1185	60.23	475	258	21.77			fast	90
ENSG00000104427_ZC2HC1A	ENSG00000104427	ZC2HC1A	975	43.27	434	249	25.54	GC3	70	slow	90
ENSG00000104442_ARMC1	ENSG00000104442	ARMC1	849	45.70	292	166	19.55	GC3		slow	90
ENSG00000104447_TRPS1	ENSG00000104447	TRPS1	3885	49.00	1202	635	16.34	GC2	80	slow	90
ENSG00000104450_SPAG1	ENSG00000104450	SPAG1	2787	44.23	1727	997	35.77	GC3	80	slow	70
ENSG00000104497_SNX16	ENSG00000104497	SNX16	1035	40.74	528	303	29.28	GC3	70	fast	90
ENSG00000104517_UBR5	ENSG00000104517	UBR5	8391	45.64	2575	1418	16.90	GC3	80	slow	90
ENSG00000104518_GSDMD	ENSG00000104518	GSDMD	1458	63.77	1218	784	53.77		80	fast	70
ENSG00000104522_TSTA3	ENSG00000104522	TSTA3	966	58.36	440	234	24.22		70	slow	80
ENSG00000104524_PYCRL	ENSG00000104524	PYCRL	837	66.25	470	269	32.14			fast	80
ENSG00000104529_EEF1D	ENSG00000104529	EEF1D	1950	66.17	978	528	27.08		70	fast	
ENSG00000104537_ANXA13	ENSG00000104537	ANXA13	1074	51.81	575	304	28.31	GC2	70	slow	80
ENSG00000104549_SQLE	ENSG00000104549	SQLE	1725	43.91	837	493	28.58	GC3	80	fast	90
ENSG00000104611_SH2D4A	ENSG00000104611	SH2D4A	1362	51.36	866	516	37.89	GC2	80	slow	90
ENSG00000104613_INTS10	ENSG00000104613	INTS10	2133	46.19	888	493	23.11	GC2		fast	90
ENSG00000104626_ERI1	ENSG00000104626	ERI1	1050	41.85	470	284	27.05	GC3		slow	90
ENSG00000104635_SLC39A14	ENSG00000104635	SLC39A14	1479	54.90	746	440	29.75	GC1		fast	90
ENSG00000104643_MTMR9	ENSG00000104643	MTMR9	1650	47.20	613	350	21.21	GC2	70	slow	90
ENSG00000104679_R3HCC1	ENSG00000104679	R3HCC1	1377	60.05	842	514	37.33	GC1	70	fast	90
ENSG00000104691_UBXN8	ENSG00000104691	UBXN8	828	44.90	492	242	29.23	GC3	70	fast	80
ENSG00000104695_PPP2CB	ENSG00000104695	PPP2CB	930	45.08	250	140	15.05	GC3		slow	80
ENSG00000104714_ERICH1	ENSG00000104714	ERICH1	1026	48.73	745	508	49.51	GC2		fast	
ENSG00000104722_NEFM	ENSG00000104722	NEFM	2571	55.37	1114	546	21.24	GC1	70	slow	80
ENSG00000104723_TUSC3	ENSG00000104723	TUSC3	1044	46.67	433	226	21.65	GC2		fast	90
ENSG00000104728_ARHGEF10	ENSG00000104728	ARHGEF10	4041	55.75	2436	1673	41.40	GC1	90	fast	80
ENSG00000104731_KLHDC4	ENSG00000104731	KLHDC4	1569	58.21	947	537	34.23	GC1		fast	80
ENSG00000104738_MCM4	ENSG00000104738	MCM4	2592	49.90	1306	763	29.44	GC2	80	fast	90
ENSG00000104755_ADAM2	ENSG00000104755	ADAM2	2205	38.96	1586	1042	47.26	GC3	80	fast	90
ENSG00000104756_KCTD9	ENSG00000104756	KCTD9	1170	43.51	387	199	17.01	GC3		slow	90
ENSG00000104760_FGL1	ENSG00000104760	FGL1	939	44.19	552	303	32.27	GC3		slow	90
ENSG00000104763_ASAH1	ENSG00000104763	ASAH1	1188	43.28	647	446	37.54	GC3		fast	90
ENSG00000104804_TULP2	ENSG00000104804	TULP2	1563	57.95	1119	669	42.80	GC1	70	fast	80
ENSG00000104808_DHDH	ENSG00000104808	DHDH	1005	59.94	555	342	34.03	GC1		fast	90
ENSG00000104812_GYS1	ENSG00000104812	GYS1	2214	59.66	743	415	18.74			fast	90
ENSG00000104814_MAP4K1	ENSG00000104814	MAP4K1	2463	59.85	1085	532	21.60	GC1	80	slow	80
ENSG00000104823_ECH1	ENSG00000104823	ECH1	987	56.95	525	324	32.83	GC1		fast	80
ENSG00000104825_NFKBIB	ENSG00000104825	NFKBIB	1065	65.48	543	324	30.42	GC1		fast	90
ENSG00000104853_CLPTM1	ENSG00000104853	CLPTM1	2010	60.13	783	363	18.06			fast	90
ENSG00000104856_RELB	ENSG00000104856	RELB	1689	64.53	870	417	24.69		70	fast	90
ENSG00000104859_CLASRP	ENSG00000104859	CLASRP	2025	64.10	916	425	20.99			fast	
ENSG00000104863_LIN7B	ENSG00000104863	LIN7B	624	64.45	212	97	15.54			fast	80
ENSG00000104866_PPP1R37	ENSG00000104866	PPP1R37	2037	64.94	829	394	19.34			fast	80
ENSG00000104870_FCGRT	ENSG00000104870	FCGRT	1095	62.74	617	353	32.24			fast	70
ENSG00000104872_PIH1D1	ENSG00000104872	PIH1D1	873	58.00	438	205	23.48	GC1		fast	80
ENSG00000104879_CKM	ENSG00000104879	CKM	1146	59.58	389	183	15.97			slow	70
ENSG00000104881_PPP1R13L	ENSG00000104881	PPP1R13L	2490	67.67	1372	615	24.70		70	fast	70
ENSG00000104883_PEX11G	ENSG00000104883	PEX11G	726	65.44	441	251	34.57			slow	80
ENSG00000104888_SLC17A7	ENSG00000104888	SLC17A7	1683	60.30	547	270	16.04			fast	80
ENSG00000104889_RNASEH2A	ENSG00000104889	RNASEH2A	903	59.11	380	219	24.25	GC1	70	fast	70
ENSG00000104894_CD37	ENSG00000104894	CD37	846	58.03	545	265	31.32		70	fast	80
ENSG00000104901_DKKL1	ENSG00000104901	DKKL1	714	61.75	438	231	32.35			fast	80
ENSG00000104907_TRMT1	ENSG00000104907	TRMT1	1980	62.38	1102	568	28.69	GC1	70	fast	80
ENSG00000104941_RSPH6A	ENSG00000104941	RSPH6A	2142	63.06	1216	786	36.69			fast	90
ENSG00000104946_TBC1D17	ENSG00000104946	TBC1D17	1947	63.27	894	473	24.29			fast	90
ENSG00000104953_TLE6	ENSG00000104953	TLE6	1350	62.83	1019	653	48.37		70	fast	
ENSG00000104957_CCDC130	ENSG00000104957	CCDC130	1194	60.83	615	368	30.82		70	fast	80
ENSG00000104960_PTOV1	ENSG00000104960	PTOV1	1251	65.19	459	217	17.35			fast	80
ENSG00000104973_MED25	ENSG00000104973	MED25	2241	66.27	1111	625	27.89			fast	90
ENSG00000104976_SNAPC2	ENSG00000104976	SNAPC2	1017	66.24	690	392	38.54	GC1	70	fast	70
ENSG00000104980_TIMM44	ENSG00000104980	TIMM44	1359	56.58	618	325	23.91		70	fast	90
ENSG00000104983_CCDC61	ENSG00000104983	CCDC61	1449	65.17	829	373	25.74			slow	70
ENSG00000104998_IL27RA	ENSG00000104998	IL27RA	1890	61.63	1360	831	43.97	GC1	70	fast	90
ENSG00000105048_TNNT1	ENSG00000105048	TNNT1	786	58.27	394	170	21.63			slow	70
ENSG00000105053_VRK3	ENSG00000105053	VRK3	1362	56.24	879	509	37.37	GC1	70	fast	90
ENSG00000105063_PPP6R1	ENSG00000105063	PPP6R1	2637	63.02	1347	775	29.39		80	fast	80
ENSG00000105127_AKAP8	ENSG00000105127	AKAP8	2073	56.74	1056	671	32.37	GC1	70	slow	70
ENSG00000105135_ILVBL	ENSG00000105135	ILVBL	1899	61.59	902	546	28.75	GC1	70	slow	80
ENSG00000105141_CASP14	ENSG00000105141	CASP14	729	53.51	387	245	33.61	GC1	70	fast	80
ENSG00000105146_AURKC	ENSG00000105146	AURKC	924	53.28	537	276	29.87	GC1		fast	70
ENSG00000105171_POP4	ENSG00000105171	POP4	663	52.04	374	219	33.03	GC1		fast	90
ENSG00000105173_CCNE1	ENSG00000105173	CCNE1	1233	47.92	601	397	32.20	GC2		slow	90
ENSG00000105176_URI1	ENSG00000105176	URI1	1494	41.46	826	470	31.46	GC3	70	fast	90
ENSG00000105186_ANKRD27	ENSG00000105186	ANKRD27	3153	51.51	1668	1010	32.03	GC2	70	fast	90
ENSG00000105197_TIMM50	ENSG00000105197	TIMM50	1131	59.96	463	266	23.52	GC1	70	fast	90
ENSG00000105202_FBL	ENSG00000105202	FBL	942	58.30	291	183	19.43	GC1		slow	70
ENSG00000105204_DYRK1B	ENSG00000105204	DYRK1B	1890	63.22	507	184	9.74			fast	70
ENSG00000105221_AKT2	ENSG00000105221	AKT2	1446	59.23	515	225	15.56			slow	90
ENSG00000105223_PLD3	ENSG00000105223	PLD3	1473	61.64	599	297	20.16			slow	90
ENSG00000105227_PRX	ENSG00000105227	PRX	4161	65.07	2426	1354	32.54		90	slow	80
ENSG00000105229_PIAS4	ENSG00000105229	PIAS4	1539	62.38	601	374	24.30			fast	80
ENSG00000105245_NUMBL	ENSG00000105245	NUMBL	1803	66.85	708	372	20.63			slow	80
ENSG00000105246_EBI3	ENSG00000105246	EBI3	690	63.75	441	267	38.70			slow	70
ENSG00000105248_CCDC94	ENSG00000105248	CCDC94	966	60.30	493	272	28.16			fast	90
ENSG00000105251_SHD	ENSG00000105251	SHD	1023	64.12	607	306	29.91			fast	90
ENSG00000105254_TBCB	ENSG00000105254	TBCB	735	57.71	310	185	25.17	GC1		fast	90
ENSG00000105255_FSD1	ENSG00000105255	FSD1	1491	60.85	583	283	18.98			fast	90
ENSG00000105261_OVOL3	ENSG00000105261	OVOL3	630	64.64	373	212	33.65	GC1		fast	80
ENSG00000105270_CLIP3	ENSG00000105270	CLIP3	1644	60.86	619	307	18.67	GC1		slow	90
ENSG00000105281_SLC1A5	ENSG00000105281	SLC1A5	1626	63.18	935	531	32.66			fast	90
ENSG00000105289_TJP3	ENSG00000105289	TJP3	2760	64.85	1727	956	34.64		70	fast	90
ENSG00000105290_APLP1	ENSG00000105290	APLP1	1962	62.77	1032	476	24.26	GC1		fast	80
ENSG00000105323_HNRNPUL1	ENSG00000105323	HNRNPUL1	2571	57.60	859	425	16.53	GC1	70	fast	90
ENSG00000105325_FZR1	ENSG00000105325	FZR1	1482	62.62	463	230	15.52			slow	
ENSG00000105339_DENND3	ENSG00000105339	DENND3	3600	58.20	1918	1252	34.78		80	fast	80
ENSG00000105341_ATP5SL	ENSG00000105341	ATP5SL	774	61.43	482	274	35.40			slow	70
ENSG00000105355_PLIN3	ENSG00000105355	PLIN3	1317	64.40	865	440	33.41		70	fast	70
ENSG00000105364_MRPL4	ENSG00000105364	MRPL4	885	65.07	502	267	30.17			fast	80
ENSG00000105369_CD79A	ENSG00000105369	CD79A	675	60.78	477	287	42.52			fast	70
ENSG00000105373_GLTSCR2	ENSG00000105373	GLTSCR2	1437	65.09	860	436	30.34			slow	70
ENSG00000105376_ICAM5	ENSG00000105376	ICAM5	2766	67.91	1504	827	29.90			fast	80
ENSG00000105379_ETFB	ENSG00000105379	ETFB	768	61.66	340	174	22.66			slow	70
ENSG00000105397_TYK2	ENSG00000105397	TYK2	3555	62.20	2098	1139	32.04		70	fast	80
ENSG00000105402_NAPA	ENSG00000105402	NAPA	888	56.73	247	152	17.12			slow	80
ENSG00000105409_ATP1A3	ENSG00000105409	ATP1A3	3042	58.89	975	498	16.37		70	fast	90
ENSG00000105419_MEIS3	ENSG00000105419	MEIS3	1137	60.96	537	231	20.32			slow	70
ENSG00000105429_MEGF8	ENSG00000105429	MEGF8	8370	66.12	3323	1546	18.47		80	fast	70
ENSG00000105443_CYTH2	ENSG00000105443	CYTH2	1203	58.52	351	181	15.05			slow	80
ENSG00000105447_GRWD1	ENSG00000105447	GRWD1	1341	64.33	510	307	22.89			slow	80
ENSG00000105467_SYNGR4	ENSG00000105467	SYNGR4	705	62.09	442	238	33.76			slow	70
ENSG00000105486_LIG1	ENSG00000105486	LIG1	2754	61.22	1522	812	29.48		80	fast	80
ENSG00000105514_RAB3D	ENSG00000105514	RAB3D	660	59.36	229	126	19.09			slow	80
ENSG00000105516_DBP	ENSG00000105516	DBP	978	69.63	348	163	16.67		70	slow	
ENSG00000105520_NONAME	ENSG00000105520	NONAME	1032	65.82	532	248	24.03			fast	80
ENSG00000105523_FAM83E	ENSG00000105523	FAM83E	1443	68.64	908	485	33.61			slow	70
ENSG00000105538_RASIP1	ENSG00000105538	RASIP1	2892	66.46	1471	675	23.34		70	fast	70
ENSG00000105550_FGF21	ENSG00000105550	FGF21	630	63.97	365	225	35.71	GC1		fast	80
ENSG00000105552_BCAT2	ENSG00000105552	BCAT2	1182	60.10	597	360	30.46			fast	80
ENSG00000105559_PLEKHA4	ENSG00000105559	PLEKHA4	2340	65.32	1414	774	33.08	GC1	80	fast	90
ENSG00000105576_TNPO2	ENSG00000105576	TNPO2	2664	57.96	695	412	15.47		70	slow	80
ENSG00000105607_GCDH	ENSG00000105607	GCDH	1317	60.00	594	338	25.66			fast	80
ENSG00000105612_DNASE2	ENSG00000105612	DNASE2	1059	59.76	634	381	35.98	GC1	70	slow	70
ENSG00000105617_LENG1	ENSG00000105617	LENG1	792	62.58	453	296	37.37	GC1		fast	90
ENSG00000105618_PRPF31	ENSG00000105618	PRPF31	1500	60.02	441	246	16.40			fast	90
ENSG00000105639_JAK3	ENSG00000105639	JAK3	3315	61.93	1716	864	26.06		80	fast	80
ENSG00000105641_SLC5A5	ENSG00000105641	SLC5A5	1929	62.24	1128	634	32.87		80	fast	80
ENSG00000105650_PDE4C	ENSG00000105650	PDE4C	2127	60.09	1195	699	32.86			fast	80
ENSG00000105655_ISYNA1	ENSG00000105655	ISYNA1	1680	63.64	755	391	23.27		70	fast	70
ENSG00000105664_COMP	ENSG00000105664	COMP	2271	62.71	998	570	25.10		70	slow	70
ENSG00000105668_UPK1A	ENSG00000105668	UPK1A	774	59.11	304	159	20.54			slow	80
ENSG00000105669_COPE	ENSG00000105669	COPE	927	61.68	355	205	22.11			fast	80
ENSG00000105671_DDX49	ENSG00000105671	DDX49	1452	59.66	541	304	20.94			slow	70
ENSG00000105675_ATP4A	ENSG00000105675	ATP4A	3105	59.09	1097	535	17.23			slow	70
ENSG00000105676_ARMC6	ENSG00000105676	ARMC6	1431	62.09	782	455	31.80			fast	70
ENSG00000105677_TMEM147	ENSG00000105677	TMEM147	675	56.62	182	108	16.00			slow	80
ENSG00000105679_GAPDHS	ENSG00000105679	GAPDHS	1209	57.18	706	395	32.67	GC1	70	fast	80
ENSG00000105695_MAG	ENSG00000105695	MAG	1881	63.15	793	385	20.47		70	fast	90
ENSG00000105699_LSR	ENSG00000105699	LSR	1806	62.41	1064	584	32.34	GC1		fast	80
ENSG00000105701_FKBP8	ENSG00000105701	FKBP8	1233	62.86	515	236	19.14			slow	70
ENSG00000105707_HPN	ENSG00000105707	HPN	1254	63.74	533	283	22.57			slow	70
ENSG00000105711_SCN1B	ENSG00000105711	SCN1B	657	57.53	320	136	20.70			slow	80
ENSG00000105722_ERF	ENSG00000105722	ERF	1647	65.64	496	289	17.55			slow	80
ENSG00000105726_ATP13A1	ENSG00000105726	ATP13A1	3591	61.11	1399	747	20.80		80	fast	80
ENSG00000105737_GRIK5	ENSG00000105737	GRIK5	2580	60.72	872	383	14.84			slow	
ENSG00000105755_ETHE1	ENSG00000105755	ETHE1	765	59.70	329	162	21.18	GC1		fast	80
ENSG00000105767_CADM4	ENSG00000105767	CADM4	1125	61.59	380	216	19.20		70	slow	90
ENSG00000105778_AVL9	ENSG00000105778	AVL9	1950	46.81	778	461	23.64	GC3	70	slow	90
ENSG00000105784_RUNDC3B	ENSG00000105784	RUNDC3B	1419	44.01	407	171	12.05	GC3		slow	80
ENSG00000105792_CFAP69	ENSG00000105792	CFAP69	2826	37.90	1387	666	23.57	GC3	80	fast	90
ENSG00000105793_GTPBP10	ENSG00000105793	GTPBP10	1164	39.20	541	253	21.74	GC3	70	slow	80
ENSG00000105810_CDK6	ENSG00000105810	CDK6	981	51.89	327	162	16.51	GC2		slow	90
ENSG00000105819_PMPCB	ENSG00000105819	PMPCB	1470	45.53	575	316	21.50	GC3		slow	80
ENSG00000105821_DNAJC2	ENSG00000105821	DNAJC2	1866	40.16	707	298	15.97	GC3	70	slow	90
ENSG00000105825_TFPI2	ENSG00000105825	TFPI2	705	49.14	439	266	37.73	GC2	70	fast	80
ENSG00000105835_NAMPT	ENSG00000105835	NAMPT	1476	39.52	471	227	15.38	GC3		slow	90
ENSG00000105849_TWISTNB	ENSG00000105849	TWISTNB	1023	46.73	565	320	31.28	GC3		slow	70
ENSG00000105851_PIK3CG	ENSG00000105851	PIK3CG	3309	52.06	1269	778	23.51	GC1		fast	90
ENSG00000105852_PON3	ENSG00000105852	PON3	1065	44.00	626	362	33.99	GC3	80	fast	90
ENSG00000105854_PON2	ENSG00000105854	PON2	1065	42.55	495	245	23.00	GC3		fast	90
ENSG00000105855_ITGB8	ENSG00000105855	ITGB8	2307	42.87	969	520	22.54	GC3	70	slow	90
ENSG00000105856_HBP1	ENSG00000105856	HBP1	1545	43.86	459	236	15.28	GC3		slow	90
ENSG00000105865_DUS4L	ENSG00000105865	DUS4L	954	40.02	395	151	15.83	GC3		fast	90
ENSG00000105866_SP4	ENSG00000105866	SP4	2355	46.65	600	224	9.51	GC3	70	slow	80
ENSG00000105875_WDR91	ENSG00000105875	WDR91	2244	58.77	1005	577	25.71			fast	90
ENSG00000105877_DNAH11	ENSG00000105877	DNAH11	13488	46.03	6819	3941	29.22	GC2	90	slow	80
ENSG00000105879_CBLL1	ENSG00000105879	CBLL1	1476	48.24	302	129	8.74	GC3		slow	70
ENSG00000105880_DLX5	ENSG00000105880	DLX5	870	60.67	244	98	11.26			slow	80
ENSG00000105926_MPP6	ENSG00000105926	MPP6	1623	41.20	539	255	15.71	GC3		slow	90
ENSG00000105928_DFNA5	ENSG00000105928	DFNA5	1491	52.35	963	625	41.92	GC1	70	fast	90
ENSG00000105929_ATP6V0A4	ENSG00000105929	ATP6V0A4	2523	49.63	1281	824	32.66	GC1	70	fast	90
ENSG00000105948_TTC26	ENSG00000105948	TTC26	1665	44.65	593	327	19.64	GC2		slow	90
ENSG00000105953_OGDH	ENSG00000105953	OGDH	3072	58.39	1108	715	23.27		70	fast	90
ENSG00000105963_ADAP1	ENSG00000105963	ADAP1	1125	61.49	551	244	21.69		70	fast	
ENSG00000105967_TFEC	ENSG00000105967	TFEC	1044	44.01	522	266	25.48	GC3		fast	90
ENSG00000105976_MET	ENSG00000105976	MET	4149	44.19	1884	1045	25.19	GC3	90	slow	90
ENSG00000105989_WNT2	ENSG00000105989	WNT2	1083	56.73	343	208	19.21	GC1		slow	90
ENSG00000105991_HOXA1	ENSG00000105991	HOXA1	1005	58.12	295	133	13.23	GC1		slow	70
ENSG00000105997_HOXA3	ENSG00000105997	HOXA3	1332	66.00	471	264	19.82		70	slow	80
ENSG00000106003_LFNG	ENSG00000106003	LFNG	1047	65.12	515	223	21.30			fast	70
ENSG00000106004_HOXA5	ENSG00000106004	HOXA5	813	63.43	119	35	4.31			slow	80
ENSG00000106009_BRAT1	ENSG00000106009	BRAT1	2469	66.81	1724	1113	45.08		80	fast	90
ENSG00000106012_IQCE	ENSG00000106012	IQCE	2094	58.85	1470	983	46.94	GC1	80	fast	80
ENSG00000106025_TSPAN12	ENSG00000106025	TSPAN12	918	46.03	329	192	20.92	GC2		slow	90
ENSG00000106034_CPED1	ENSG00000106034	CPED1	3084	43.99	1874	1010	32.75	GC3	90	fast	90
ENSG00000106038_EVX1	ENSG00000106038	EVX1	1224	69.47	490	209	17.08		70	slow	70
ENSG00000106052_TAX1BP1	ENSG00000106052	TAX1BP1	2454	40.29	1131	568	23.15	GC3	80	slow	90
ENSG00000106066_CPVL	ENSG00000106066	CPVL	1437	45.38	834	559	38.90	GC2	80	slow	80
ENSG00000106069_CHN2	ENSG00000106069	CHN2	1407	47.18	455	270	19.19	GC2	70	fast	90
ENSG00000106070_GRB10	ENSG00000106070	GRB10	1731	55.61	896	552	31.89	GC1	80	fast	90
ENSG00000106080_FKBP14	ENSG00000106080	FKBP14	636	43.72	239	134	21.07	GC2		slow	90
ENSG00000106086_PLEKHA8	ENSG00000106086	PLEKHA8	1563	45.87	709	356	22.78	GC2		slow	90
ENSG00000106100_NOD1	ENSG00000106100	NOD1	2862	59.49	1564	932	32.56		90	fast	90
ENSG00000106105_GARS	ENSG00000106105	GARS	2220	48.79	884	538	24.23	GC2	70	slow	90
ENSG00000106113_CRHR2	ENSG00000106113	CRHR2	1227	56.59	543	299	24.37			fast	90
ENSG00000106125_FAM188B	ENSG00000106125	FAM188B	2280	55.15	1306	672	29.47	GC1	70	fast	80
ENSG00000106128_GHRHR	ENSG00000106128	GHRHR	1272	58.68	646	377	29.64		70	fast	80
ENSG00000106144_CASP2	ENSG00000106144	CASP2	1359	57.25	680	411	30.24	GC1	70	fast	90
ENSG00000106211_HSPB1	ENSG00000106211	HSPB1	621	68.08	270	111	17.87			slow	
ENSG00000106236_NPTX2	ENSG00000106236	NPTX2	1296	64.87	547	250	19.29			fast	90
ENSG00000106261_ZKSCAN1	ENSG00000106261	ZKSCAN1	1692	52.35	652	394	23.29	GC2		slow	90
ENSG00000106263_EIF3B	ENSG00000106263	EIF3B	2331	53.35	965	599	25.70	GC1	70	fast	80
ENSG00000106266_SNX8	ENSG00000106266	SNX8	1368	61.53	763	399	29.17			fast	70
ENSG00000106278_PTPRZ1	ENSG00000106278	PTPRZ1	6960	44.82	3527	2016	28.97	GC3	80	slow	80
ENSG00000106290_TAF6	ENSG00000106290	TAF6	2037	59.96	686	367	18.02	GC1	70	slow	70
ENSG00000106299_WASL	ENSG00000106299	WASL	1518	47.95	621	286	18.84	GC3		slow	90
ENSG00000106302_HYAL4	ENSG00000106302	HYAL4	1446	44.34	849	513	35.48	GC3	70	fast	90
ENSG00000106327_TFR2	ENSG00000106327	TFR2	2421	63.45	1205	685	28.29		70	fast	90
ENSG00000106328_FSCN3	ENSG00000106328	FSCN3	1497	56.25	777	482	32.20	GC1	80	slow	90
ENSG00000106330_MOSPD3	ENSG00000106330	MOSPD3	708	63.22	289	154	21.75	GC1		slow	80
ENSG00000106331_PAX4	ENSG00000106331	PAX4	1044	60.56	676	440	42.15	GC1		fast	90
ENSG00000106333_PCOLCE	ENSG00000106333	PCOLCE	1365	62.33	608	356	26.08		70	slow	80
ENSG00000106336_FBXO24	ENSG00000106336	FBXO24	1743	58.72	679	350	20.08	GC1		slow	80
ENSG00000106344_RBM28	ENSG00000106344	RBM28	2277	50.36	1163	688	30.22	GC2	70	fast	90
ENSG00000106346_USP42	ENSG00000106346	USP42	3963	54.21	2389	1552	39.16	GC2	70	slow	70
ENSG00000106348_IMPDH1	ENSG00000106348	IMPDH1	1692	60.09	594	298	17.61			slow	80
ENSG00000106351_AGFG2	ENSG00000106351	AGFG2	1440	61.30	682	355	24.65	GC1		fast	90
ENSG00000106366_SERPINE1	ENSG00000106366	SERPINE1	1209	56.09	617	368	30.44		80	slow	80
ENSG00000106392_C1GALT1	ENSG00000106392	C1GALT1	1092	38.07	408	228	20.88	GC3	70	slow	90
ENSG00000106410_NOBOX	ENSG00000106410	NOBOX	1698	61.80	1250	756	44.52	GC1	80	fast	70
ENSG00000106415_GLCCI1	ENSG00000106415	GLCCI1	1188	50.49	449	223	18.77	GC2		slow	90
ENSG00000106443_PHF14	ENSG00000106443	PHF14	2847	42.54	945	449	15.77	GC3	70	slow	90
ENSG00000106459_NRF1	ENSG00000106459	NRF1	1512	54.09	614	294	19.44	GC2		fast	90
ENSG00000106477_CEP41	ENSG00000106477	CEP41	1122	51.06	534	323	28.79	GC2		slow	90
ENSG00000106483_SFRP4	ENSG00000106483	SFRP4	1041	55.30	393	209	20.08	GC1		fast	90
ENSG00000106484_MEST	ENSG00000106484	MEST	1008	51.72	330	198	19.64	GC1		slow	90
ENSG00000106511_MEOX2	ENSG00000106511	MEOX2	912	56.73	289	130	14.25	GC1		slow	80
ENSG00000106524_ANKMY2	ENSG00000106524	ANKMY2	1326	43.31	634	343	25.87	GC3		slow	90
ENSG00000106536_POU6F2	ENSG00000106536	POU6F2	2049	58.59	888	342	16.69	GC1		fast	80
ENSG00000106537_TSPAN13	ENSG00000106537	TSPAN13	615	47.73	213	123	20.00	GC2		slow	80
ENSG00000106546_AHR	ENSG00000106546	AHR	2547	43.97	1481	883	34.67	GC3	80	fast	90
ENSG00000106554_CHCHD3	ENSG00000106554	CHCHD3	684	51.03	325	157	22.95	GC2		slow	90
ENSG00000106571_GLI3	ENSG00000106571	GLI3	4749	59.54	2048	1330	28.01	GC1	90	slow	80
ENSG00000106605_BLVRA	ENSG00000106605	BLVRA	891	50.76	424	245	27.50	GC1	70	fast	80
ENSG00000106608_URGCP	ENSG00000106608	URGCP	2769	59.94	1436	930	33.59		80	fast	80
ENSG00000106609_TMEM248	ENSG00000106609	TMEM248	945	50.72	339	218	23.07	GC1		slow	90
ENSG00000106624_AEBP1	ENSG00000106624	AEBP1	3372	62.46	1690	960	28.47		80	fast	80
ENSG00000106628_POLD2	ENSG00000106628	POLD2	1410	60.54	639	365	25.89		70	fast	80
ENSG00000106633_GCK	ENSG00000106633	GCK	1401	61.34	546	309	22.06		70	fast	90
ENSG00000106635_BCL7B	ENSG00000106635	BCL7B	609	55.83	251	109	17.90	GC1		fast	90
ENSG00000106638_TBL2	ENSG00000106638	TBL2	1341	57.17	638	337	25.13	GC1		slow	90
ENSG00000106665_CLIP2	ENSG00000106665	CLIP2	3138	64.82	1484	644	20.52		70	fast	80
ENSG00000106683_LIMK1	ENSG00000106683	LIMK1	1893	61.35	739	360	19.02			fast	80
ENSG00000106686_SPATA6L	ENSG00000106686	SPATA6L	1221	46.92	824	459	37.59	GC3	70	fast	90
ENSG00000106688_SLC1A1	ENSG00000106688	SLC1A1	1575	49.60	722	471	29.90	GC1	70	fast	90
ENSG00000106689_LHX2	ENSG00000106689	LHX2	1221	62.67	325	168	13.76			fast	80
ENSG00000106692_FKTN	ENSG00000106692	FKTN	1386	41.62	562	301	21.72	GC3	70	slow	90
ENSG00000106723_SPIN1	ENSG00000106723	SPIN1	789	47.59	228	129	16.35	GC2		slow	90
ENSG00000106733_NMRK1	ENSG00000106733	NMRK1	600	42.95	323	217	36.17	GC3		slow	90
ENSG00000106771_TMEM245	ENSG00000106771	TMEM245	2661	51.87	1213	594	22.32	GC2	70	fast	90
ENSG00000106772_PRUNE2	ENSG00000106772	PRUNE2	8376	47.82	5750	3556	42.45	GC3	90	fast	90
ENSG00000106785_TRIM14	ENSG00000106785	TRIM14	1329	62.68	851	444	33.41		80	slow	70
ENSG00000106789_CORO2A	ENSG00000106789	CORO2A	1578	56.94	771	444	28.14			fast	90
ENSG00000106799_TGFBR1	ENSG00000106799	TGFBR1	1416	42.64	421	247	17.44	GC3	70	slow	90
ENSG00000106809_OGN	ENSG00000106809	OGN	897	38.02	430	230	25.64	GC3	70	fast	90
ENSG00000106819_ASPN	ENSG00000106819	ASPN	1122	38.83	473	295	26.29	GC3	80	fast	90
ENSG00000106823_ECM2	ENSG00000106823	ECM2	2085	43.75	1236	770	36.93	GC3	80	fast	90
ENSG00000106829_TLE4	ENSG00000106829	TLE4	2322	55.30	688	416	17.92	GC1	70	slow	90
ENSG00000106852_LHX6	ENSG00000106852	LHX6	1164	64.40	386	215	18.47			fast	80
ENSG00000106853_PTGR1	ENSG00000106853	PTGR1	990	47.15	505	294	29.70	GC3		slow	80
ENSG00000106868_SUSD1	ENSG00000106868	SUSD1	2118	47.80	1317	759	35.84	GC2		fast	90
ENSG00000106927_AMBP	ENSG00000106927	AMBP	1059	57.59	601	385	36.36	GC1	70	fast	80
ENSG00000106948_AKNA	ENSG00000106948	AKNA	4299	63.95	3165	1938	45.08	GC1	90	fast	90
ENSG00000106952_TNFSF8	ENSG00000106952	TNFSF8	705	47.96	428	249	35.32	GC2		slow	90
ENSG00000106976_DNM1	ENSG00000106976	DNM1	2583	59.10	1075	510	19.74			slow	80
ENSG00000106991_ENG	ENSG00000106991	ENG	1968	60.68	1185	706	35.87		80	fast	80
ENSG00000106992_AK1	ENSG00000106992	AK1	633	58.85	262	147	23.22			slow	90
ENSG00000106993_CDC37L1	ENSG00000106993	CDC37L1	1014	43.28	410	199	19.63	GC3		slow	90
ENSG00000107021_TBC1D13	ENSG00000107021	TBC1D13	1203	54.57	412	223	18.54			fast	90
ENSG00000107036_RIC1	ENSG00000107036	RIC1	4092	47.87	1634	995	24.32	GC2	80	slow	90
ENSG00000107099_DOCK8	ENSG00000107099	DOCK8	6252	51.13	2858	1610	25.75	GC1	70	fast	90
ENSG00000107104_KANK1	ENSG00000107104	KANK1	4077	56.22	2153	1288	31.59	GC1	70	slow	80
ENSG00000107105_ELAVL2	ENSG00000107105	ELAVL2	1167	45.87	206	93	7.97	GC3		slow	90
ENSG00000107159_CA9	ENSG00000107159	CA9	1350	60.33	831	459	34.00	GC1	70	slow	90
ENSG00000107164_FUBP3	ENSG00000107164	FUBP3	1719	55.29	702	352	20.48	GC2		fast	90
ENSG00000107165_TYRP1	ENSG00000107165	TYRP1	1614	47.67	796	493	30.55	GC3	70	fast	90
ENSG00000107175_CREB3	ENSG00000107175	CREB3	1119	54.97	765	426	38.07	GC1	80	fast	80
ENSG00000107185_RGP1	ENSG00000107185	RGP1	1176	56.44	403	209	17.77	GC2	70	slow	80
ENSG00000107186_MPDZ	ENSG00000107186	MPDZ	6216	47.35	3058	1812	29.15	GC3	80	slow	90
ENSG00000107187_LHX3	ENSG00000107187	LHX3	1212	68.90	684	324	26.73			slow	70
ENSG00000107201_DDX58	ENSG00000107201	DDX58	2781	41.89	1604	945	33.98	GC3	80	fast	90
ENSG00000107242_PIP5K1B	ENSG00000107242	PIP5K1B	1527	45.18	613	347	22.72	GC2		slow	90
ENSG00000107249_GLIS3	ENSG00000107249	GLIS3	2796	58.70	1156	547	19.56	GC1	80	fast	
ENSG00000107262_BAG1	ENSG00000107262	BAG1	987	54.35	573	280	28.37	GC2	70	fast	80
ENSG00000107263_RAPGEF1	ENSG00000107263	RAPGEF1	3702	55.87	1468	768	20.75	GC1	80	fast	90
ENSG00000107282_APBA1	ENSG00000107282	APBA1	2502	61.90	842	472	18.86		70	slow	80
ENSG00000107290_SETX	ENSG00000107290	SETX	8067	43.17	4925	3122	38.70	GC3	90	slow	80
ENSG00000107295_SH3GL2	ENSG00000107295	SH3GL2	1059	49.75	357	194	18.32	GC2		slow	90
ENSG00000107331_ABCA2	ENSG00000107331	ABCA2	7245	62.25	2836	1436	19.82		70	fast	
ENSG00000107362_ABHD17B	ENSG00000107362	ABHD17B	867	42.44	229	114	13.15	GC3		slow	90
ENSG00000107371_EXOSC3	ENSG00000107371	EXOSC3	828	53.62	317	174	21.01	GC2		slow	90
ENSG00000107372_ZFAND5	ENSG00000107372	ZFAND5	642	44.74	109	42	6.54	GC3		slow	90
ENSG00000107438_PDLIM1	ENSG00000107438	PDLIM1	990	52.29	408	217	21.92	GC1		fast	90
ENSG00000107443_CCNJ	ENSG00000107443	CCNJ	1152	45.99	344	181	15.71	GC3	70	slow	90
ENSG00000107447_DNTT	ENSG00000107447	DNTT	1533	46.69	790	483	31.51	GC2	70	fast	90
ENSG00000107485_GATA3	ENSG00000107485	GATA3	1335	63.34	409	244	18.28		70	slow	80
ENSG00000107518_ATRNL1	ENSG00000107518	ATRNL1	4044	42.30	1365	735	18.18	GC3	70	fast	90
ENSG00000107521_HPS1	ENSG00000107521	HPS1	2109	61.18	1219	631	29.92		70	fast	90
ENSG00000107551_RASSF4	ENSG00000107551	RASSF4	966	54.88	575	349	36.13	GC1	70	slow	80
ENSG00000107554_DNMBP	ENSG00000107554	DNMBP	4746	52.38	2657	1729	36.43	GC2	80	fast	90
ENSG00000107560_RAB11FIP2	ENSG00000107560	RAB11FIP2	1539	43.42	576	304	19.75	GC3		slow	90
ENSG00000107581_EIF3A	ENSG00000107581	EIF3A	4050	47.62	1615	1046	25.83	GC3	80	slow	90
ENSG00000107593_PKD2L1	ENSG00000107593	PKD2L1	2415	53.25	1308	706	29.23	GC1	70	fast	90
ENSG00000107611_CUBN	ENSG00000107611	CUBN	10872	48.26	6295	3852	35.43	GC2	90	fast	80
ENSG00000107614_TRDMT1	ENSG00000107614	TRDMT1	1176	40.59	666	414	35.20	GC3	70	fast	90
ENSG00000107625_DDX50	ENSG00000107625	DDX50	2214	42.71	688	319	14.41	GC3	70	slow	90
ENSG00000107643_MAPK8	ENSG00000107643	MAPK8	1284	42.30	385	187	14.56	GC3		slow	90
ENSG00000107651_SEC23IP	ENSG00000107651	SEC23IP	3003	47.24	1383	809	26.94	GC3	70	fast	90
ENSG00000107669_ATE1	ENSG00000107669	ATE1	1566	47.19	841	516	32.95	GC2	70	fast	90
ENSG00000107672_NSMCE4A	ENSG00000107672	NSMCE4A	1146	47.97	602	328	28.62	GC2		fast	90
ENSG00000107679_PLEKHA1	ENSG00000107679	PLEKHA1	1194	46.79	450	289	24.20	GC3		slow	90
ENSG00000107719_PALD1	ENSG00000107719	PALD1	2571	63.09	1373	633	24.62		70	fast	70
ENSG00000107731_UNC5B	ENSG00000107731	UNC5B	2838	63.25	988	550	19.38		80	slow	80
ENSG00000107738_C10orf54	ENSG00000107738	C10orf54	936	62.97	573	321	34.29		70	fast	90
ENSG00000107742_SPOCK2	ENSG00000107742	SPOCK2	1275	61.92	418	197	15.45			fast	80
ENSG00000107745_MICU1	ENSG00000107745	MICU1	1443	45.59	538	297	20.58	GC3	70	slow	90
ENSG00000107758_PPP3CB	ENSG00000107758	PPP3CB	1575	41.81	242	79	5.02	GC3		slow	90
ENSG00000107771_CCSER2	ENSG00000107771	CCSER2	2505	41.69	1314	680	27.15	GC3	70	slow	90
ENSG00000107779_BMPR1A	ENSG00000107779	BMPR1A	1599	44.12	564	319	19.95	GC3		slow	90
ENSG00000107789_MINPP1	ENSG00000107789	MINPP1	1464	52.66	796	433	29.58	GC2	70	fast	90
ENSG00000107796_ACTA2	ENSG00000107796	ACTA2	1134	55.64	309	213	18.78	GC1		slow	90
ENSG00000107798_LIPA	ENSG00000107798	LIPA	1200	47.29	689	414	34.50	GC2		fast	90
ENSG00000107815_C10orf2	ENSG00000107815	C10orf2	2055	55.98	976	571	27.79	GC1	80	slow	90
ENSG00000107816_LZTS2	ENSG00000107816	LZTS2	2013	67.49	810	388	19.27		80	slow	80
ENSG00000107819_SFXN3	ENSG00000107819	SFXN3	972	57.83	376	202	20.78	GC1		slow	80
ENSG00000107821_KAZALD1	ENSG00000107821	KAZALD1	909	66.83	390	196	21.56			slow	80
ENSG00000107829_FBXW4	ENSG00000107829	FBXW4	1233	59.39	465	218	17.68	GC1		slow	80
ENSG00000107854_TNKS2	ENSG00000107854	TNKS2	3501	44.70	1167	610	17.42	GC3	80	slow	90
ENSG00000107859_PITX3	ENSG00000107859	PITX3	909	69.23	337	165	18.15			slow	70
ENSG00000107862_GBF1	ENSG00000107862	GBF1	5586	53.40	2014	1132	20.26	GC2	90	slow	90
ENSG00000107863_ARHGAP21	ENSG00000107863	ARHGAP21	5874	50.36	3078	2055	34.98	GC2	80	fast	90
ENSG00000107864_CPEB3	ENSG00000107864	CPEB3	2091	58.82	584	236	11.29	GC1		slow	90
ENSG00000107882_SUFU	ENSG00000107882	SUFU	1455	57.32	547	247	16.98	GC1		fast	90
ENSG00000107897_ACBD5	ENSG00000107897	ACBD5	1566	46.17	803	422	26.95	GC3	70	fast	90
ENSG00000107902_LHPP	ENSG00000107902	LHPP	813	61.05	489	251	30.87			fast	80
ENSG00000107937_GTPBP4	ENSG00000107937	GTPBP4	1905	47.40	780	546	28.66	GC2	80	fast	90
ENSG00000107938_EDRF1	ENSG00000107938	EDRF1	3714	46.33	1582	1069	28.78	GC2	70	slow	90
ENSG00000107951_MTPAP	ENSG00000107951	MTPAP	1755	42.80	915	509	29.00	GC3	80	fast	80
ENSG00000107954_NEURL1	ENSG00000107954	NEURL1	1725	67.09	773	349	20.23		70	slow	80
ENSG00000107957_SH3PXD2A	ENSG00000107957	SH3PXD2A	3384	61.25	1245	679	20.07		70	fast	80
ENSG00000107959_PITRM1	ENSG00000107959	PITRM1	3111	52.58	1880	1310	42.11	GC1	80	fast	90
ENSG00000107960_OBFC1	ENSG00000107960	OBFC1	1110	48.08	689	423	38.11	GC2	70	fast	90
ENSG00000107968_MAP3K8	ENSG00000107968	MAP3K8	1404	48.20	515	310	22.08	GC2	70	fast	80
ENSG00000108018_SORCS1	ENSG00000108018	SORCS1	3264	50.55	1397	747	22.89	GC2	80	fast	90
ENSG00000108021_FAM208B	ENSG00000108021	FAM208B	7311	45.53	5552	3616	49.46	GC3	90	fast	90
ENSG00000108039_XPNPEP1	ENSG00000108039	XPNPEP1	1872	52.74	655	374	19.98	GC1		slow	90
ENSG00000108055_SMC3	ENSG00000108055	SMC3	3654	39.26	1048	559	15.30	GC3	80	slow	90
ENSG00000108061_SHOC2	ENSG00000108061	SHOC2	1749	41.02	517	216	12.35	GC3		slow	90
ENSG00000108064_TFAM	ENSG00000108064	TFAM	741	40.19	358	177	23.89	GC3		fast	80
ENSG00000108091_CCDC6	ENSG00000108091	CCDC6	1425	53.52	405	265	18.60	GC1		fast	90
ENSG00000108094_CUL2	ENSG00000108094	CUL2	2238	38.94	585	313	13.99	GC3		slow	80
ENSG00000108100_CCNY	ENSG00000108100	CCNY	1026	49.69	399	154	15.01	GC2		fast	90
ENSG00000108106_UBE2S	ENSG00000108106	UBE2S	672	64.06	247	153	22.77			slow	80
ENSG00000108175_ZMIZ1	ENSG00000108175	ZMIZ1	3201	61.72	1099	442	13.81			slow	70
ENSG00000108179_PPIF	ENSG00000108179	PPIF	624	58.96	287	150	24.04			fast	80
ENSG00000108187_PBLD	ENSG00000108187	PBLD	867	48.74	471	259	29.87	GC2		slow	90
ENSG00000108231_LGI1	ENSG00000108231	LGI1	1674	40.64	422	196	11.71	GC3	70	slow	90
ENSG00000108239_TBC1D12	ENSG00000108239	TBC1D12	2172	48.25	918	361	16.62	GC3	70	fast	90
ENSG00000108244_KRT23	ENSG00000108244	KRT23	1269	52.07	750	459	36.17	GC1	70	fast	90
ENSG00000108255_CRYBA1	ENSG00000108255	CRYBA1	648	50.59	232	114	17.59	GC2		slow	90
ENSG00000108256_NUFIP2	ENSG00000108256	NUFIP2	2088	45.06	779	241	11.54	GC3	70	slow	90
ENSG00000108262_GIT1	ENSG00000108262	GIT1	2262	61.06	839	395	17.46			slow	90
ENSG00000108306_FBXL20	ENSG00000108306	FBXL20	1311	46.96	340	170	12.97	GC2		slow	90
ENSG00000108309_RUNDC3A	ENSG00000108309	RUNDC3A	1341	60.90	432	188	14.02			slow	80
ENSG00000108344_PSMD3	ENSG00000108344	PSMD3	1602	57.56	532	279	17.42			fast	80
ENSG00000108349_CASC3	ENSG00000108349	CASC3	2112	56.26	797	452	21.40	GC2	70	fast	90
ENSG00000108352_RAPGEFL1	ENSG00000108352	RAPGEFL1	1713	59.30	692	265	15.47			fast	90
ENSG00000108370_RGS9	ENSG00000108370	RGS9	2025	56.37	964	572	28.25	GC1	70	fast	90
ENSG00000108375_RNF43	ENSG00000108375	RNF43	2352	62.05	1170	634	26.96	GC1	70	slow	80
ENSG00000108379_WNT3	ENSG00000108379	WNT3	1068	63.83	307	155	14.51			slow	80
ENSG00000108381_ASPA	ENSG00000108381	ASPA	942	39.17	400	205	21.76	GC3		slow	90
ENSG00000108384_RAD51C	ENSG00000108384	RAD51C	1110	43.19	415	178	16.04	GC3	70	fast	70
ENSG00000108387_SEPT4	ENSG00000108387	SEPT4	1434	55.09	543	262	18.27	GC1		fast	90
ENSG00000108389_MTMR4	ENSG00000108389	MTMR4	3591	54.23	1488	835	23.25	GC2	90	slow	90
ENSG00000108395_TRIM37	ENSG00000108395	TRIM37	2892	44.18	1109	577	19.95	GC3	80	fast	90
ENSG00000108405_P2RX1	ENSG00000108405	P2RX1	1200	56.60	476	282	23.50			slow	80
ENSG00000108406_DHX40	ENSG00000108406	DHX40	2340	42.13	700	340	14.53	GC3	70	slow	90
ENSG00000108423_TUBD1	ENSG00000108423	TUBD1	1362	42.76	700	341	25.04	GC3		slow	90
ENSG00000108424_KPNB1	ENSG00000108424	KPNB1	2631	47.58	891	406	15.43	GC2		fast	90
ENSG00000108439_PNPO	ENSG00000108439	PNPO	786	58.60	369	187	23.79	GC1		fast	80
ENSG00000108443_RPS6KB1	ENSG00000108443	RPS6KB1	1578	45.38	310	120	7.60	GC3		slow	90
ENSG00000108465_CDK5RAP3	ENSG00000108465	CDK5RAP3	1518	56.90	618	364	23.98	GC1		fast	90
ENSG00000108469_RECQL5	ENSG00000108469	RECQL5	2976	59.09	1591	895	30.07	GC1	80	fast	80
ENSG00000108474_PIGL	ENSG00000108474	PIGL	759	56.52	442	275	36.23	GC1		fast	90
ENSG00000108479_GALK1	ENSG00000108479	GALK1	1179	66.17	678	310	26.29			slow	80
ENSG00000108506_INTS2	ENSG00000108506	INTS2	3606	43.60	1264	624	17.30	GC3	70	slow	90
ENSG00000108509_CAMTA2	ENSG00000108509	CAMTA2	3612	60.49	1324	736	20.38	GC1	80	slow	90
ENSG00000108510_MED13	ENSG00000108510	MED13	6459	42.24	2032	941	14.57	GC3	80	slow	90
ENSG00000108511_HOXB6	ENSG00000108511	HOXB6	675	66.09	180	77	11.41			slow	90
ENSG00000108515_ENO3	ENSG00000108515	ENO3	1305	56.43	398	228	17.47	GC1		slow	80
ENSG00000108523_RNF167	ENSG00000108523	RNF167	1056	56.39	413	192	18.18	GC2	70	slow	70
ENSG00000108528_SLC25A11	ENSG00000108528	SLC25A11	945	58.15	344	192	20.32	GC1	70	slow	90
ENSG00000108556_CHRNE	ENSG00000108556	CHRNE	1482	61.02	688	376	25.37			slow	70
ENSG00000108557_RAI1	ENSG00000108557	RAI1	5685	65.85	2884	1672	29.41		80	fast	80
ENSG00000108559_NUP88	ENSG00000108559	NUP88	2226	48.96	1042	683	30.68	GC2	80	slow	90
ENSG00000108561_C1QBP	ENSG00000108561	C1QBP	846	56.18	443	273	32.27	GC1		fast	80
ENSG00000108576_SLC6A4	ENSG00000108576	SLC6A4	1893	53.43	814	476	25.15	GC1	70	slow	90
ENSG00000108578_BLMH	ENSG00000108578	BLMH	1368	46.09	522	244	17.84	GC2		slow	90
ENSG00000108582_CPD	ENSG00000108582	CPD	4122	46.46	1603	819	19.87	GC3	80	slow	90
ENSG00000108587_GOSR1	ENSG00000108587	GOSR1	753	43.03	247	119	15.80	GC3		slow	90
ENSG00000108588_CCDC47	ENSG00000108588	CCDC47	1452	43.88	451	238	16.39	GC3		slow	90
ENSG00000108591_DRG2	ENSG00000108591	DRG2	1095	55.22	345	209	19.09			slow	80
ENSG00000108599_AKAP10	ENSG00000108599	AKAP10	1989	45.28	839	414	20.81	GC3	80	slow	90
ENSG00000108602_ALDH3A1	ENSG00000108602	ALDH3A1	1362	59.25	1021	573	42.07			fast	70
ENSG00000108604_SMARCD2	ENSG00000108604	SMARCD2	1548	58.07	536	270	17.44	GC1		slow	90
ENSG00000108622_ICAM2	ENSG00000108622	ICAM2	828	58.38	649	408	49.28		70	fast	70
ENSG00000108641_B9D1	ENSG00000108641	B9D1	615	59.20	261	135	21.95			slow	
ENSG00000108651_UTP6	ENSG00000108651	UTP6	1797	44.94	889	546	30.38	GC3	70	fast	90
ENSG00000108654_DDX5	ENSG00000108654	DDX5	1845	44.06	400	199	10.79	GC3		slow	80
ENSG00000108666_C17orf75	ENSG00000108666	C17orf75	1191	46.62	609	299	25.10	GC2		fast	90
ENSG00000108669_CYTH1	ENSG00000108669	CYTH1	1197	52.99	401	272	22.72	GC1		fast	90
ENSG00000108671_PSMD11	ENSG00000108671	PSMD11	1269	48.14	325	157	12.37	GC2		slow	90
ENSG00000108679_LGALS3BP	ENSG00000108679	LGALS3BP	1731	62.57	1034	590	34.08		70	fast	
ENSG00000108733_PEX12	ENSG00000108733	PEX12	1080	47.73	434	223	20.65	GC3		slow	80
ENSG00000108759_KRT32	ENSG00000108759	KRT32	1362	59.88	753	429	31.50			fast	80
ENSG00000108771_DHX58	ENSG00000108771	DHX58	2037	60.79	1255	694	34.07		80	fast	90
ENSG00000108773_KAT2A	ENSG00000108773	KAT2A	2514	59.47	888	423	16.83		70	slow	90
ENSG00000108784_NAGLU	ENSG00000108784	NAGLU	2232	63.94	1176	603	27.02		80	slow	80
ENSG00000108786_HSD17B1	ENSG00000108786	HSD17B1	939	67.72	625	372	39.62			fast	90
ENSG00000108788_MLX	ENSG00000108788	MLX	897	56.79	361	193	21.52	GC1		slow	90
ENSG00000108797_CNTNAP1	ENSG00000108797	CNTNAP1	4149	59.05	1627	855	20.61	GC1	80	fast	90
ENSG00000108798_ABI3	ENSG00000108798	ABI3	1104	63.95	639	349	31.61			fast	80
ENSG00000108799_EZH1	ENSG00000108799	EZH1	2244	49.59	720	390	17.38	GC2		slow	90
ENSG00000108821_COL1A1	ENSG00000108821	COL1A1	4395	65.22	1682	764	17.38	GC2	70	slow	80
ENSG00000108823_SGCA	ENSG00000108823	SGCA	1164	63.09	668	339	29.12			fast	90
ENSG00000108828_VAT1	ENSG00000108828	VAT1	1194	62.41	602	284	23.79			fast	90
ENSG00000108829_LRRC59	ENSG00000108829	LRRC59	921	59.93	326	195	21.17			slow	90
ENSG00000108830_RND2	ENSG00000108830	RND2	684	59.22	193	106	15.50	GC1		slow	90
ENSG00000108839_ALOX12	ENSG00000108839	ALOX12	1992	58.30	1013	573	28.77	GC1	80	fast	90
ENSG00000108840_HDAC5	ENSG00000108840	HDAC5	3345	62.03	971	494	14.77		80	slow	80
ENSG00000108848_LUC7L3	ENSG00000108848	LUC7L3	1299	42.67	435	205	15.78	GC3		slow	90
ENSG00000108878_CACNG1	ENSG00000108878	CACNG1	675	61.14	340	176	26.07			fast	80
ENSG00000108883_EFTUD2	ENSG00000108883	EFTUD2	2919	52.81	868	528	18.09	GC1		slow	90
ENSG00000108924_HLF	ENSG00000108924	HLF	888	58.32	277	150	16.89	GC1		fast	90
ENSG00000108932_SLC16A6	ENSG00000108932	SLC16A6	1572	52.41	838	581	36.96	GC1	80	fast	90
ENSG00000108946_PRKAR1A	ENSG00000108946	PRKAR1A	1146	50.14	352	245	21.38	GC2		slow	90
ENSG00000108947_EFNB3	ENSG00000108947	EFNB3	1023	64.11	300	159	15.54	GC1		slow	80
ENSG00000108950_FAM20A	ENSG00000108950	FAM20A	1560	58.80	787	416	26.67			fast	90
ENSG00000108953_YWHAE	ENSG00000108953	YWHAE	768	43.96	109	41	5.34	GC3		slow	
ENSG00000108960_MMD	ENSG00000108960	MMD	717	47.03	220	115	16.04	GC2		slow	80
ENSG00000108963_DPH1	ENSG00000108963	DPH1	1320	59.87	579	332	25.15	GC1	80	fast	80
ENSG00000108984_MAP2K6	ENSG00000108984	MAP2K6	1005	47.99	324	192	19.10	GC2		slow	90
ENSG00000109016_DHRS7B	ENSG00000109016	DHRS7B	978	56.72	570	374	38.24	GC1		fast	80
ENSG00000109046_WSB1	ENSG00000109046	WSB1	1266	44.41	438	201	15.88	GC3		slow	90
ENSG00000109047_RCVRN	ENSG00000109047	RCVRN	609	53.48	213	138	22.66			slow	70
ENSG00000109061_MYH1	ENSG00000109061	MYH1	5820	51.23	1868	1049	18.02	GC1	70	slow	70
ENSG00000109063_MYH3	ENSG00000109063	MYH3	5823	53.74	1750	1072	18.41	GC1	70	slow	70
ENSG00000109065_NAT9	ENSG00000109065	NAT9	624	56.38	308	183	29.33	GC1		fast	90
ENSG00000109066_TMEM104	ENSG00000109066	TMEM104	1491	60.47	654	337	22.60			fast	80
ENSG00000109072_VTN	ENSG00000109072	VTN	1437	58.58	942	600	41.75	GC1	70	slow	80
ENSG00000109079_TNFAIP1	ENSG00000109079	TNFAIP1	951	55.67	277	162	17.03			slow	90
ENSG00000109089_CDR2L	ENSG00000109089	CDR2L	1392	65.81	639	291	20.91			slow	70
ENSG00000109101_FOXN1	ENSG00000109101	FOXN1	1947	62.40	810	411	21.11	GC1		slow	80
ENSG00000109103_UNC119	ENSG00000109103	UNC119	723	58.64	294	125	17.29			fast	90
ENSG00000109107_ALDOC	ENSG00000109107	ALDOC	1095	56.43	348	199	18.17	GC1		slow	90
ENSG00000109111_SUPT6H	ENSG00000109111	SUPT6H	5181	52.30	1501	899	17.35	GC1	80	slow	90
ENSG00000109113_RAB34	ENSG00000109113	RAB34	780	53.85	262	132	16.92	GC1		slow	80
ENSG00000109118_PHF12	ENSG00000109118	PHF12	3015	55.84	836	342	11.34	GC1		slow	90
ENSG00000109132_PHOX2B	ENSG00000109132	PHOX2B	945	65.53	323	110	11.64			fast	70
ENSG00000109133_TMEM33	ENSG00000109133	TMEM33	744	43.52	225	119	15.99	GC3		slow	90
ENSG00000109158_GABRA4	ENSG00000109158	GABRA4	1668	43.49	690	396	23.74	GC3	70	slow	90
ENSG00000109163_GNRHR	ENSG00000109163	GNRHR	987	44.94	458	279	28.27	GC2	70	slow	80
ENSG00000109171_SLAIN2	ENSG00000109171	SLAIN2	1749	50.23	544	221	12.64	GC3		fast	90
ENSG00000109180_OCIAD1	ENSG00000109180	OCIAD1	744	41.01	267	125	16.80	GC3		slow	90
ENSG00000109182_CWH43	ENSG00000109182	CWH43	2100	46.99	1211	675	32.14	GC3	80	fast	90
ENSG00000109184_DCUN1D4	ENSG00000109184	DCUN1D4	879	39.90	271	128	14.56	GC3		slow	90
ENSG00000109189_USP46	ENSG00000109189	USP46	1101	44.99	278	178	16.17	GC2		slow	90
ENSG00000109321_AREG	ENSG00000109321	AREG	762	43.77	529	310	40.68	GC3	70	slow	90
ENSG00000109339_MAPK10	ENSG00000109339	MAPK10	1395	46.62	352	194	13.91	GC2		slow	90
ENSG00000109381_ELF2	ENSG00000109381	ELF2	1785	46.91	709	421	23.59	GC3		fast	90
ENSG00000109424_UCP1	ENSG00000109424	UCP1	924	52.56	530	321	34.74	GC2	80	fast	70
ENSG00000109436_TBC1D9	ENSG00000109436	TBC1D9	3669	52.35	1255	737	20.09	GC1	80	slow	80
ENSG00000109445_ZNF330	ENSG00000109445	ZNF330	963	45.91	320	187	19.42	GC3		slow	80
ENSG00000109452_INPP4B	ENSG00000109452	INPP4B	2775	45.52	1151	641	23.10	GC2	70	slow	80
ENSG00000109466_KLHL2	ENSG00000109466	KLHL2	1782	46.31	552	350	19.64	GC3	70	slow	90
ENSG00000109472_CPE	ENSG00000109472	CPE	1431	51.13	521	309	21.59	GC2		fast	90
ENSG00000109511_ANXA10	ENSG00000109511	ANXA10	975	45.86	459	301	30.87	GC2		slow	90
ENSG00000109519_GRPEL1	ENSG00000109519	GRPEL1	654	57.35	310	196	29.97			fast	80
ENSG00000109534_GAR1	ENSG00000109534	GAR1	639	49.91	214	106	16.59	GC3		slow	
ENSG00000109572_CLCN3	ENSG00000109572	CLCN3	2601	45.86	934	610	23.45	GC3		slow	90
ENSG00000109576_AADAT	ENSG00000109576	AADAT	1278	43.78	712	431	33.72	GC3	70	fast	90
ENSG00000109586_GALNT7	ENSG00000109586	GALNT7	1848	44.97	736	439	23.76	GC3		slow	90
ENSG00000109618_SEPSECS	ENSG00000109618	SEPSECS	1518	45.24	664	348	22.92	GC3		slow	90
ENSG00000109625_CPZ	ENSG00000109625	CPZ	1971	64.17	1104	545	27.65			fast	70
ENSG00000109667_SLC2A9	ENSG00000109667	SLC2A9	1584	56.95	871	459	28.98	GC1		fast	80
ENSG00000109670_FBXW7	ENSG00000109670	FBXW7	2124	45.90	666	382	17.98	GC3	70	slow	90
ENSG00000109674_NEIL3	ENSG00000109674	NEIL3	1821	44.63	1173	732	40.20	GC3	80	fast	90
ENSG00000109680_TBC1D19	ENSG00000109680	TBC1D19	1581	40.68	500	240	15.18	GC3		slow	90
ENSG00000109684_CLNK	ENSG00000109684	CLNK	1278	49.45	949	594	46.48	GC2	80	fast	90
ENSG00000109685_WHSC1	ENSG00000109685	WHSC1	4098	55.08	2024	1321	32.24	GC1	80	fast	90
ENSG00000109686_SH3D19	ENSG00000109686	SH3D19	2373	48.88	1412	744	31.35	GC3	80	fast	90
ENSG00000109689_STIM2	ENSG00000109689	STIM2	2121	46.29	776	460	21.69	GC3		slow	90
ENSG00000109736_MFSD10	ENSG00000109736	MFSD10	1371	65.89	773	426	31.07		70	fast	70
ENSG00000109738_GLRB	ENSG00000109738	GLRB	1494	43.64	579	362	24.23	GC3		fast	90
ENSG00000109743_BST1	ENSG00000109743	BST1	933	51.44	660	380	40.73	GC2		fast	90
ENSG00000109756_RAPGEF2	ENSG00000109756	RAPGEF2	4500	47.86	1640	1096	24.36	GC2	70	fast	90
ENSG00000109762_SNX25	ENSG00000109762	SNX25	2523	44.13	1134	619	24.53	GC2	70	fast	90
ENSG00000109771_LRP2BP	ENSG00000109771	LRP2BP	1047	44.77	525	290	27.70	GC3		slow	90
ENSG00000109775_UFSP2	ENSG00000109775	UFSP2	1410	42.97	703	413	29.29	GC3		slow	90
ENSG00000109787_KLF3	ENSG00000109787	KLF3	1038	53.78	358	225	21.68	GC1		slow	90
ENSG00000109790_KLHL5	ENSG00000109790	KLHL5	2265	44.36	853	381	16.82	GC3		slow	70
ENSG00000109794_FAM149A	ENSG00000109794	FAM149A	1863	50.59	1304	814	43.69	GC3	80	fast	90
ENSG00000109805_NCAPG	ENSG00000109805	NCAPG	3048	40.34	1557	821	26.94	GC3	80	slow	80
ENSG00000109814_UGDH	ENSG00000109814	UGDH	1485	44.05	451	273	18.38	GC3	70	slow	90
ENSG00000109819_PPARGC1A	ENSG00000109819	PPARGC1A	2391	48.51	784	364	15.22	GC2	80	slow	90
ENSG00000109832_DDX25	ENSG00000109832	DDX25	1452	47.68	558	311	21.42	GC2		fast	90
ENSG00000109854_HTATIP2	ENSG00000109854	HTATIP2	729	48.52	346	211	28.94	GC2	70	slow	90
ENSG00000109881_CCDC34	ENSG00000109881	CCDC34	1104	45.93	683	340	30.80	GC3		fast	90
ENSG00000109906_ZBTB16	ENSG00000109906	ZBTB16	2022	60.89	563	323	15.97		80	slow	70
ENSG00000109911_ELP4	ENSG00000109911	ELP4	1275	43.79	706	413	32.39	GC3	70	fast	90
ENSG00000109917_ZPR1	ENSG00000109917	ZPR1	1380	54.04	683	352	25.51	GC1	70	slow	90
ENSG00000109919_MTCH2	ENSG00000109919	MTCH2	912	47.99	361	145	15.90	GC2		slow	90
ENSG00000109920_FNBP4	ENSG00000109920	FNBP4	3057	48.66	1291	695	22.73	GC3	70	fast	90
ENSG00000109929_SC5D	ENSG00000109929	SC5D	900	40.85	470	306	34.00	GC3		slow	90
ENSG00000109943_CRTAM	ENSG00000109943	CRTAM	1182	47.17	866	556	47.04	GC2	80	fast	90
ENSG00000109944_C11orf63	ENSG00000109944	C11orf63	2340	46.50	1752	1086	46.41	GC2	80	fast	90
ENSG00000109956_B3GAT1	ENSG00000109956	B3GAT1	1005	64.38	417	220	21.89			slow	90
ENSG00000109991_P2RX3	ENSG00000109991	P2RX3	1194	56.39	478	253	21.19			fast	90
ENSG00000110011_DNAJC4	ENSG00000110011	DNAJC4	723	62.38	416	243	33.61	GC1		fast	70
ENSG00000110013_SIAE	ENSG00000110013	SIAE	1572	51.95	895	593	37.72	GC2	70	fast	90
ENSG00000110025_SNX15	ENSG00000110025	SNX15	1029	63.61	454	253	24.59			fast	90
ENSG00000110031_LPXN	ENSG00000110031	LPXN	1161	53.29	600	373	32.13	GC1	70	fast	90
ENSG00000110042_DTX4	ENSG00000110042	DTX4	1746	60.95	652	361	20.68			fast	80
ENSG00000110046_ATG2A	ENSG00000110046	ATG2A	5796	64.20	2758	1540	26.57		80	fast	80
ENSG00000110047_EHD1	ENSG00000110047	EHD1	1605	61.55	446	203	12.65			fast	80
ENSG00000110048_OSBP	ENSG00000110048	OSBP	2424	54.39	1064	508	20.96	GC1		fast	90
ENSG00000110057_UNC93B1	ENSG00000110057	UNC93B1	1794	63.67	830	359	20.01			fast	80
ENSG00000110060_PUS3	ENSG00000110060	PUS3	1443	43.97	672	355	24.60	GC3	80	slow	90
ENSG00000110063_DCPS	ENSG00000110063	DCPS	1014	58.28	496	318	31.36			fast	90
ENSG00000110066_SUV420H1	ENSG00000110066	SUV420H1	2652	48.65	1258	827	31.18	GC2		fast	90
ENSG00000110074_FOXRED1	ENSG00000110074	FOXRED1	1461	57.45	744	461	31.55	GC1	70	slow	90
ENSG00000110075_PPP6R3	ENSG00000110075	PPP6R3	2622	47.12	1067	613	23.38	GC2		fast	90
ENSG00000110080_ST3GAL4	ENSG00000110080	ST3GAL4	1002	55.47	506	284	28.34			slow	80
ENSG00000110090_CPT1A	ENSG00000110090	CPT1A	2322	56.04	980	677	29.16		80	fast	80
ENSG00000110104_CCDC86	ENSG00000110104	CCDC86	1086	64.46	719	377	34.71	GC1	70	slow	70
ENSG00000110107_PRPF19	ENSG00000110107	PRPF19	1515	56.54	445	275	18.15	GC1		slow	90
ENSG00000110108_TMEM109	ENSG00000110108	TMEM109	732	63.34	426	198	27.05			slow	70
ENSG00000110148_CCKBR	ENSG00000110148	CCKBR	1365	63.32	661	353	25.86		70	fast	80
ENSG00000110169_HPX	ENSG00000110169	HPX	1395	54.92	879	540	38.71	GC2	70	fast	80
ENSG00000110171_TRIM3	ENSG00000110171	TRIM3	2235	62.38	651	359	16.06		70	slow	80
ENSG00000110172_CHORDC1	ENSG00000110172	CHORDC1	999	41.21	392	191	19.12	GC3		fast	90
ENSG00000110218_PANX1	ENSG00000110218	PANX1	1284	50.89	716	416	32.40	GC1	80	fast	80
ENSG00000110237_ARHGEF17	ENSG00000110237	ARHGEF17	6195	63.53	2909	1351	21.81	GC1	80	fast	80
ENSG00000110244_APOA4	ENSG00000110244	APOA4	1155	61.40	892	582	50.39			fast	90
ENSG00000110315_RNF141	ENSG00000110315	RNF141	693	45.44	258	141	20.35	GC3		slow	90
ENSG00000110318_KIAA1377	ENSG00000110318	KIAA1377	3342	39.40	2623	1529	45.75	GC3	80	fast	90
ENSG00000110321_EIF4G2	ENSG00000110321	EIF4G2	2724	44.51	454	216	7.93	GC3		slow	90
ENSG00000110324_IL10RA	ENSG00000110324	IL10RA	1743	58.56	1305	839	48.14	GC1	70	fast	90
ENSG00000110328_GALNT18	ENSG00000110328	GALNT18	1824	57.68	572	302	16.56			fast	90
ENSG00000110330_BIRC2	ENSG00000110330	BIRC2	1857	42.59	912	566	30.48	GC3	70	slow	90
ENSG00000110344_UBE4A	ENSG00000110344	UBE4A	3219	46.86	1026	554	17.21	GC2	70	slow	90
ENSG00000110367_DDX6	ENSG00000110367	DDX6	1452	43.72	310	108	7.44	GC3		slow	90
ENSG00000110395_CBL	ENSG00000110395	CBL	2706	51.08	1020	549	20.29	GC2	70	slow	90
ENSG00000110400_PVRL1	ENSG00000110400	PVRL1	1551	62.76	648	292	18.83			fast	80
ENSG00000110422_HIPK3	ENSG00000110422	HIPK3	3648	44.61	1323	693	19.00	GC3	80	slow	90
ENSG00000110427_KIAA1549L	ENSG00000110427	KIAA1549L	5328	55.75	3106	1860	34.91	GC1	90	slow	80
ENSG00000110429_FBXO3	ENSG00000110429	FBXO3	1413	45.19	454	249	17.62	GC3		slow	90
ENSG00000110435_PDHX	ENSG00000110435	PDHX	1506	49.19	765	489	32.47	GC3	70	slow	90
ENSG00000110436_SLC1A2	ENSG00000110436	SLC1A2	1725	51.35	578	371	21.51	GC1	70	fast	90
ENSG00000110446_SLC15A3	ENSG00000110446	SLC15A3	1728	61.98	948	538	31.13		70	fast	80
ENSG00000110448_CD5	ENSG00000110448	CD5	1482	62.30	1086	664	44.80		80	fast	90
ENSG00000110455_ACCS	ENSG00000110455	ACCS	1509	57.88	788	409	27.10		70	fast	90
ENSG00000110497_AMBRA1	ENSG00000110497	AMBRA1	3900	58.19	1259	692	17.74	GC1	70	slow	90
ENSG00000110514_MADD	ENSG00000110514	MADD	4944	54.74	1818	1037	20.97	GC1	70	fast	90
ENSG00000110583_NAA40	ENSG00000110583	NAA40	714	55.22	286	149	20.87	GC1		slow	90
ENSG00000110660_SLC35F2	ENSG00000110660	SLC35F2	1026	47.48	444	259	25.24	GC2		fast	80
ENSG00000110675_ELMOD1	ENSG00000110675	ELMOD1	1005	42.87	430	234	23.28	GC3		slow	90
ENSG00000110693_SOX6	ENSG00000110693	SOX6	2487	50.56	590	250	10.05	GC2	70	slow	80
ENSG00000110697_PITPNM1	ENSG00000110697	PITPNM1	3735	65.03	1485	761	20.37		80	fast	80
ENSG00000110711_AIP	ENSG00000110711	AIP	993	61.28	322	177	17.82			slow	80
ENSG00000110713_NUP98	ENSG00000110713	NUP98	5403	48.18	2162	1091	20.19	GC3	80	fast	90
ENSG00000110721_CHKA	ENSG00000110721	CHKA	1026	46.46	430	269	26.22	GC2	70	slow	90
ENSG00000110723_EXPH5	ENSG00000110723	EXPH5	5976	43.75	4724	2993	50.08	GC3	90	fast	90
ENSG00000110756_HPS5	ENSG00000110756	HPS5	3390	44.53	1769	964	28.44	GC3	80	slow	90
ENSG00000110768_GTF2H1	ENSG00000110768	GTF2H1	1647	41.89	491	260	15.79	GC3	70	slow	90
ENSG00000110777_POU2AF1	ENSG00000110777	POU2AF1	771	64.27	309	185	23.99			slow	80
ENSG00000110786_PTPN5	ENSG00000110786	PTPN5	1686	61.46	650	341	20.23			slow	80
ENSG00000110799_VWF	ENSG00000110799	VWF	8442	59.31	4279	2548	30.18		90	fast	80
ENSG00000110811_P3H3	ENSG00000110811	P3H3	2211	65.68	1139	560	25.33		80	fast	90
ENSG00000110841_PPFIBP1	ENSG00000110841	PPFIBP1	3036	46.93	1210	668	22.00	GC2	80	slow	80
ENSG00000110844_PRPF40B	ENSG00000110844	PRPF40B	2622	58.99	884	425	16.21	GC1	80	slow	90
ENSG00000110848_CD69	ENSG00000110848	CD69	600	43.38	421	272	45.33	GC3	70	slow	80
ENSG00000110851_PRDM4	ENSG00000110851	PRDM4	2406	49.24	881	416	17.29	GC2	70	slow	90
ENSG00000110871_COQ5	ENSG00000110871	COQ5	984	50.95	486	278	28.25	GC2		slow	90
ENSG00000110880_CORO1C	ENSG00000110880	CORO1C	1425	50.72	489	296	20.77	GC1		fast	90
ENSG00000110887_DAO	ENSG00000110887	DAO	1044	55.94	567	320	30.65	GC1	70	fast	90
ENSG00000110906_KCTD10	ENSG00000110906	KCTD10	948	55.68	271	182	19.20	GC1		fast	90
ENSG00000110911_SLC11A2	ENSG00000110911	SLC11A2	1686	49.25	684	375	22.24	GC2		slow	80
ENSG00000110917_MLEC	ENSG00000110917	MLEC	870	56.14	287	137	15.75	GC1		slow	90
ENSG00000110921_MVK	ENSG00000110921	MVK	1191	61.38	694	376	31.57			fast	80
ENSG00000110925_CSRNP2	ENSG00000110925	CSRNP2	1632	57.97	588	323	19.79	GC1	70	slow	80
ENSG00000110931_CAMKK2	ENSG00000110931	CAMKK2	1758	60.58	811	401	22.81			slow	70
ENSG00000110934_BIN2	ENSG00000110934	BIN2	1704	52.60	956	524	30.75	GC2	70	slow	80
ENSG00000110987_BCL7A	ENSG00000110987	BCL7A	696	56.36	301	140	20.11	GC1		fast	80
ENSG00000111011_RSRC2	ENSG00000111011	RSRC2	1305	43.24	432	227	17.39	GC3		slow	90
ENSG00000111012_CYP27B1	ENSG00000111012	CYP27B1	1527	62.33	825	468	30.65	GC1	70	fast	90
ENSG00000111046_MYF6	ENSG00000111046	MYF6	729	57.94	235	128	17.56	GC1		slow	90
ENSG00000111049_MYF5	ENSG00000111049	MYF5	768	57.96	330	184	23.96	GC1		slow	90
ENSG00000111052_LIN7A	ENSG00000111052	LIN7A	702	51.19	205	104	14.81	GC2		slow	80
ENSG00000111058_ACSS3	ENSG00000111058	ACSS3	2061	49.34	951	534	25.91	GC3	70	slow	90
ENSG00000111077_TNS2	ENSG00000111077	TNS2	4221	63.30	1933	1017	24.09	GC1	80	slow	70
ENSG00000111087_GLI1	ENSG00000111087	GLI1	3321	60.52	1463	767	23.10	GC1	80	slow	80
ENSG00000111110_PPM1H	ENSG00000111110	PPM1H	1497	55.46	480	245	16.37	GC1		fast	90
ENSG00000111142_METAP2	ENSG00000111142	METAP2	1437	42.93	421	185	12.87	GC3		slow	90
ENSG00000111144_LTA4H	ENSG00000111144	LTA4H	1836	46.20	784	428	23.31	GC3	80	slow	90
ENSG00000111145_ELK3	ENSG00000111145	ELK3	1224	56.56	416	195	15.93	GC1	70	slow	80
ENSG00000111186_WNT5B	ENSG00000111186	WNT5B	1080	63.17	400	228	21.11			fast	80
ENSG00000111203_ITFG2	ENSG00000111203	ITFG2	1335	58.20	751	371	27.79	GC1	70	fast	80
ENSG00000111206_FOXM1	ENSG00000111206	FOXM1	2292	57.94	1105	632	27.57	GC1	80	slow	80
ENSG00000111218_PRMT8	ENSG00000111218	PRMT8	1185	51.57	334	184	15.53	GC1		slow	90
ENSG00000111224_PARP11	ENSG00000111224	PARP11	996	43.26	403	231	23.19	GC2		slow	90
ENSG00000111231_GPN3	ENSG00000111231	GPN3	855	44.48	326	183	21.40	GC2		fast	90
ENSG00000111247_RAD51AP1	ENSG00000111247	RAD51AP1	1059	44.54	745	408	38.53	GC3		fast	80
ENSG00000111252_SH2B3	ENSG00000111252	SH2B3	1692	65.54	897	405	23.94			fast	80
ENSG00000111254_AKAP3	ENSG00000111254	AKAP3	2571	48.65	1530	986	38.35	GC2	70	fast	90
ENSG00000111266_DUSP16	ENSG00000111266	DUSP16	1992	54.05	906	528	26.51	GC1	80	slow	90
ENSG00000111291_GPRC5D	ENSG00000111291	GPRC5D	1035	52.81	592	348	33.62	GC1		slow	90
ENSG00000111300_NAA25	ENSG00000111300	NAA25	2919	42.68	1239	536	18.36	GC3	70	slow	90
ENSG00000111319_SCNN1A	ENSG00000111319	SCNN1A	2010	58.20	1084	609	30.30		70	fast	80
ENSG00000111325_OGFOD2	ENSG00000111325	OGFOD2	1053	65.47	496	274	26.02		70	slow	80
ENSG00000111335_OAS2	ENSG00000111335	OAS2	2136	51.10	1531	971	45.46	GC1	80	fast	80
ENSG00000111339_ART4	ENSG00000111339	ART4	942	47.81	702	454	48.20	GC2	80	fast	80
ENSG00000111344_RASAL1	ENSG00000111344	RASAL1	2418	64.00	1206	632	26.14		70	fast	90
ENSG00000111348_ARHGDIB	ENSG00000111348	ARHGDIB	603	50.21	258	153	25.37	GC2		slow	90
ENSG00000111361_EIF2B1	ENSG00000111361	EIF2B1	918	49.01	353	224	24.40	GC2		slow	90
ENSG00000111364_DDX55	ENSG00000111364	DDX55	1803	50.75	849	511	28.34	GC1		slow	90
ENSG00000111371_SLC38A1	ENSG00000111371	SLC38A1	1464	42.51	610	336	22.95	GC2		slow	90
ENSG00000111405_ENDOU	ENSG00000111405	ENDOU	1236	55.28	712	379	30.66	GC1	70	fast	90
ENSG00000111424_VDR	ENSG00000111424	VDR	1284	58.72	558	301	23.44			fast	90
ENSG00000111445_RFC5	ENSG00000111445	RFC5	1023	48.96	371	192	18.77	GC2		slow	70
ENSG00000111452_GPR133	ENSG00000111452	GPR133	2625	57.29	1420	866	32.99		80	slow	
ENSG00000111490_TBC1D30	ENSG00000111490	TBC1D30	2283	51.37	1077	663	29.04	GC2	70	fast	90
ENSG00000111530_CAND1	ENSG00000111530	CAND1	3693	40.99	902	429	11.62	GC3	70	slow	80
ENSG00000111540_RAB5B	ENSG00000111540	RAB5B	648	51.89	131	61	9.41	GC2		slow	80
ENSG00000111554_MDM1	ENSG00000111554	MDM1	2172	44.39	1258	687	31.63	GC3	80	slow	80
ENSG00000111581_NUP107	ENSG00000111581	NUP107	2778	42.60	1197	646	23.25	GC3	80	slow	90
ENSG00000111596_CNOT2	ENSG00000111596	CNOT2	1623	43.88	272	80	4.93	GC3		slow	90
ENSG00000111602_TIMELESS	ENSG00000111602	TIMELESS	3630	55.18	1894	1043	28.73	GC1	70	fast	90
ENSG00000111605_CPSF6	ENSG00000111605	CPSF6	1767	50.17	433	185	10.47	GC3		slow	90
ENSG00000111641_NOP2	ENSG00000111641	NOP2	2472	55.73	1432	884	35.76	GC1		fast	90
ENSG00000111642_CHD4	ENSG00000111642	CHD4	5817	51.76	1657	997	17.14	GC2	80	slow	90
ENSG00000111644_ACRBP	ENSG00000111644	ACRBP	1632	56.82	1067	578	35.42	GC1	80	fast	90
ENSG00000111647_UHRF1BP1L	ENSG00000111647	UHRF1BP1L	4392	38.66	1991	977	22.24	GC3	80	slow	80
ENSG00000111652_COPS7A	ENSG00000111652	COPS7A	828	58.10	248	128	15.46	GC1		slow	70
ENSG00000111664_GNB3	ENSG00000111664	GNB3	1023	58.79	313	182	17.79			slow	80
ENSG00000111665_CDCA3	ENSG00000111665	CDCA3	804	56.88	459	235	29.23	GC2	70	fast	70
ENSG00000111666_CHPT1	ENSG00000111666	CHPT1	1101	40.68	394	170	15.44	GC3		slow	70
ENSG00000111667_USP5	ENSG00000111667	USP5	2577	57.08	725	409	15.87	GC1	80	slow	90
ENSG00000111669_TPI1	ENSG00000111669	TPI1	837	56.58	388	193	23.06	GC1		slow	70
ENSG00000111670_GNPTAB	ENSG00000111670	GNPTAB	3774	44.11	1700	1042	27.61	GC3	80	slow	90
ENSG00000111674_ENO2	ENSG00000111674	ENO2	1305	56.46	378	203	15.56	GC1		slow	80
ENSG00000111679_PTPN6	ENSG00000111679	PTPN6	1788	57.88	710	356	19.91			fast	80
ENSG00000111684_LPCAT3	ENSG00000111684	LPCAT3	1464	51.48	624	371	25.34	GC1	70	fast	90
ENSG00000111696_NT5DC3	ENSG00000111696	NT5DC3	1527	49.85	582	351	22.99	GC1		fast	90
ENSG00000111707_SUDS3	ENSG00000111707	SUDS3	987	50.36	351	200	20.26	GC2		slow	90
ENSG00000111713_GYS2	ENSG00000111713	GYS2	2112	46.73	856	540	25.57	GC2	80	slow	90
ENSG00000111725_PRKAB1	ENSG00000111725	PRKAB1	813	54.58	249	159	19.56	GC1		slow	90
ENSG00000111726_CMAS	ENSG00000111726	CMAS	1305	46.48	398	174	13.33	GC3	70	slow	80
ENSG00000111727_HCFC2	ENSG00000111727	HCFC2	2379	43.75	911	408	17.15	GC3		slow	90
ENSG00000111728_ST8SIA1	ENSG00000111728	ST8SIA1	1071	51.63	391	208	19.42	GC1		slow	90
ENSG00000111731_C2CD5	ENSG00000111731	C2CD5	3156	43.34	1041	581	18.41	GC3	70	slow	80
ENSG00000111737_RAB35	ENSG00000111737	RAB35	603	52.00	182	90	14.93	GC1		slow	70
ENSG00000111783_RFX4	ENSG00000111783	RFX4	2208	52.38	770	379	17.16	GC1		fast	90
ENSG00000111785_RIC8B	ENSG00000111785	RIC8B	1683	44.83	374	163	9.69	GC3		slow	90
ENSG00000111786_SRSF9	ENSG00000111786	SRSF9	666	55.42	255	84	12.61	GC2		slow	90
ENSG00000111790_FGFR1OP2	ENSG00000111790	FGFR1OP2	762	42.01	257	151	19.82	GC3		slow	90
ENSG00000111799_COL12A1	ENSG00000111799	COL12A1	9198	47.93	3760	2239	24.34	GC3	90	slow	90
ENSG00000111802_TDP2	ENSG00000111802	TDP2	1089	45.49	677	380	34.89	GC3	70	fast	90
ENSG00000111816_FRK	ENSG00000111816	FRK	1524	46.22	725	440	28.87	GC2	80	fast	90
ENSG00000111817_DSE	ENSG00000111817	DSE	2880	49.37	1159	717	24.90	GC2	80	slow	90
ENSG00000111832_RWDD1	ENSG00000111832	RWDD1	732	39.50	236	115	15.71	GC3		fast	90
ENSG00000111834_RSPH4A	ENSG00000111834	RSPH4A	2163	45.98	1216	748	34.58	GC3	80	slow	80
ENSG00000111837_MAK	ENSG00000111837	MAK	1872	45.34	878	537	28.69	GC3	70	slow	90
ENSG00000111845_PAK1IP1	ENSG00000111845	PAK1IP1	1176	45.12	604	380	32.31	GC3	70	fast	90
ENSG00000111846_GCNT2	ENSG00000111846	GCNT2	1206	47.92	791	590	48.92	GC2		fast	90
ENSG00000111859_NEDD9	ENSG00000111859	NEDD9	2505	55.13	1258	823	32.85	GC1	80	fast	90
ENSG00000111860_CEP85L	ENSG00000111860	CEP85L	2352	42.42	1139	598	25.43	GC3	80	slow	90
ENSG00000111863_ADTRP	ENSG00000111863	ADTRP	693	44.85	505	310	44.73	GC2		fast	90
ENSG00000111875_ASF1A	ENSG00000111875	ASF1A	615	41.33	122	41	6.67	GC3		slow	90
ENSG00000111879_FAM184A	ENSG00000111879	FAM184A	3423	42.82	1472	738	21.56	GC3	70	slow	90
ENSG00000111880_RNGTT	ENSG00000111880	RNGTT	1794	41.24	501	242	13.49	GC3		slow	90
ENSG00000111885_MAN1A1	ENSG00000111885	MAN1A1	1962	50.08	811	445	22.68	GC2	80	fast	90
ENSG00000111886_GABRR2	ENSG00000111886	GABRR2	1473	52.88	562	308	20.91			slow	90
ENSG00000111897_SERINC1	ENSG00000111897	SERINC1	1362	42.52	508	260	19.09	GC3	70	fast	90
ENSG00000111906_HDDC2	ENSG00000111906	HDDC2	615	51.28	307	179	29.11	GC2		fast	90
ENSG00000111907_TPD52L1	ENSG00000111907	TPD52L1	615	49.92	274	162	26.34	GC2		fast	90
ENSG00000111912_NCOA7	ENSG00000111912	NCOA7	2832	44.23	1246	688	24.29	GC3	80	slow	80
ENSG00000111913_FAM65B	ENSG00000111913	FAM65B	3195	52.86	1599	955	29.89	GC1	80	fast	90
ENSG00000111961_SASH1	ENSG00000111961	SASH1	3645	55.74	1843	1047	28.72	GC1	80	fast	90
ENSG00000111962_UST	ENSG00000111962	UST	1182	50.16	416	205	17.34	GC1		fast	90
ENSG00000112029_FBXO5	ENSG00000112029	FBXO5	1347	41.35	871	485	36.01	GC3	80	slow	90
ENSG00000112031_MTRF1L	ENSG00000112031	MTRF1L	1143	46.67	557	311	27.21	GC3		fast	90
ENSG00000112033_PPARD	ENSG00000112033	PPARD	1326	59.27	450	236	17.80			slow	90
ENSG00000112039_FANCE	ENSG00000112039	FANCE	1617	61.42	1043	588	36.36	GC1	80	fast	80
ENSG00000112041_TULP1	ENSG00000112041	TULP1	1638	60.68	894	492	30.04			fast	80
ENSG00000112053_SLC26A8	ENSG00000112053	SLC26A8	2913	46.16	1899	1278	43.87	GC2	80	fast	90
ENSG00000112062_MAPK14	ENSG00000112062	MAPK14	1083	47.48	319	199	18.37	GC2		slow	90
ENSG00000112077_RHAG	ENSG00000112077	RHAG	1236	46.67	796	552	44.66	GC2	70	fast	90
ENSG00000112079_STK38	ENSG00000112079	STK38	1398	43.99	372	181	12.95	GC2		slow	90
ENSG00000112118_MCM3	ENSG00000112118	MCM3	2427	53.83	869	567	23.36	GC1	70	slow	90
ENSG00000112137_PHACTR1	ENSG00000112137	PHACTR1	1740	54.67	647	300	17.24	GC1		fast	80
ENSG00000112139_MDGA1	ENSG00000112139	MDGA1	2868	61.93	922	483	16.84		70	slow	80
ENSG00000112144_ICK	ENSG00000112144	ICK	1899	50.38	912	498	26.22	GC2	70	slow	90
ENSG00000112146_FBXO9	ENSG00000112146	FBXO9	1311	46.54	523	284	21.66	GC3		slow	90
ENSG00000112149_CD83	ENSG00000112149	CD83	621	54.01	431	276	44.44	GC1		fast	90
ENSG00000112159_MDN1	ENSG00000112159	MDN1	16803	49.50	8093	4338	25.82	GC2	90	fast	80
ENSG00000112164_GLP1R	ENSG00000112164	GLP1R	1392	58.96	593	328	23.56		70	fast	80
ENSG00000112175_BMP5	ENSG00000112175	BMP5	1365	45.56	451	252	18.46	GC3	70	slow	90
ENSG00000112182_BACH2	ENSG00000112182	BACH2	2526	57.49	1017	504	19.95	GC1	70	slow	80
ENSG00000112183_RBM24	ENSG00000112183	RBM24	711	61.37	204	110	15.47	GC1		fast	70
ENSG00000112186_CAP2	ENSG00000112186	CAP2	1434	49.22	655	395	27.55	GC2	70	fast	90
ENSG00000112195_TREML2	ENSG00000112195	TREML2	1005	58.96	733	464	46.17	GC1	80	fast	80
ENSG00000112200_ZNF451	ENSG00000112200	ZNF451	3186	42.06	1475	769	24.14	GC3	80	slow	80
ENSG00000112208_BAG2	ENSG00000112208	BAG2	636	48.49	246	159	25.00	GC2		slow	90
ENSG00000112210_RAB23	ENSG00000112210	RAB23	714	40.64	318	164	22.97	GC3		slow	90
ENSG00000112214_FHL5	ENSG00000112214	FHL5	855	45.71	392	198	23.16	GC2		slow	90
ENSG00000112232_KHDRBS2	ENSG00000112232	KHDRBS2	1050	48.41	373	185	17.62	GC3		slow	90
ENSG00000112234_FBXL4	ENSG00000112234	FBXL4	1866	44.37	653	367	19.67	GC3	70	slow	90
ENSG00000112237_CCNC	ENSG00000112237	CCNC	852	38.28	190	86	10.09	GC3		slow	90
ENSG00000112242_E2F3	ENSG00000112242	E2F3	1254	49.88	364	164	13.08	GC2		slow	90
ENSG00000112246_SIM1	ENSG00000112246	SIM1	2301	54.67	818	421	18.30	GC1	70	slow	90
ENSG00000112249_ASCC3	ENSG00000112249	ASCC3	6609	41.66	2441	1316	19.91	GC3	90	slow	90
ENSG00000112280_COL9A1	ENSG00000112280	COL9A1	2766	56.83	1403	774	27.98	GC3	80	fast	90
ENSG00000112282_MED23	ENSG00000112282	MED23	4125	44.02	1335	774	18.76	GC3	70	slow	90
ENSG00000112290_WASF1	ENSG00000112290	WASF1	1680	47.44	496	221	13.15	GC3		slow	90
ENSG00000112293_GPLD1	ENSG00000112293	GPLD1	2523	51.60	1391	937	37.14	GC2	80	fast	90
ENSG00000112294_ALDH5A1	ENSG00000112294	ALDH5A1	1518	56.20	738	454	29.91	GC1		fast	90
ENSG00000112297_AIM1	ENSG00000112297	AIM1	5178	48.67	3385	1970	38.05	GC2	80	fast	90
ENSG00000112305_SMAP1	ENSG00000112305	SMAP1	1410	49.06	576	333	23.62	GC3		fast	90
ENSG00000112308_C6orf62	ENSG00000112308	C6orf62	690	43.17	107	44	6.38	GC2		slow	80
ENSG00000112312_GMNN	ENSG00000112312	GMNN	633	41.26	358	206	32.54	GC3		fast	90
ENSG00000112319_EYA4	ENSG00000112319	EYA4	1920	46.64	680	342	17.81	GC3	70	slow	90
ENSG00000112333_NR2E1	ENSG00000112333	NR2E1	1158	52.34	400	198	17.10	GC2		slow	90
ENSG00000112337_SLC17A2	ENSG00000112337	SLC17A2	1437	48.70	655	380	26.44	GC2	70	slow	70
ENSG00000112339_HBS1L	ENSG00000112339	HBS1L	2058	43.34	909	459	22.30	GC3	70	slow	90
ENSG00000112357_PEX7	ENSG00000112357	PEX7	972	50.23	426	255	26.23	GC2		slow	90
ENSG00000112365_ZBTB24	ENSG00000112365	ZBTB24	2097	50.30	1081	615	29.33	GC2	80	slow	90
ENSG00000112367_FIG4	ENSG00000112367	FIG4	2724	44.63	979	548	20.12	GC3	70	slow	90
ENSG00000112379_KIAA1244	ENSG00000112379	KIAA1244	6462	57.24	2902	1739	26.91	GC1	80	fast	90
ENSG00000112394_SLC16A10	ENSG00000112394	SLC16A10	1539	50.67	705	383	24.89	GC2		fast	90
ENSG00000112406_HECA	ENSG00000112406	HECA	1362	59.59	454	290	21.29		70	slow	90
ENSG00000112414_GPR126	ENSG00000112414	GPR126	3750	43.98	2007	1193	31.81	GC2	80	fast	90
ENSG00000112419_PHACTR2	ENSG00000112419	PHACTR2	1905	50.28	959	485	25.46	GC3	70	slow	90
ENSG00000112425_EPM2A	ENSG00000112425	EPM2A	813	53.89	418	222	27.31	GC1		fast	90
ENSG00000112473_SLC39A7	ENSG00000112473	SLC39A7	1410	56.70	607	263	18.65	GC2		slow	70
ENSG00000112499_SLC22A2	ENSG00000112499	SLC22A2	1665	54.58	839	518	31.11	GC1	70	slow	90
ENSG00000112511_PHF1	ENSG00000112511	PHF1	1704	60.67	487	210	12.32	GC1	80	slow	70
ENSG00000112530_PACRG	ENSG00000112530	PACRG	774	51.24	294	138	17.83	GC1		fast	70
ENSG00000112531_QKI	ENSG00000112531	QKI	915	48.69	239	154	16.83	GC3		slow	90
ENSG00000112541_PDE10A	ENSG00000112541	PDE10A	2334	50.40	883	638	27.34	GC1		fast	90
ENSG00000112561_TFEB	ENSG00000112561	TFEB	1458	63.78	535	275	18.86		80	slow	80
ENSG00000112576_CCND3	ENSG00000112576	CCND3	879	62.75	509	230	26.17			fast	90
ENSG00000112584_FAM120B	ENSG00000112584	FAM120B	2376	53.33	1425	926	38.97	GC1	80	slow	70
ENSG00000112599_GUCA1B	ENSG00000112599	GUCA1B	606	57.25	251	123	20.30			slow	70
ENSG00000112619_PRPH2	ENSG00000112619	PRPH2	1041	56.38	383	215	20.65		70	slow	70
ENSG00000112624_GLTSCR1L	ENSG00000112624	GLTSCR1L	3240	50.58	1340	739	22.81	GC2	70	fast	90
ENSG00000112640_PPP2R5D	ENSG00000112640	PPP2R5D	1809	54.51	599	340	18.79	GC1		slow	90
ENSG00000112651_MRPL2	ENSG00000112651	MRPL2	921	58.47	495	286	31.05	GC1		fast	90
ENSG00000112655_PTK7	ENSG00000112655	PTK7	3213	61.90	1305	715	22.25		80	slow	90
ENSG00000112658_SRF	ENSG00000112658	SRF	1527	64.21	438	167	10.94			fast	90
ENSG00000112659_CUL9	ENSG00000112659	CUL9	7557	59.94	3539	1928	25.51	GC1	80	fast	90
ENSG00000112685_EXOC2	ENSG00000112685	EXOC2	2775	46.62	1213	830	29.91	GC2	80	fast	90
ENSG00000112697_TMEM30A	ENSG00000112697	TMEM30A	1086	41.85	380	158	14.55	GC3		slow	80
ENSG00000112699_GMDS	ENSG00000112699	GMDS	1119	49.76	425	250	22.34	GC2		fast	90
ENSG00000112701_SENP6	ENSG00000112701	SENP6	3348	37.31	1448	655	19.56	GC3	80	slow	90
ENSG00000112706_IMPG1	ENSG00000112706	IMPG1	2403	46.29	1746	984	40.95	GC3	70	slow	80
ENSG00000112739_PRPF4B	ENSG00000112739	PRPF4B	3027	41.98	1049	646	21.34	GC3	80	slow	90
ENSG00000112742_TTK	ENSG00000112742	TTK	2571	38.09	1413	713	27.73	GC3	80	fast	90
ENSG00000112761_WISP3	ENSG00000112761	WISP3	1065	47.53	618	331	31.08	GC2	70	fast	90
ENSG00000112769_LAMA4	ENSG00000112769	LAMA4	5472	47.80	2430	1434	26.21	GC2	80	slow	90
ENSG00000112773_FAM46A	ENSG00000112773	FAM46A	1332	52.78	400	180	13.51	GC1		slow	90
ENSG00000112782_CLIC5	ENSG00000112782	CLIC5	1029	53.36	527	314	30.52	GC1		fast	80
ENSG00000112787_FBRSL1	ENSG00000112787	FBRSL1	2244	68.27	1287	586	26.11		70	slow	
ENSG00000112796_ENPP5	ENSG00000112796	ENPP5	1434	42.49	703	413	28.80	GC3	70	fast	80
ENSG00000112812_PRSS16	ENSG00000112812	PRSS16	1539	63.50	978	550	35.74	GC1	70	slow	70
ENSG00000112818_MEP1A	ENSG00000112818	MEP1A	2250	49.74	1273	788	35.02	GC2	80	fast	90
ENSG00000112837_TBX18	ENSG00000112837	TBX18	1839	57.26	699	402	21.86	GC1	70	slow	90
ENSG00000112851_ERBB2IP	ENSG00000112851	ERBB2IP	4242	39.48	1654	792	18.67	GC3	80	slow	90
ENSG00000112855_HARS2	ENSG00000112855	HARS2	1521	49.39	747	435	28.60	GC2	80	slow	90
ENSG00000112874_NUDT12	ENSG00000112874	NUDT12	1389	41.94	571	271	19.51	GC3		slow	90
ENSG00000112877_CEP72	ENSG00000112877	CEP72	1941	57.27	1367	934	48.12	GC1	70	fast	80
ENSG00000112893_MAN2A1	ENSG00000112893	MAN2A1	3435	42.41	1827	1021	29.72	GC3	80	fast	90
ENSG00000112902_SEMA5A	ENSG00000112902	SEMA5A	3222	58.86	1498	821	25.48		80	fast	90
ENSG00000112936_C7	ENSG00000112936	C7	2532	47.27	1504	964	38.07	GC3	80	fast	90
ENSG00000112941_PAPD7	ENSG00000112941	PAPD7	1629	56.16	707	484	29.71	GC1	70	fast	90
ENSG00000112964_GHR	ENSG00000112964	GHR	1917	45.89	1051	591	30.83	GC3	70	fast	90
ENSG00000112983_BRD8	ENSG00000112983	BRD8	3609	49.16	1340	646	17.90	GC3	80	slow	90
ENSG00000112984_KIF20A	ENSG00000112984	KIF20A	2673	50.04	1193	659	24.65	GC2	80	slow	90
ENSG00000112992_NNT	ENSG00000112992	NNT	3261	49.51	1203	697	21.37	GC2	70	slow	90
ENSG00000112996_MRPS30	ENSG00000112996	MRPS30	1302	51.94	785	463	35.56	GC2	70	slow	90
ENSG00000113013_HSPA9	ENSG00000113013	HSPA9	2040	46.76	636	371	18.19	GC3	70	slow	90
ENSG00000113048_MRPS27	ENSG00000113048	MRPS27	1248	49.84	698	446	35.74	GC2	80	fast	90
ENSG00000113070_HBEGF	ENSG00000113070	HBEGF	627	55.04	301	177	28.23	GC1		slow	90
ENSG00000113073_SLC4A9	ENSG00000113073	SLC4A9	2946	59.05	1600	921	31.26	GC1	80	fast	90
ENSG00000113083_LOX	ENSG00000113083	LOX	1254	58.92	616	345	27.51	GC1		fast	90
ENSG00000113100_CDH9	ENSG00000113100	CDH9	2370	42.98	929	516	21.77	GC3	70	slow	90
ENSG00000113108_APBB3	ENSG00000113108	APBB3	1476	59.33	566	266	18.02	GC1	70	slow	80
ENSG00000113119_TMCO6	ENSG00000113119	TMCO6	1482	57.88	708	385	25.98	GC1	80	slow	80
ENSG00000113140_SPARC	ENSG00000113140	SPARC	912	57.36	285	139	15.24			slow	80
ENSG00000113161_HMGCR	ENSG00000113161	HMGCR	2667	45.66	981	597	22.38	GC3	70	slow	90
ENSG00000113163_COL4A3BP	ENSG00000113163	COL4A3BP	1875	42.95	630	334	17.81	GC3	70	slow	90
ENSG00000113194_FAF2	ENSG00000113194	FAF2	1338	49.92	410	227	16.97	GC2	70	slow	90
ENSG00000113196_HAND1	ENSG00000113196	HAND1	648	66.30	249	116	17.90			slow	80
ENSG00000113231_PDE8B	ENSG00000113231	PDE8B	2319	48.80	858	495	21.35	GC2		fast	90
ENSG00000113240_CLK4	ENSG00000113240	CLK4	1446	40.45	442	220	15.21	GC3	70	slow	90
ENSG00000113248_PCDHB15	ENSG00000113248	PCDHB15	2364	57.88	1157	547	23.14	GC1	70	slow	
ENSG00000113263_ITK	ENSG00000113263	ITK	1863	49.66	719	418	22.44	GC2	70	fast	90
ENSG00000113269_RNF130	ENSG00000113269	RNF130	1038	46.21	349	161	15.51	GC2		slow	90
ENSG00000113272_THG1L	ENSG00000113272	THG1L	897	48.03	420	241	26.87	GC2		slow	90
ENSG00000113273_ARSB	ENSG00000113273	ARSB	1596	54.01	768	431	27.01	GC2	70	fast	90
ENSG00000113282_CLINT1	ENSG00000113282	CLINT1	1932	46.62	659	294	15.22	GC3		slow	90
ENSG00000113296_THBS4	ENSG00000113296	THBS4	2886	54.45	1165	740	25.64	GC1	80	slow	90
ENSG00000113300_CNOT6	ENSG00000113300	CNOT6	1674	42.04	463	222	13.26	GC3	70	slow	90
ENSG00000113302_IL12B	ENSG00000113302	IL12B	990	51.33	522	286	28.89	GC1	70	slow	90
ENSG00000113312_TTC1	ENSG00000113312	TTC1	882	43.28	400	214	24.26	GC3	80	fast	80
ENSG00000113318_MSH3	ENSG00000113318	MSH3	3375	42.17	1853	957	28.36	GC3	80	slow	80
ENSG00000113319_RASGRF2	ENSG00000113319	RASGRF2	3690	47.81	1353	646	17.51	GC2	80	slow	90
ENSG00000113327_GABRG2	ENSG00000113327	GABRG2	1428	44.11	504	263	18.42	GC2	70	slow	90
ENSG00000113328_CCNG1	ENSG00000113328	CCNG1	888	41.70	278	127	14.30	GC3		slow	80
ENSG00000113356_POLR3G	ENSG00000113356	POLR3G	672	39.82	385	184	27.38	GC3		slow	90
ENSG00000113361_CDH6	ENSG00000113361	CDH6	2373	49.61	942	496	20.90	GC2		slow	90
ENSG00000113368_LMNB1	ENSG00000113368	LMNB1	1761	50.50	660	362	20.56	GC2	70	fast	90
ENSG00000113369_ARRDC3	ENSG00000113369	ARRDC3	1245	43.91	247	111	8.92	GC3		slow	90
ENSG00000113384_GOLPH3	ENSG00000113384	GOLPH3	897	51.44	247	131	14.60	GC2		fast	90
ENSG00000113389_NPR3	ENSG00000113389	NPR3	1614	56.91	620	325	20.14	GC1		slow	80
ENSG00000113391_FAM172A	ENSG00000113391	FAM172A	1251	41.73	432	171	13.67	GC3		slow	80
ENSG00000113396_SLC27A6	ENSG00000113396	SLC27A6	1860	43.52	1082	634	34.09	GC3	80	fast	90
ENSG00000113407_TARS	ENSG00000113407	TARS	2172	44.98	812	499	22.97	GC3		slow	90
ENSG00000113441_LNPEP	ENSG00000113441	LNPEP	3078	42.97	1324	757	24.59	GC3	80	slow	90
ENSG00000113448_PDE4D	ENSG00000113448	PDE4D	2016	47.45	686	431	21.38	GC2		fast	90
ENSG00000113456_RAD1	ENSG00000113456	RAD1	849	41.51	374	189	22.26	GC3		fast	90
ENSG00000113460_BRIX1	ENSG00000113460	BRIX1	1062	40.37	409	203	19.11	GC3		slow	90
ENSG00000113492_AGXT2	ENSG00000113492	AGXT2	1545	49.75	807	499	32.30	GC2	70	fast	90
ENSG00000113494_PRLR	ENSG00000113494	PRLR	1875	49.61	1229	786	41.92	GC2	80	fast	90
ENSG00000113504_SLC12A7	ENSG00000113504	SLC12A7	3129	61.02	1445	731	23.36		70	fast	70
ENSG00000113522_RAD50	ENSG00000113522	RAD50	3939	38.49	1553	776	19.70	GC3	80	slow	90
ENSG00000113532_ST8SIA4	ENSG00000113532	ST8SIA4	1080	41.92	321	168	15.56	GC3		slow	90
ENSG00000113552_GNPDA1	ENSG00000113552	GNPDA1	870	52.76	300	165	18.97	GC1		slow	80
ENSG00000113555_PCDH12	ENSG00000113555	PCDH12	3555	57.94	1752	1004	28.24	GC1	90	fast	80
ENSG00000113569_NUP155	ENSG00000113569	NUP155	4176	43.24	1542	870	20.83	GC3		slow	90
ENSG00000113580_NR3C1	ENSG00000113580	NR3C1	2334	44.91	870	435	18.64	GC3	70	slow	80
ENSG00000113583_C5orf15	ENSG00000113583	C5orf15	798	48.08	464	280	35.09	GC3	70	fast	90
ENSG00000113593_PPWD1	ENSG00000113593	PPWD1	1941	41.35	592	303	15.61	GC3		slow	90
ENSG00000113594_LIFR	ENSG00000113594	LIFR	3294	42.55	1907	1209	36.70	GC3	70	fast	90
ENSG00000113595_TRIM23	ENSG00000113595	TRIM23	1725	43.29	625	270	15.65	GC3		slow	90
ENSG00000113597_TRAPPC13	ENSG00000113597	TRAPPC13	1254	40.29	359	204	16.27	GC3		slow	90
ENSG00000113600_C9	ENSG00000113600	C9	1647	43.40	1142	791	48.03	GC3	70	fast	90
ENSG00000113615_SEC24A	ENSG00000113615	SEC24A	3279	44.48	1385	643	19.61	GC3	80	fast	90
ENSG00000113621_TXNDC15	ENSG00000113621	TXNDC15	1056	52.52	551	345	32.67	GC2	70	slow	90
ENSG00000113638_TTC33	ENSG00000113638	TTC33	789	45.33	305	150	19.01	GC3		fast	80
ENSG00000113643_RARS	ENSG00000113643	RARS	1983	43.42	871	541	27.28	GC3	70	fast	90
ENSG00000113648_H2AFY	ENSG00000113648	H2AFY	1119	54.49	295	167	14.92	GC1		slow	90
ENSG00000113649_TCERG1	ENSG00000113649	TCERG1	3279	47.57	844	460	14.03	GC3	70	slow	90
ENSG00000113657_DPYSL3	ENSG00000113657	DPYSL3	2055	57.71	762	392	19.08	GC1		fast	90
ENSG00000113658_SMAD5	ENSG00000113658	SMAD5	1398	45.40	393	204	14.59	GC3		slow	90
ENSG00000113716_HMGXB3	ENSG00000113716	HMGXB3	4200	56.18	1716	883	21.02	GC1	80	fast	90
ENSG00000113719_ERGIC1	ENSG00000113719	ERGIC1	873	56.09	248	150	17.18			fast	90
ENSG00000113721_PDGFRB	ENSG00000113721	PDGFRB	3321	58.82	1737	821	24.72		80	slow	70
ENSG00000113734_BNIP1	ENSG00000113734	BNIP1	687	48.77	252	131	19.07	GC1		fast	80
ENSG00000113739_STC2	ENSG00000113739	STC2	909	60.16	402	212	23.32			fast	80
ENSG00000113742_CPEB4	ENSG00000113742	CPEB4	2190	49.62	561	287	13.11	GC3	70	slow	90
ENSG00000113758_DBN1	ENSG00000113758	DBN1	2094	61.36	1037	536	25.60	GC1		slow	80
ENSG00000113761_ZNF346	ENSG00000113761	ZNF346	885	53.45	334	137	15.48	GC1		slow	90
ENSG00000113763_UNC5A	ENSG00000113763	UNC5A	2637	62.86	991	448	16.99			slow	80
ENSG00000113790_EHHADH	ENSG00000113790	EHHADH	2172	48.30	1236	767	35.31	GC3	70	fast	90
ENSG00000113810_SMC4	ENSG00000113810	SMC4	3864	37.56	1676	892	23.08	GC3	70	slow	90
ENSG00000113812_ACTR8	ENSG00000113812	ACTR8	1875	47.54	661	389	20.75	GC2	70	slow	90
ENSG00000113838_TBCCD1	ENSG00000113838	TBCCD1	1674	47.96	758	408	24.37	GC2	70	slow	90
ENSG00000113845_TIMMDC1	ENSG00000113845	TIMMDC1	858	49.16	510	299	34.85	GC3	70	fast	90
ENSG00000113851_CRBN	ENSG00000113851	CRBN	1329	45.14	510	334	25.13	GC3	70	fast	90
ENSG00000113905_HRG	ENSG00000113905	HRG	1587	49.14	1217	749	47.20	GC3	70	fast	80
ENSG00000113924_HGD	ENSG00000113924	HGD	1338	49.76	519	281	21.00	GC2	70	slow	90
ENSG00000113946_CLDN16	ENSG00000113946	CLDN16	909	48.46	504	301	33.11	GC2	70	slow	80
ENSG00000114013_CD86	ENSG00000114013	CD86	990	42.86	807	560	56.57	GC3	70	fast	90
ENSG00000114019_AMOTL2	ENSG00000114019	AMOTL2	2340	65.24	1085	636	27.18		70	fast	90
ENSG00000114021_NIT2	ENSG00000114021	NIT2	831	48.53	412	202	24.31	GC3		fast	90
ENSG00000114026_OGG1	ENSG00000114026	OGG1	1023	60.51	532	338	33.04	GC1		fast	90
ENSG00000114030_KPNA1	ENSG00000114030	KPNA1	1617	44.49	459	212	13.11	GC3		slow	90
ENSG00000114054_PCCB	ENSG00000114054	PCCB	1620	52.74	696	402	24.81	GC2	80	fast	90
ENSG00000114098_ARMC8	ENSG00000114098	ARMC8	2022	43.14	524	256	12.66	GC3	80	slow	90
ENSG00000114107_CEP70	ENSG00000114107	CEP70	1794	37.86	918	438	24.41	GC3	70	fast	90
ENSG00000114120_SLC25A36	ENSG00000114120	SLC25A36	936	43.99	331	160	17.09	GC3		slow	90
ENSG00000114126_TFDP2	ENSG00000114126	TFDP2	1338	44.88	454	239	17.86	GC3		slow	90
ENSG00000114127_XRN1	ENSG00000114127	XRN1	5121	41.06	2150	1026	20.04	GC3	70	fast	90
ENSG00000114166_KAT2B	ENSG00000114166	KAT2B	2196	45.63	902	476	21.68	GC2		slow	90
ENSG00000114200_BCHE	ENSG00000114200	BCHE	1809	41.06	842	472	26.09	GC3	80	slow	80
ENSG00000114204_SERPINI2	ENSG00000114204	SERPINI2	1218	38.52	726	378	31.03	GC3		slow	90
ENSG00000114209_PDCD10	ENSG00000114209	PDCD10	639	39.09	160	49	7.67	GC3		slow	90
ENSG00000114248_LRRC31	ENSG00000114248	LRRC31	1659	47.89	1072	641	38.64	GC2	80	fast	70
ENSG00000114251_WNT5A	ENSG00000114251	WNT5A	1143	58.45	506	258	22.57			slow	90
ENSG00000114268_PFKFB4	ENSG00000114268	PFKFB4	1410	55.83	434	229	16.24	GC1		fast	80
ENSG00000114270_COL7A1	ENSG00000114270	COL7A1	8814	64.97	4097	2229	25.29	GC2	80	fast	70
ENSG00000114279_FGF12	ENSG00000114279	FGF12	732	49.92	193	76	10.38	GC2		fast	90
ENSG00000114316_USP4	ENSG00000114316	USP4	2895	51.45	1141	676	23.35	GC2	70	slow	90
ENSG00000114331_ACAP2	ENSG00000114331	ACAP2	2337	42.30	804	419	17.93	GC3		slow	90
ENSG00000114346_ECT2	ENSG00000114346	ECT2	2745	39.32	1111	568	20.69	GC3	70	slow	90
ENSG00000114349_GNAT1	ENSG00000114349	GNAT1	1053	56.40	277	152	14.43			slow	70
ENSG00000114353_GNAI2	ENSG00000114353	GNAI2	1068	56.87	277	143	13.39			slow	80
ENSG00000114354_TFG	ENSG00000114354	TFG	1206	48.87	403	192	15.92	GC3		fast	80
ENSG00000114378_HYAL1	ENSG00000114378	HYAL1	1308	60.62	697	369	28.21	GC1	70	slow	
ENSG00000114388_NPRL2	ENSG00000114388	NPRL2	1143	54.75	343	198	17.32			slow	90
ENSG00000114416_FXR1	ENSG00000114416	FXR1	1866	42.34	395	157	8.41	GC3		slow	90
ENSG00000114423_CBLB	ENSG00000114423	CBLB	2952	47.46	1162	605	20.49	GC3	80	slow	90
ENSG00000114439_BBX	ENSG00000114439	BBX	2826	45.63	1111	568	20.10	GC3	80	slow	90
ENSG00000114446_IFT57	ENSG00000114446	IFT57	1290	45.75	478	275	21.32	GC3		slow	90
ENSG00000114450_GNB4	ENSG00000114450	GNB4	1023	47.23	369	230	22.48	GC3		fast	90
ENSG00000114473_IQCG	ENSG00000114473	IQCG	1323	42.60	856	547	41.35	GC2	80	slow	90
ENSG00000114480_GBE1	ENSG00000114480	GBE1	2091	42.44	874	496	23.72	GC3	80	fast	90
ENSG00000114487_MORC1	ENSG00000114487	MORC1	2961	40.89	2131	1252	42.28	GC3	80	fast	90
ENSG00000114491_UMPS	ENSG00000114491	UMPS	1443	47.52	848	456	31.60	GC3	70	fast	90
ENSG00000114520_SNX4	ENSG00000114520	SNX4	1353	43.11	461	228	16.85	GC3		slow	90
ENSG00000114529_C3orf52	ENSG00000114529	C3orf52	651	47.83	491	318	48.85	GC2	70	fast	90
ENSG00000114541_FRMD4B	ENSG00000114541	FRMD4B	2970	49.31	1276	773	26.03	GC2	80	slow	90
ENSG00000114544_SLC41A3	ENSG00000114544	SLC41A3	1401	56.78	890	584	41.68	GC1		fast	70
ENSG00000114554_PLXNA1	ENSG00000114554	PLXNA1	5685	62.70	2084	1056	18.58		70	fast	70
ENSG00000114573_ATP6V1A	ENSG00000114573	ATP6V1A	1854	46.13	582	338	18.23	GC3	70	slow	90
ENSG00000114631_PODXL2	ENSG00000114631	PODXL2	1749	61.71	1156	628	35.91	GC1	80	fast	90
ENSG00000114638_UPK1B	ENSG00000114638	UPK1B	783	49.14	289	169	21.58	GC2		slow	80
ENSG00000114646_CSPG5	ENSG00000114646	CSPG5	1605	60.33	696	312	19.44	GC1	70	fast	70
ENSG00000114648_KLHL18	ENSG00000114648	KLHL18	1725	59.48	589	323	18.72			slow	90
ENSG00000114650_SCAP	ENSG00000114650	SCAP	3837	62.66	1677	951	24.78		90	slow	90
ENSG00000114670_NEK11	ENSG00000114670	NEK11	1932	46.61	1122	601	31.11	GC2	70	fast	80
ENSG00000114686_MRPL3	ENSG00000114686	MRPL3	1047	45.53	478	299	28.56	GC3		fast	90
ENSG00000114698_PLSCR4	ENSG00000114698	PLSCR4	993	48.50	576	356	35.85	GC2	80	fast	90
ENSG00000114735_HEMK1	ENSG00000114735	HEMK1	1020	59.30	578	340	33.33	GC1		fast	90
ENSG00000114737_CISH	ENSG00000114737	CISH	774	63.25	341	223	28.81			slow	90
ENSG00000114738_MAPKAPK3	ENSG00000114738	MAPKAPK3	1155	58.20	462	270	23.38		70	fast	90
ENSG00000114739_ACVR2B	ENSG00000114739	ACVR2B	1539	61.62	542	260	16.89			slow	90
ENSG00000114742_WDR48	ENSG00000114742	WDR48	2034	44.28	613	391	19.22	GC3		slow	90
ENSG00000114744_COMMD2	ENSG00000114744	COMMD2	600	49.59	327	160	26.67	GC2		slow	90
ENSG00000114745_GORASP1	ENSG00000114745	GORASP1	1323	63.28	849	397	30.01	GC1		slow	70
ENSG00000114757_PEX5L	ENSG00000114757	PEX5L	1881	50.08	682	398	21.16	GC2	70	slow	90
ENSG00000114767_RRP9	ENSG00000114767	RRP9	1428	63.10	560	310	21.71		80	slow	80
ENSG00000114770_ABCC5	ENSG00000114770	ABCC5	4314	51.99	1648	932	21.60	GC1	80	fast	90
ENSG00000114779_ABHD14B	ENSG00000114779	ABHD14B	633	62.38	293	144	22.75			slow	70
ENSG00000114796_KLHL24	ENSG00000114796	KLHL24	1803	43.81	530	332	18.41	GC3		slow	90
ENSG00000114853_ZBTB47	ENSG00000114853	ZBTB47	1983	63.47	759	377	19.01			slow	
ENSG00000114857_NKTR	ENSG00000114857	NKTR	4401	44.73	2324	1357	30.83	GC3	80	slow	90
ENSG00000114859_CLCN2	ENSG00000114859	CLCN2	2700	59.84	1146	591	21.89	GC1		fast	90
ENSG00000114861_FOXP1	ENSG00000114861	FOXP1	2031	51.48	583	306	15.07	GC2		slow	90
ENSG00000114867_EIF4G1	ENSG00000114867	EIF4G1	4827	56.47	2279	1153	23.89	GC2	90	fast	90
ENSG00000114904_NEK4	ENSG00000114904	NEK4	2370	47.68	1397	756	31.90	GC2	80	fast	90
ENSG00000114923_SLC4A3	ENSG00000114923	SLC4A3	3714	63.38	1390	749	20.17		70	fast	80
ENSG00000114933_INO80D	ENSG00000114933	INO80D	3084	54.60	895	474	15.37	GC2		fast	90
ENSG00000114942_EEF1B2	ENSG00000114942	EEF1B2	678	48.06	217	120	17.70	GC2		fast	70
ENSG00000114948_ADAM23	ENSG00000114948	ADAM23	2496	49.66	1008	564	22.60	GC2		fast	90
ENSG00000114956_DGUOK	ENSG00000114956	DGUOK	834	50.73	456	258	30.94	GC2		fast	90
ENSG00000114978_MOB1A	ENSG00000114978	MOB1A	651	41.66	221	103	15.82	GC3		slow	90
ENSG00000114982_KANSL3	ENSG00000114982	KANSL3	2637	58.36	1211	634	24.04	GC1	70	fast	90
ENSG00000114988_LMAN2L	ENSG00000114988	LMAN2L	1080	55.28	389	215	19.91	GC1		fast	90
ENSG00000114993_RTKN	ENSG00000114993	RTKN	1695	61.77	822	380	22.42	GC1	70	fast	90
ENSG00000114999_TTL	ENSG00000114999	TTL	1134	51.52	488	274	24.16	GC1		fast	90
ENSG00000115008_IL1A	ENSG00000115008	IL1A	810	44.78	613	403	49.75	GC2	70	fast	90
ENSG00000115020_PIKFYVE	ENSG00000115020	PIKFYVE	6297	46.62	2374	1421	22.57	GC3	80	slow	90
ENSG00000115053_NCL	ENSG00000115053	NCL	2124	46.63	951	384	18.08	GC3		fast	
ENSG00000115073_ACTR1B	ENSG00000115073	ACTR1B	1131	57.55	402	203	17.95			slow	80
ENSG00000115084_SLC35F5	ENSG00000115084	SLC35F5	1575	40.32	564	265	16.83	GC3		slow	90
ENSG00000115085_ZAP70	ENSG00000115085	ZAP70	1860	61.52	693	386	20.75			fast	80
ENSG00000115091_ACTR3	ENSG00000115091	ACTR3	1257	42.11	340	142	11.30	GC3		slow	90
ENSG00000115107_STEAP3	ENSG00000115107	STEAP3	1476	62.66	763	386	26.15			fast	90
ENSG00000115109_EPB41L5	ENSG00000115109	EPB41L5	2199	45.11	1104	641	29.15	GC3	80	fast	90
ENSG00000115112_TFCP2L1	ENSG00000115112	TFCP2L1	1440	56.93	672	338	23.47			fast	90
ENSG00000115137_DNAJC27	ENSG00000115137	DNAJC27	822	46.13	252	142	17.27	GC2		slow	80
ENSG00000115145_STAM2	ENSG00000115145	STAM2	1578	42.44	675	337	21.36	GC3	70	slow	90
ENSG00000115155_OTOF	ENSG00000115155	OTOF	5997	59.75	2482	1138	18.98			fast	90
ENSG00000115159_GPD2	ENSG00000115159	GPD2	2184	47.04	861	478	21.89	GC3	70	slow	90
ENSG00000115165_CYTIP	ENSG00000115165	CYTIP	1080	49.40	584	347	32.13	GC2	80	slow	90
ENSG00000115170_ACVR1	ENSG00000115170	ACVR1	1530	48.23	516	286	18.69	GC2	70	slow	90
ENSG00000115183_TANC1	ENSG00000115183	TANC1	5586	54.81	2465	1458	26.10	GC1	80	fast	90
ENSG00000115194_SLC30A3	ENSG00000115194	SLC30A3	1167	63.54	487	234	20.05			slow	80
ENSG00000115211_EIF2B4	ENSG00000115211	EIF2B4	1575	55.23	698	398	25.27	GC2	80	slow	80
ENSG00000115216_NRBP1	ENSG00000115216	NRBP1	1608	51.27	454	216	13.43	GC2		fast	90
ENSG00000115221_ITGB6	ENSG00000115221	ITGB6	2367	47.50	941	565	23.87	GC2	80	slow	90
ENSG00000115232_ITGA4	ENSG00000115232	ITGA4	3099	42.95	1625	1008	32.53	GC3	80	slow	90
ENSG00000115233_PSMD14	ENSG00000115233	PSMD14	933	42.52	203	84	9.00	GC3		slow	90
ENSG00000115234_SNX17	ENSG00000115234	SNX17	1413	55.78	445	212	15.00	GC1		slow	90
ENSG00000115241_PPM1G	ENSG00000115241	PPM1G	1638	53.26	471	226	13.80	GC2	80	slow	90
ENSG00000115252_PDE1A	ENSG00000115252	PDE1A	1617	42.05	755	474	29.31	GC3		slow	90
ENSG00000115267_IFIH1	ENSG00000115267	IFIH1	3078	42.27	1587	966	31.38	GC3	80	fast	90
ENSG00000115271_GCA	ENSG00000115271	GCA	657	43.87	320	166	25.27	GC3		slow	90
ENSG00000115275_MOGS	ENSG00000115275	MOGS	2517	61.90	1158	676	26.86	GC1	80	fast	80
ENSG00000115289_PCGF1	ENSG00000115289	PCGF1	780	52.25	209	108	13.85	GC1		slow	80
ENSG00000115290_GRB14	ENSG00000115290	GRB14	1617	44.49	527	206	12.74	GC3		fast	90
ENSG00000115295_CLIP4	ENSG00000115295	CLIP4	2115	46.63	1050	633	29.93	GC3	70	slow	90
ENSG00000115306_SPTBN1	ENSG00000115306	SPTBN1	7095	55.27	2193	1387	19.55			slow	90
ENSG00000115307_AUP1	ENSG00000115307	AUP1	1233	58.97	489	221	17.92	GC1		slow	90
ENSG00000115310_RTN4	ENSG00000115310	RTN4	3585	45.74	2247	1262	35.20	GC3	90	fast	90
ENSG00000115317_HTRA2	ENSG00000115317	HTRA2	1377	60.56	595	311	22.59	GC1	70	slow	80
ENSG00000115318_LOXL3	ENSG00000115318	LOXL3	2262	60.36	871	479	21.18	GC1	70	slow	80
ENSG00000115325_DOK1	ENSG00000115325	DOK1	1452	61.98	773	408	28.10	GC1	70	fast	80
ENSG00000115339_GALNT3	ENSG00000115339	GALNT3	1902	39.44	561	265	13.93	GC3	70	slow	90
ENSG00000115353_TACR1	ENSG00000115353	TACR1	1224	55.56	466	268	21.90			fast	90
ENSG00000115355_CCDC88A	ENSG00000115355	CCDC88A	5619	38.42	1965	997	17.74	GC3	80	slow	90
ENSG00000115361_ACADL	ENSG00000115361	ACADL	1293	45.73	629	350	27.07	GC3		fast	90
ENSG00000115364_MRPL19	ENSG00000115364	MRPL19	879	48.00	478	309	35.15	GC3		fast	90
ENSG00000115365_LANCL1	ENSG00000115365	LANCL1	1200	50.04	538	335	27.92	GC2	80	slow	90
ENSG00000115368_WDR75	ENSG00000115368	WDR75	2493	40.86	1079	581	23.31	GC3	80	slow	90
ENSG00000115380_EFEMP1	ENSG00000115380	EFEMP1	1482	48.06	592	336	22.67	GC3	70	slow	90
ENSG00000115392_FANCL	ENSG00000115392	FANCL	1128	42.14	550	275	24.38	GC3		fast	90
ENSG00000115414_FN1	ENSG00000115414	FN1	7434	52.66	3294	1835	24.68	GC2	80	slow	90
ENSG00000115415_STAT1	ENSG00000115415	STAT1	2253	47.42	868	532	23.61	GC2		fast	90
ENSG00000115419_GLS	ENSG00000115419	GLS	1830	42.75	629	376	20.55	GC3		fast	90
ENSG00000115421_PAPOLG	ENSG00000115421	PAPOLG	2226	40.59	901	474	21.29	GC3	80	slow	90
ENSG00000115425_PECR	ENSG00000115425	PECR	912	47.96	620	384	42.11	GC2		fast	90
ENSG00000115459_ELMOD3	ENSG00000115459	ELMOD3	1149	55.39	662	420	36.55	GC1		fast	90
ENSG00000115461_IGFBP5	ENSG00000115461	IGFBP5	816	64.06	251	112	13.73			fast	70
ENSG00000115464_USP34	ENSG00000115464	USP34	10602	41.37	3406	1663	15.69	GC3	90	slow	90
ENSG00000115474_KCNJ13	ENSG00000115474	KCNJ13	1083	47.45	376	199	18.37	GC2		slow	90
ENSG00000115484_CCT4	ENSG00000115484	CCT4	1620	44.13	507	285	17.59	GC3	70	slow	90
ENSG00000115486_GGCX	ENSG00000115486	GGCX	2277	54.77	972	563	24.73	GC1	80	slow	90
ENSG00000115504_EHBP1	ENSG00000115504	EHBP1	3699	42.16	1276	561	15.17	GC3	80	fast	90
ENSG00000115507_OTX1	ENSG00000115507	OTX1	1068	65.24	397	206	19.29			slow	80
ENSG00000115514_TXNDC9	ENSG00000115514	TXNDC9	681	39.73	259	139	20.41	GC3		slow	90
ENSG00000115524_SF3B1	ENSG00000115524	SF3B1	3915	43.29	1020	517	13.21	GC3	70	slow	90
ENSG00000115525_ST3GAL5	ENSG00000115525	ST3GAL5	1176	48.32	618	371	31.55	GC2	70	fast	90
ENSG00000115526_CHST10	ENSG00000115526	CHST10	1071	51.90	479	311	29.04	GC1		fast	90
ENSG00000115539_PDCL3	ENSG00000115539	PDCL3	723	45.98	285	164	22.68	GC2		slow	80
ENSG00000115548_KDM3A	ENSG00000115548	KDM3A	3972	45.00	1606	849	21.37	GC3	70	fast	90
ENSG00000115556_PLCD4	ENSG00000115556	PLCD4	2298	54.50	1418	772	33.59	GC1	80	fast	90
ENSG00000115568_ZNF142	ENSG00000115568	ZNF142	5244	61.50	2495	1436	27.38	GC1	80	slow	80
ENSG00000115590_IL1R2	ENSG00000115590	IL1R2	1194	50.25	870	573	47.99	GC2	70	fast	80
ENSG00000115592_PRKAG3	ENSG00000115592	PRKAG3	1473	59.77	754	445	30.21		70	fast	80
ENSG00000115593_SMYD1	ENSG00000115593	SMYD1	1473	54.93	627	316	21.45			fast	90
ENSG00000115594_IL1R1	ENSG00000115594	IL1R1	1722	41.73	1223	849	49.30	GC3	80	fast	90
ENSG00000115602_IL1RL1	ENSG00000115602	IL1RL1	1659	43.78	1189	844	50.87	GC3	80	fast	90
ENSG00000115604_IL18R1	ENSG00000115604	IL18R1	1623	39.54	1116	728	44.86	GC3	80	fast	90
ENSG00000115607_IL18RAP	ENSG00000115607	IL18RAP	1794	45.68	1322	887	49.44	GC2	80	fast	90
ENSG00000115616_SLC9A2	ENSG00000115616	SLC9A2	2439	51.18	1252	699	28.66	GC1	70	fast	90
ENSG00000115641_FHL2	ENSG00000115641	FHL2	861	57.03	325	218	25.32		70	slow	80
ENSG00000115649_CNPPD1	ENSG00000115649	CNPPD1	1236	60.40	646	324	26.21	GC1	70	slow	90
ENSG00000115652_UXS1	ENSG00000115652	UXS1	1263	51.01	474	330	26.13	GC1	70	fast	90
ENSG00000115657_ABCB6	ENSG00000115657	ABCB6	2532	58.14	1154	693	27.37	GC1	80	slow	80
ENSG00000115661_STK16	ENSG00000115661	STK16	918	56.14	376	207	22.55	GC1		fast	90
ENSG00000115665_SLC5A7	ENSG00000115665	SLC5A7	1743	48.16	751	533	30.58	GC2	70	slow	90
ENSG00000115677_HDLBP	ENSG00000115677	HDLBP	3807	56.11	1660	910	23.90	GC1	70	fast	90
ENSG00000115694_STK25	ENSG00000115694	STK25	1281	61.73	494	243	18.97			slow	90
ENSG00000115705_TPO	ENSG00000115705	TPO	2745	59.35	1671	1156	42.11	GC1	80	fast	70
ENSG00000115750_TAF1B	ENSG00000115750	TAF1B	1770	40.40	1033	569	32.15	GC3	70	slow	80
ENSG00000115758_ODC1	ENSG00000115758	ODC1	1386	48.25	597	305	22.01	GC2		fast	70
ENSG00000115760_BIRC6	ENSG00000115760	BIRC6	14490	43.98	4803	2432	16.78	GC3	90	slow	90
ENSG00000115761_NOL10	ENSG00000115761	NOL10	2067	43.30	894	507	24.53	GC3	70	slow	90
ENSG00000115806_GORASP2	ENSG00000115806	GORASP2	1362	49.82	641	307	22.54	GC3		slow	90
ENSG00000115808_STRN	ENSG00000115808	STRN	2343	46.44	768	376	16.05	GC3		fast	90
ENSG00000115816_CEBPZ	ENSG00000115816	CEBPZ	3180	40.41	1503	856	26.92	GC3	80	slow	90
ENSG00000115827_DCAF17	ENSG00000115827	DCAF17	1563	43.75	612	301	19.26	GC3	70	slow	90
ENSG00000115828_QPCT	ENSG00000115828	QPCT	1086	47.74	512	296	27.26	GC2	70	slow	80
ENSG00000115839_RAB3GAP1	ENSG00000115839	RAB3GAP1	2949	44.29	1141	603	20.45	GC3	80	slow	90
ENSG00000115840_SLC25A12	ENSG00000115840	SLC25A12	2037	48.03	720	354	17.38	GC3		slow	90
ENSG00000115844_DLX2	ENSG00000115844	DLX2	984	66.14	381	168	17.07			fast	90
ENSG00000115850_LCT	ENSG00000115850	LCT	5787	52.76	3203	2017	34.85	GC1	80	fast	90
ENSG00000115866_DARS	ENSG00000115866	DARS	1506	42.47	455	233	15.47	GC3	70	slow	90
ENSG00000115875_SRSF7	ENSG00000115875	SRSF7	717	49.84	237	123	17.15	GC3		slow	90
ENSG00000115884_SDC1	ENSG00000115884	SDC1	933	64.12	641	411	44.05	GC1	70	fast	80
ENSG00000115896_PLCL1	ENSG00000115896	PLCL1	3051	44.08	1158	731	23.96	GC3	70	slow	90
ENSG00000115902_SLC1A4	ENSG00000115902	SLC1A4	1599	57.95	736	451	28.21	GC1	70	fast	90
ENSG00000115904_SOS1	ENSG00000115904	SOS1	3936	41.56	1094	554	14.08	GC3	70	slow	90
ENSG00000115919_KYNU	ENSG00000115919	KYNU	1398	41.72	674	404	28.90	GC3	70	slow	90
ENSG00000115935_WIPF1	ENSG00000115935	WIPF1	1509	61.37	686	385	25.51	GC2	70	fast	80
ENSG00000115942_ORC2	ENSG00000115942	ORC2	1734	38.76	817	397	22.90	GC3	70	fast	90
ENSG00000115946_PNO1	ENSG00000115946	PNO1	759	50.91	336	188	24.77	GC2		slow	90
ENSG00000115947_ORC4	ENSG00000115947	ORC4	1311	36.66	519	269	20.52	GC3		slow	90
ENSG00000115956_PLEK	ENSG00000115956	PLEK	1053	48.88	416	230	21.84	GC2		fast	90
ENSG00000115963_RND3	ENSG00000115963	RND3	735	47.29	209	120	16.33	GC2		fast	90
ENSG00000115966_ATF2	ENSG00000115966	ATF2	1518	46.26	429	187	12.32	GC3		slow	90
ENSG00000115970_THADA	ENSG00000115970	THADA	5862	45.96	2974	1600	27.29	GC3	90	fast	80
ENSG00000115977_AAK1	ENSG00000115977	AAK1	2877	52.84	1353	644	22.38	GC2	70	slow	90
ENSG00000115993_TRAK2	ENSG00000115993	TRAK2	2748	47.74	1316	693	25.22	GC3	80	slow	80
ENSG00000115998_C2orf42	ENSG00000115998	C2orf42	1725	49.96	663	381	22.09	GC2	80	slow	90
ENSG00000116005_PCYOX1	ENSG00000116005	PCYOX1	1518	46.23	850	518	34.12	GC2	70	slow	90
ENSG00000116016_EPAS1	ENSG00000116016	EPAS1	2610	57.89	1177	629	24.10		70	fast	90
ENSG00000116017_ARID3A	ENSG00000116017	ARID3A	1785	66.13	879	475	26.61			fast	80
ENSG00000116031_CD207	ENSG00000116031	CD207	987	50.48	721	460	46.61	GC2	70	fast	80
ENSG00000116039_ATP6V1B1	ENSG00000116039	ATP6V1B1	1542	58.22	746	333	21.60			fast	80
ENSG00000116044_NFE2L2	ENSG00000116044	NFE2L2	1824	44.37	955	530	29.06	GC3	80	slow	90
ENSG00000116062_MSH6	ENSG00000116062	MSH6	4086	45.44	2075	1057	25.87	GC3	80	fast	90
ENSG00000116095_PLEKHA3	ENSG00000116095	PLEKHA3	903	44.11	374	186	20.60	GC3		slow	90
ENSG00000116106_EPHA4	ENSG00000116106	EPHA4	2961	50.80	956	561	18.95	GC2	70	slow	90
ENSG00000116117_PARD3B	ENSG00000116117	PARD3B	3609	51.02	1668	854	23.66	GC2	90	fast	70
ENSG00000116120_FARSB	ENSG00000116120	FARSB	1770	43.12	703	416	23.50	GC3		slow	90
ENSG00000116127_ALMS1	ENSG00000116127	ALMS1	11574	44.08	8740	5073	43.83	GC3	90	fast	90
ENSG00000116133_DHCR24	ENSG00000116133	DHCR24	1551	58.92	523	278	17.92			fast	90
ENSG00000116138_DNAJC16	ENSG00000116138	DNAJC16	2349	49.51	1075	601	25.59	GC1		slow	90
ENSG00000116141_MARK1	ENSG00000116141	MARK1	2382	48.87	986	578	24.27	GC2		fast	90
ENSG00000116147_TNR	ENSG00000116147	TNR	4077	57.55	1591	928	22.76	GC1	80	fast	90
ENSG00000116151_MORN1	ENSG00000116151	MORN1	1443	62.41	1000	678	46.99	GC1	80	fast	80
ENSG00000116161_CACYBP	ENSG00000116161	CACYBP	693	40.25	244	130	18.76	GC3		slow	80
ENSG00000116171_SCP2	ENSG00000116171	SCP2	1644	45.30	755	406	24.70	GC3		fast	90
ENSG00000116183_PAPPA2	ENSG00000116183	PAPPA2	5370	55.99	2807	1628	30.32	GC1	80	slow	80
ENSG00000116191_RALGPS2	ENSG00000116191	RALGPS2	1752	41.14	541	269	15.35	GC3		slow	80
ENSG00000116194_ANGPTL1	ENSG00000116194	ANGPTL1	1476	44.72	596	357	24.19	GC2		slow	90
ENSG00000116198_CEP104	ENSG00000116198	CEP104	2778	53.37	1511	1088	39.16	GC1	80	fast	80
ENSG00000116199_FAM20B	ENSG00000116199	FAM20B	1230	52.03	394	235	19.11	GC2		slow	90
ENSG00000116205_TCEANC2	ENSG00000116205	TCEANC2	627	44.21	252	144	22.97	GC3		slow	90
ENSG00000116209_TMEM59	ENSG00000116209	TMEM59	972	46.82	374	192	19.75	GC3		slow	90
ENSG00000116212_LRRC42	ENSG00000116212	LRRC42	1287	48.31	544	309	24.01	GC2		slow	90
ENSG00000116213_WRAP73	ENSG00000116213	WRAP73	1383	59.28	712	452	32.68		80	fast	90
ENSG00000116218_NPHS2	ENSG00000116218	NPHS2	1152	54.27	613	374	32.47	GC2	70	fast	90
ENSG00000116221_MRPL37	ENSG00000116221	MRPL37	1272	55.51	709	349	27.44	GC1	70	fast	70
ENSG00000116254_CHD5	ENSG00000116254	CHD5	5787	59.05	1971	1006	17.38		70	slow	80
ENSG00000116260_QSOX1	ENSG00000116260	QSOX1	2244	61.08	1374	776	34.58		80	fast	80
ENSG00000116266_STXBP3	ENSG00000116266	STXBP3	1779	39.02	723	346	19.45	GC3	70	slow	90
ENSG00000116285_ERRFI1	ENSG00000116285	ERRFI1	1383	54.92	778	543	39.26	GC2	80	fast	70
ENSG00000116299_KIAA1324	ENSG00000116299	KIAA1324	3042	54.73	1277	705	23.18	GC1	80	fast	90
ENSG00000116337_AMPD2	ENSG00000116337	AMPD2	2637	60.96	869	455	17.25		80	slow	80
ENSG00000116350_SRSF4	ENSG00000116350	SRSF4	1482	55.44	659	385	25.98	GC1		fast	90
ENSG00000116353_MECR	ENSG00000116353	MECR	1122	58.60	622	335	29.86	GC1		slow	90
ENSG00000116396_KCNC4	ENSG00000116396	KCNC4	1890	64.52	689	346	18.31			slow	80
ENSG00000116406_EDEM3	ENSG00000116406	EDEM3	2802	44.02	917	444	15.85	GC3		slow	90
ENSG00000116459_ATP5F1	ENSG00000116459	ATP5F1	771	47.09	335	178	23.09	GC2		fast	90
ENSG00000116497_S100PBP	ENSG00000116497	S100PBP	1242	44.32	828	452	36.39	GC3	80	slow	90
ENSG00000116514_RNF19B	ENSG00000116514	RNF19B	1647	52.02	591	261	15.85	GC2		slow	90
ENSG00000116521_SCAMP3	ENSG00000116521	SCAMP3	1044	56.87	424	211	20.21	GC1		slow	70
ENSG00000116525_TRIM62	ENSG00000116525	TRIM62	1428	63.68	482	223	15.62			fast	80
ENSG00000116539_ASH1L	ENSG00000116539	ASH1L	8907	45.52	3404	1862	20.90	GC3	80	slow	90
ENSG00000116544_DLGAP3	ENSG00000116544	DLGAP3	2940	66.45	977	357	12.14		70	slow	80
ENSG00000116574_RHOU	ENSG00000116574	RHOU	612	54.69	275	154	25.16	GC1		slow	80
ENSG00000116584_ARHGEF2	ENSG00000116584	ARHGEF2	2922	61.03	1277	736	25.19		70	fast	90
ENSG00000116604_MEF2D	ENSG00000116604	MEF2D	1560	63.43	569	277	17.76			slow	80
ENSG00000116661_FBXO2	ENSG00000116661	FBXO2	888	67.06	384	187	21.06			slow	80
ENSG00000116663_FBXO6	ENSG00000116663	FBXO6	879	59.90	511	332	37.77			fast	80
ENSG00000116668_SWT1	ENSG00000116668	SWT1	2721	37.70	1654	834	30.65	GC3	80	fast	90
ENSG00000116670_MAD2L2	ENSG00000116670	MAD2L2	636	54.39	206	109	17.14			slow	80
ENSG00000116675_DNAJC6	ENSG00000116675	DNAJC6	2745	50.67	1292	690	25.14	GC2	70	slow	90
ENSG00000116678_LEPR	ENSG00000116678	LEPR	3498	40.63	2034	1120	32.02	GC3	80	fast	90
ENSG00000116679_IVNS1ABP	ENSG00000116679	IVNS1ABP	1929	43.58	554	267	13.84	GC3	70	slow	90
ENSG00000116688_MFN2	ENSG00000116688	MFN2	2274	56.83	802	440	19.35		70	slow	90
ENSG00000116691_MIIP	ENSG00000116691	MIIP	1131	63.60	828	528	46.68		70	fast	80
ENSG00000116698_SMG7	ENSG00000116698	SMG7	3426	49.35	1042	496	14.48	GC2	70	slow	90
ENSG00000116701_NCF2	ENSG00000116701	NCF2	1581	53.37	770	447	28.27	GC1	70	slow	80
ENSG00000116703_PDC	ENSG00000116703	PDC	741	41.34	332	182	24.56	GC3		slow	90
ENSG00000116704_SLC35D1	ENSG00000116704	SLC35D1	1068	44.61	307	142	13.30	GC2		fast	90
ENSG00000116711_PLA2G4A	ENSG00000116711	PLA2G4A	2250	41.76	829	494	21.96	GC3	70	slow	90
ENSG00000116729_WLS	ENSG00000116729	WLS	1620	48.56	682	402	24.81	GC1		fast	90
ENSG00000116741_RGS2	ENSG00000116741	RGS2	636	44.94	232	124	19.50	GC2		slow	90
ENSG00000116745_RPE65	ENSG00000116745	RPE65	1602	44.16	509	281	17.54	GC3		fast	90
ENSG00000116747_TROVE2	ENSG00000116747	TROVE2	1617	41.47	668	393	24.30	GC3	70	slow	90
ENSG00000116748_AMPD1	ENSG00000116748	AMPD1	2331	46.11	1051	606	26.00	GC2	70	slow	90
ENSG00000116750_UCHL5	ENSG00000116750	UCHL5	990	40.31	276	150	15.15	GC3		fast	90
ENSG00000116752_BCAS2	ENSG00000116752	BCAS2	678	44.84	245	122	17.99	GC3		slow	80
ENSG00000116754_SRSF11	ENSG00000116754	SRSF11	1449	48.19	440	210	14.49	GC3	70	slow	80
ENSG00000116761_CTH	ENSG00000116761	CTH	1218	47.29	577	349	28.65	GC3		fast	90
ENSG00000116771_AGMAT	ENSG00000116771	AGMAT	1059	60.59	528	335	31.63	GC1		fast	90
ENSG00000116774_OLFML3	ENSG00000116774	OLFML3	1221	58.39	500	310	25.39	GC1		slow	90
ENSG00000116786_PLEKHM2	ENSG00000116786	PLEKHM2	3027	61.34	1211	699	23.09		80	fast	90
ENSG00000116793_PHTF1	ENSG00000116793	PHTF1	2289	42.91	923	542	23.68	GC3	80	fast	90
ENSG00000116809_ZBTB17	ENSG00000116809	ZBTB17	2388	62.71	888	479	20.06		80	slow	80
ENSG00000116824_CD2	ENSG00000116824	CD2	1029	47.93	860	670	65.11	GC2	70	fast	90
ENSG00000116830_TTF2	ENSG00000116830	TTF2	3504	50.98	2289	1485	42.38	GC2	80	slow	80
ENSG00000116833_NR5A2	ENSG00000116833	NR5A2	1626	50.23	609	321	19.74	GC2		slow	70
ENSG00000116852_KIF21B	ENSG00000116852	KIF21B	4914	61.36	1701	852	17.34		70	slow	70
ENSG00000116863_ADPRHL2	ENSG00000116863	ADPRHL2	1095	61.54	479	250	22.83			slow	90
ENSG00000116871_MAP7D1	ENSG00000116871	MAP7D1	2499	65.16	1239	591	23.65	GC1	80	fast	80
ENSG00000116874_WARS2	ENSG00000116874	WARS2	1083	53.47	581	341	31.49	GC1		slow	80
ENSG00000116882_HAO2	ENSG00000116882	HAO2	1071	51.54	610	409	38.19	GC2	70	fast	90
ENSG00000116885_OSCP1	ENSG00000116885	OSCP1	1140	50.92	530	275	24.12	GC1		fast	90
ENSG00000116898_MRPS15	ENSG00000116898	MRPS15	774	52.95	453	211	27.26	GC1	70	fast	
ENSG00000116906_GNPAT	ENSG00000116906	GNPAT	2043	44.71	1199	704	34.46	GC2	80	fast	90
ENSG00000116954_RRAGC	ENSG00000116954	RRAGC	1200	44.73	291	116	9.67	GC2		slow	80
ENSG00000116957_TBCE	ENSG00000116957	TBCE	1587	44.84	884	544	34.28	GC3	80	fast	80
ENSG00000116962_NID1	ENSG00000116962	NID1	3744	58.28	2088	1251	33.41	GC1	80	fast	90
ENSG00000116977_LGALS8	ENSG00000116977	LGALS8	1077	44.15	555	321	29.81	GC2	70	slow	90
ENSG00000116981_NT5C1A	ENSG00000116981	NT5C1A	1098	60.26	415	230	20.95			slow	90
ENSG00000116984_MTR	ENSG00000116984	MTR	3798	48.74	1636	1055	27.78	GC2	90	fast	90
ENSG00000116990_MYCL	ENSG00000116990	MYCL	1182	62.56	533	278	23.52	GC1		slow	80
ENSG00000116991_SIPA1L2	ENSG00000116991	SIPA1L2	5163	54.81	2471	1659	32.13	GC1	80	fast	90
ENSG00000117009_KMO	ENSG00000117009	KMO	1455	43.23	794	488	33.54	GC3	70	fast	90
ENSG00000117013_KCNQ4	ENSG00000117013	KCNQ4	1779	62.05	648	254	14.28			slow	80
ENSG00000117016_RIMS3	ENSG00000117016	RIMS3	927	62.49	315	153	16.50			fast	90
ENSG00000117020_AKT3	ENSG00000117020	AKT3	1440	41.61	401	182	12.64	GC3		slow	90
ENSG00000117036_ETV3	ENSG00000117036	ETV3	1539	58.10	622	347	22.55	GC1		slow	80
ENSG00000117054_ACADM	ENSG00000117054	ACADM	1266	41.71	631	314	24.80	GC3		slow	90
ENSG00000117069_ST6GALNAC5	ENSG00000117069	ST6GALNAC5	993	57.73	343	189	19.03	GC1		fast	90
ENSG00000117090_SLAMF1	ENSG00000117090	SLAMF1	1017	51.93	767	476	46.80	GC1	70	fast	90
ENSG00000117114_LPHN2	ENSG00000117114	LPHN2	4425	44.58	1538	708	16.00	GC3		slow	90
ENSG00000117115_PADI2	ENSG00000117115	PADI2	1998	59.55	965	433	21.67			fast	90
ENSG00000117118_SDHB	ENSG00000117118	SDHB	843	51.11	370	216	25.62	GC1		fast	90
ENSG00000117133_RPF1	ENSG00000117133	RPF1	1050	43.35	365	180	17.14	GC3		slow	80
ENSG00000117139_KDM5B	ENSG00000117139	KDM5B	4632	49.92	1918	1200	25.91	GC2	80	fast	90
ENSG00000117143_UAP1	ENSG00000117143	UAP1	1569	46.53	687	366	23.33	GC2		slow	90
ENSG00000117151_CTBS	ENSG00000117151	CTBS	1146	44.11	719	413	36.04	GC3		slow	80
ENSG00000117152_RGS4	ENSG00000117152	RGS4	618	48.33	301	141	22.82	GC2		slow	80
ENSG00000117153_KLHL12	ENSG00000117153	KLHL12	1707	51.62	565	386	22.61	GC2	70	fast	90
ENSG00000117154_IGSF21	ENSG00000117154	IGSF21	1335	62.39	516	271	20.30			fast	90
ENSG00000117155_SSX2IP	ENSG00000117155	SSX2IP	1845	40.00	730	350	18.97	GC3	70	slow	90
ENSG00000117174_ZNHIT6	ENSG00000117174	ZNHIT6	1425	43.11	994	554	38.88	GC3	70	fast	90
ENSG00000117222_RBBP5	ENSG00000117222	RBBP5	1617	47.38	499	267	16.51	GC3		slow	90
ENSG00000117245_KIF17	ENSG00000117245	KIF17	3090	61.73	1614	904	29.26		70	fast	80
ENSG00000117266_CDK18	ENSG00000117266	CDK18	1422	60.15	591	284	19.97		70	slow	70
ENSG00000117280_RAB29	ENSG00000117280	RAB29	615	52.77	215	120	19.51	GC1		slow	90
ENSG00000117298_ECE1	ENSG00000117298	ECE1	2271	57.68	805	461	20.30			fast	90
ENSG00000117305_HMGCL	ENSG00000117305	HMGCL	978	54.97	454	277	28.32	GC1		slow	90
ENSG00000117308_GALE	ENSG00000117308	GALE	1047	58.75	360	193	18.43		70	slow	80
ENSG00000117360_PRPF3	ENSG00000117360	PRPF3	2052	48.40	553	298	14.52	GC2	70	slow	90
ENSG00000117362_APH1A	ENSG00000117362	APH1A	798	55.10	174	86	10.78	GC1		slow	80
ENSG00000117385_P3H1	ENSG00000117385	P3H1	2211	58.52	971	596	26.96	GC1		fast	90
ENSG00000117394_SLC2A1	ENSG00000117394	SLC2A1	1479	58.83	482	286	19.34			slow	80
ENSG00000117395_EBNA1BP2	ENSG00000117395	EBNA1BP2	918	51.14	466	241	26.25	GC2		fast	90
ENSG00000117399_CDC20	ENSG00000117399	CDC20	1500	58.11	665	342	22.80	GC1	80	slow	90
ENSG00000117400_MPL	ENSG00000117400	MPL	1905	58.27	1148	553	29.03	GC1	80	fast	90
ENSG00000117408_IPO13	ENSG00000117408	IPO13	2892	56.75	828	405	14.00	GC1	70	fast	90
ENSG00000117410_ATP6V0B	ENSG00000117410	ATP6V0B	618	54.34	184	93	15.05	GC1		slow	70
ENSG00000117411_B4GALT2	ENSG00000117411	B4GALT2	1110	60.99	392	191	17.21			fast	90
ENSG00000117419_ERI3	ENSG00000117419	ERI3	1014	53.86	237	89	8.78	GC2		fast	90
ENSG00000117425_PTCH2	ENSG00000117425	PTCH2	3624	62.11	1450	681	18.79		70	slow	70
ENSG00000117448_AKR1A1	ENSG00000117448	AKR1A1	978	55.04	441	250	25.56	GC1		slow	90
ENSG00000117472_TSPAN1	ENSG00000117472	TSPAN1	726	51.76	379	248	34.16	GC1		fast	90
ENSG00000117475_BLZF1	ENSG00000117475	BLZF1	1206	44.62	651	344	28.52	GC3	70	slow	90
ENSG00000117477_CCDC181	ENSG00000117477	CCDC181	1530	39.73	891	497	32.48	GC3	70	slow	90
ENSG00000117480_FAAH	ENSG00000117480	FAAH	1740	60.91	876	470	27.01		80	slow	80
ENSG00000117481_NSUN4	ENSG00000117481	NSUN4	1155	53.71	539	277	23.98	GC2	70	slow	70
ENSG00000117500_TMED5	ENSG00000117500	TMED5	690	44.57	309	140	20.29	GC2		fast	90
ENSG00000117501_MROH9	ENSG00000117501	MROH9	2496	43.46	1725	1066	42.71	GC2		fast	80
ENSG00000117519_CNN3	ENSG00000117519	CNN3	990	47.41	296	161	16.26	GC2		slow	70
ENSG00000117523_PRRC2C	ENSG00000117523	PRRC2C	8373	48.11	3780	2156	25.75	GC3	90	slow	80
ENSG00000117525_F3	ENSG00000117525	F3	888	48.34	565	342	38.51	GC2	70	fast	80
ENSG00000117528_ABCD3	ENSG00000117528	ABCD3	1980	42.16	749	400	20.20	GC3	70	fast	90
ENSG00000117543_DPH5	ENSG00000117543	DPH5	858	45.75	403	242	28.21	GC3		slow	90
ENSG00000117560_FASLG	ENSG00000117560	FASLG	843	53.16	422	207	24.56	GC1		slow	70
ENSG00000117569_PTBP2	ENSG00000117569	PTBP2	1599	41.46	365	123	7.69	GC3		fast	80
ENSG00000117593_DARS2	ENSG00000117593	DARS2	1938	47.23	972	544	28.07	GC3	70	slow	90
ENSG00000117597_DIEXF	ENSG00000117597	DIEXF	2268	49.15	1036	583	25.71	GC2	70	slow	90
ENSG00000117598_NONAME	ENSG00000117598	NONAME	966	47.62	281	135	13.98	GC2	70	slow	80
ENSG00000117600_NONAME	ENSG00000117600	NONAME	2292	52.01	823	522	22.77	GC2	70	slow	90
ENSG00000117601_SERPINC1	ENSG00000117601	SERPINC1	1398	52.48	654	387	27.68	GC1	80	fast	90
ENSG00000117602_RCAN3	ENSG00000117602	RCAN3	726	49.19	296	190	26.17	GC2		slow	90
ENSG00000117620_SLC35A3	ENSG00000117620	SLC35A3	999	37.79	286	125	12.51	GC3		slow	80
ENSG00000117640_MTFR1L	ENSG00000117640	MTFR1L	879	52.88	290	159	18.09	GC2	70	slow	90
ENSG00000117643_MAN1C1	ENSG00000117643	MAN1C1	1893	59.47	710	406	21.45		70	fast	80
ENSG00000117676_RPS6KA1	ENSG00000117676	RPS6KA1	2235	57.54	840	478	21.39			slow	90
ENSG00000117682_DHDDS	ENSG00000117682	DHDDS	1005	54.79	356	179	17.81	GC1		slow	90
ENSG00000117697_NSL1	ENSG00000117697	NSL1	846	49.83	513	313	37.00	GC2	70	slow	90
ENSG00000117707_PROX1	ENSG00000117707	PROX1	2211	53.45	571	336	15.20	GC1		slow	90
ENSG00000117713_ARID1A	ENSG00000117713	ARID1A	6108	57.73	1913	793	12.98	GC1	80	fast	90
ENSG00000117748_RPA2	ENSG00000117748	RPA2	813	48.10	355	198	24.35	GC2	70	slow	80
ENSG00000117751_PPP1R8	ENSG00000117751	PPP1R8	1056	52.70	292	151	14.30	GC2		slow	90
ENSG00000117834_SLC5A9	ENSG00000117834	SLC5A9	2025	59.61	1041	620	30.62		70	fast	90
ENSG00000117868_ESYT2	ENSG00000117868	ESYT2	2493	50.89	1105	705	28.28	GC2	80	fast	80
ENSG00000117877_CD3EAP	ENSG00000117877	CD3EAP	1533	59.38	1115	656	42.79	GC1	70	fast	80
ENSG00000117906_RCN2	ENSG00000117906	RCN2	954	45.05	420	218	22.85	GC3		slow	90
ENSG00000117971_CHRNB4	ENSG00000117971	CHRNB4	1479	59.90	663	349	23.60			slow	70
ENSG00000118004_COLEC11	ENSG00000118004	COLEC11	816	59.91	328	220	26.96	GC1	70	fast	90
ENSG00000118017_A4GNT	ENSG00000118017	A4GNT	1026	53.71	594	390	38.01	GC1	70	fast	90
ENSG00000118058_KMT2A	ENSG00000118058	KMT2A	11475	49.97	4752	2678	23.34	GC2	90	slow	90
ENSG00000118094_TREH	ENSG00000118094	TREH	1752	58.40	1050	583	33.28			slow	70
ENSG00000118096_IFT46	ENSG00000118096	IFT46	1062	48.49	527	222	20.90	GC2		slow	90
ENSG00000118113_MMP8	ENSG00000118113	MMP8	1407	46.28	866	580	41.22	GC3	70	fast	80
ENSG00000118156_ZNF541	ENSG00000118156	ZNF541	4095	62.32	2701	1443	35.24		80	fast	80
ENSG00000118162_KPTN	ENSG00000118162	KPTN	1311	61.88	614	365	27.84			fast	90
ENSG00000118193_KIF14	ENSG00000118193	KIF14	4920	45.72	3510	2380	48.37	GC3	80	fast	90
ENSG00000118194_TNNT2	ENSG00000118194	TNNT2	885	56.29	376	178	20.11			fast	70
ENSG00000118197_DDX59	ENSG00000118197	DDX59	1863	50.75	1022	775	41.60	GC2	80	fast	80
ENSG00000118200_CAMSAP2	ENSG00000118200	CAMSAP2	4476	48.33	2488	1632	36.46	GC2	90	fast	90
ENSG00000118217_ATF6	ENSG00000118217	ATF6	2010	47.60	977	530	26.37	GC3	80	fast	80
ENSG00000118242_MREG	ENSG00000118242	MREG	645	48.45	357	204	31.63	GC2		fast	90
ENSG00000118246_FASTKD2	ENSG00000118246	FASTKD2	2121	41.35	1427	902	42.53	GC3	80	fast	90
ENSG00000118257_NRP2	ENSG00000118257	NRP2	2796	57.06	1059	624	22.32	GC1	70	slow	90
ENSG00000118260_CREB1	ENSG00000118260	CREB1	1026	47.62	218	102	9.94	GC3		slow	90
ENSG00000118263_KLF7	ENSG00000118263	KLF7	909	56.04	242	121	13.31	GC1		slow	90
ENSG00000118276_B4GALT6	ENSG00000118276	B4GALT6	1149	42.90	452	254	22.11	GC3		slow	90
ENSG00000118298_CA14	ENSG00000118298	CA14	1014	53.35	564	304	29.98	GC2	70	fast	90
ENSG00000118307_CASC1	ENSG00000118307	CASC1	2163	40.53	1437	899	41.56	GC3	80	fast	90
ENSG00000118308_LRMP	ENSG00000118308	LRMP	1668	45.75	1056	575	34.47	GC3	80	slow	80
ENSG00000118363_SPCS2	ENSG00000118363	SPCS2	681	47.53	251	146	21.44	GC2		slow	90
ENSG00000118369_USP35	ENSG00000118369	USP35	3021	63.50	1551	786	26.02			fast	80
ENSG00000118402_ELOVL4	ENSG00000118402	ELOVL4	945	43.95	371	234	24.76	GC2	70	slow	90
ENSG00000118407_FILIP1	ENSG00000118407	FILIP1	3642	46.60	1479	930	25.54	GC2	80	slow	90
ENSG00000118412_CASP8AP2	ENSG00000118412	CASP8AP2	5931	38.19	3520	1887	31.82	GC3	80	fast	90
ENSG00000118420_UBE3D	ENSG00000118420	UBE3D	1170	48.02	687	405	34.62	GC2	70	fast	90
ENSG00000118432_CNR1	ENSG00000118432	CNR1	1419	54.37	428	266	18.75			slow	90
ENSG00000118434_SPACA1	ENSG00000118434	SPACA1	897	47.23	523	316	35.23	GC3	70	fast	90
ENSG00000118454_ANKRD13C	ENSG00000118454	ANKRD13C	1626	45.32	556	218	13.41	GC3		fast	90
ENSG00000118473_SGIP1	ENSG00000118473	SGIP1	2499	49.90	870	436	17.45	GC3	70	slow	90
ENSG00000118482_PHF3	ENSG00000118482	PHF3	6138	41.21	2915	1635	26.64	GC3	80	slow	90
ENSG00000118491_ZC2HC1B	ENSG00000118491	ZC2HC1B	660	47.35	321	161	24.39	GC3		fast	80
ENSG00000118495_PLAGL1	ENSG00000118495	PLAGL1	1392	56.64	729	394	28.30	GC1	70	slow	90
ENSG00000118496_FBXO30	ENSG00000118496	FBXO30	2244	43.41	1020	593	26.43	GC3	70	slow	90
ENSG00000118503_TNFAIP3	ENSG00000118503	TNFAIP3	2373	54.41	1124	755	31.82	GC1	70	fast	90
ENSG00000118507_AKAP7	ENSG00000118507	AKAP7	981	39.63	626	385	39.25	GC3		fast	90
ENSG00000118508_RAB32	ENSG00000118508	RAB32	678	52.93	379	225	33.19	GC1		fast	90
ENSG00000118513_MYB	ENSG00000118513	MYB	2286	47.94	920	453	19.82	GC3	80	slow	90
ENSG00000118514_ALDH8A1	ENSG00000118514	ALDH8A1	1464	54.23	673	435	29.71	GC1	70	fast	90
ENSG00000118515_SGK1	ENSG00000118515	SGK1	1581	49.43	607	347	21.95	GC2		slow	90
ENSG00000118520_ARG1	ENSG00000118520	ARG1	969	48.13	437	274	28.28	GC3	70	slow	90
ENSG00000118523_CTGF	ENSG00000118523	CTGF	1050	61.07	381	183	17.43			slow	80
ENSG00000118557_PMFBP1	ENSG00000118557	PMFBP1	3030	49.20	1929	1154	38.09	GC1	90	fast	90
ENSG00000118564_FBXL5	ENSG00000118564	FBXL5	2076	42.94	770	417	20.09	GC3		fast	90
ENSG00000118596_SLC16A7	ENSG00000118596	SLC16A7	1446	43.24	824	562	38.87	GC3	70	fast	90
ENSG00000118600_TMEM5	ENSG00000118600	TMEM5	1332	43.11	661	337	25.30	GC3	70	fast	90
ENSG00000118655_DCLRE1B	ENSG00000118655	DCLRE1B	1599	54.08	934	514	32.15	GC1	70	fast	90
ENSG00000118689_FOXO3	ENSG00000118689	FOXO3	2019	61.55	652	301	14.91			fast	90
ENSG00000118690_ARMC2	ENSG00000118690	ARMC2	2604	46.31	1718	929	35.68	GC2	70	fast	90
ENSG00000118705_RPN2	ENSG00000118705	RPN2	1896	51.66	732	423	22.31	GC2	70	slow	90
ENSG00000118729_CASQ2	ENSG00000118729	CASQ2	1203	47.39	494	295	24.52	GC2	70	slow	90
ENSG00000118733_OLFM3	ENSG00000118733	OLFM3	1437	45.05	464	280	19.49	GC2		slow	90
ENSG00000118762_PKD2	ENSG00000118762	PKD2	2841	50.51	1179	583	20.52	GC2	80	fast	90
ENSG00000118785_SPP1	ENSG00000118785	SPP1	945	48.29	732	486	51.43	GC2	70	fast	90
ENSG00000118804_FAM47E-STBD1	ENSG00000118804	FAM47E-STBD1	1080	53.23	761	431	39.91	GC2	80	slow	80
ENSG00000118816_CCNI	ENSG00000118816	CCNI	1134	46.11	308	127	11.20	GC3		slow	80
ENSG00000118898_PPL	ENSG00000118898	PPL	5271	61.31	2570	1443	27.38		90	fast	80
ENSG00000118900_UBN1	ENSG00000118900	UBN1	3411	54.62	1650	985	28.88	GC1	80	fast	90
ENSG00000118922_KLF12	ENSG00000118922	KLF12	1209	49.40	274	139	11.50	GC2		slow	90
ENSG00000118946_PCDH17	ENSG00000118946	PCDH17	3483	59.30	987	552	15.85			fast	90
ENSG00000118961_C2orf43	ENSG00000118961	C2orf43	978	43.22	610	378	38.65	GC3	70	fast	80
ENSG00000118965_WDR35	ENSG00000118965	WDR35	3546	43.12	1456	769	21.69	GC3	80	slow	80
ENSG00000118971_CCND2	ENSG00000118971	CCND2	870	58.40	264	168	19.31		70	fast	80
ENSG00000118972_FGF23	ENSG00000118972	FGF23	747	64.85	464	293	39.22			fast	80
ENSG00000118985_ELL2	ENSG00000118985	ELL2	1926	46.02	689	329	17.08	GC3	70	slow	90
ENSG00000119004_CYP20A1	ENSG00000119004	CYP20A1	1389	42.55	664	333	23.97	GC3	70	fast	90
ENSG00000119041_GTF3C3	ENSG00000119041	GTF3C3	2655	43.58	1038	641	24.14	GC3	70	slow	90
ENSG00000119042_SATB2	ENSG00000119042	SATB2	2202	54.46	493	282	12.81	GC1	70	slow	90
ENSG00000119121_TRPM6	ENSG00000119121	TRPM6	6060	46.49	3215	1905	31.44	GC2	90	fast	90
ENSG00000119125_GDA	ENSG00000119125	GDA	1365	45.90	604	352	25.79	GC2	80	fast	90
ENSG00000119139_TJP2	ENSG00000119139	TJP2	3561	54.15	1673	1034	29.04	GC2		slow	90
ENSG00000119185_ITGB1BP1	ENSG00000119185	ITGB1BP1	603	45.80	250	159	26.37	GC3		slow	90
ENSG00000119203_CPSF3	ENSG00000119203	CPSF3	2055	43.60	666	455	22.14	GC3		slow	90
ENSG00000119231_SENP5	ENSG00000119231	SENP5	2268	44.30	1001	483	21.30	GC3	80	slow	90
ENSG00000119280_C1orf198	ENSG00000119280	C1orf198	984	63.21	681	355	36.08			fast	70
ENSG00000119283_TRIM67	ENSG00000119283	TRIM67	2340	62.43	1023	471	20.13			slow	
ENSG00000119285_HEATR1	ENSG00000119285	HEATR1	6429	43.56	3267	1953	30.38	GC3	90	fast	90
ENSG00000119314_PTBP3	ENSG00000119314	PTBP3	1626	44.14	680	326	20.05	GC3	70	slow	90
ENSG00000119318_RAD23B	ENSG00000119318	RAD23B	1230	46.82	460	233	18.94	GC3		slow	90
ENSG00000119321_FKBP15	ENSG00000119321	FKBP15	3669	51.69	1999	1123	30.61	GC2	80	slow	80
ENSG00000119326_CTNNAL1	ENSG00000119326	CTNNAL1	2205	42.68	1041	534	24.22	GC3	70	fast	90
ENSG00000119392_GLE1	ENSG00000119392	GLE1	2097	54.88	1073	568	27.09	GC1	70	fast	90
ENSG00000119396_RAB14	ENSG00000119396	RAB14	648	43.33	147	79	12.19	GC3		slow	90
ENSG00000119397_CNTRL	ENSG00000119397	CNTRL	6990	45.24	3728	2184	31.24	GC3	90	fast	90
ENSG00000119402_FBXW2	ENSG00000119402	FBXW2	1365	48.74	283	128	9.38	GC2		slow	80
ENSG00000119403_PHF19	ENSG00000119403	PHF19	1743	57.65	634	298	17.10			fast	90
ENSG00000119408_NEK6	ENSG00000119408	NEK6	969	56.72	318	179	18.47			slow	80
ENSG00000119411_BSPRY	ENSG00000119411	BSPRY	1146	59.86	570	325	28.36		70	fast	90
ENSG00000119414_PPP6C	ENSG00000119414	PPP6C	918	42.23	225	88	9.59	GC3		slow	90
ENSG00000119431_HDHD3	ENSG00000119431	HDHD3	756	61.54	416	250	33.07	GC1	70	slow	70
ENSG00000119457_SLC46A2	ENSG00000119457	SLC46A2	1428	59.87	874	506	35.43		80	fast	90
ENSG00000119471_HSDL2	ENSG00000119471	HSDL2	1257	41.84	550	310	24.66	GC3		fast	90
ENSG00000119487_MAPKAP1	ENSG00000119487	MAPKAP1	1569	46.77	370	188	11.98	GC2		slow	90
ENSG00000119509_INVS	ENSG00000119509	INVS	3198	50.53	1678	929	29.05	GC2	70	fast	90
ENSG00000119514_GALNT12	ENSG00000119514	GALNT12	1713	56.96	864	478	27.90	GC1	70	fast	80
ENSG00000119522_DENND1A	ENSG00000119522	DENND1A	3030	57.27	1252	649	21.42	GC1	80	fast	80
ENSG00000119523_ALG2	ENSG00000119523	ALG2	1251	55.12	644	387	30.94	GC1		slow	90
ENSG00000119535_CSF3R	ENSG00000119535	CSF3R	2526	61.71	1579	896	35.47		90	fast	80
ENSG00000119537_KDSR	ENSG00000119537	KDSR	999	49.97	545	317	31.73	GC2		fast	90
ENSG00000119541_VPS4B	ENSG00000119541	VPS4B	1335	44.65	505	335	25.09	GC3		slow	90
ENSG00000119547_ONECUT2	ENSG00000119547	ONECUT2	1197	64.41	361	129	10.78			slow	70
ENSG00000119574_ZBTB45	ENSG00000119574	ZBTB45	1536	68.82	724	437	28.45		80	fast	
ENSG00000119596_YLPM1	ENSG00000119596	YLPM1	5865	50.76	2125	1025	17.48	GC3	80	fast	90
ENSG00000119614_VSX2	ENSG00000119614	VSX2	1086	63.80	353	150	13.81			fast	80
ENSG00000119638_NEK9	ENSG00000119638	NEK9	2937	50.80	1060	497	16.92	GC2	80	slow	90
ENSG00000119681_LTBP2	ENSG00000119681	LTBP2	5469	63.74	2774	1531	27.99		80	fast	80
ENSG00000119682_AREL1	ENSG00000119682	AREL1	2472	49.83	827	474	19.17	GC2	70	slow	90
ENSG00000119684_MLH3	ENSG00000119684	MLH3	4377	41.30	2715	1523	34.80	GC3	80	fast	90
ENSG00000119685_TTLL5	ENSG00000119685	TTLL5	3861	49.22	1648	833	21.57	GC2	70	fast	90
ENSG00000119688_ABCD4	ENSG00000119688	ABCD4	1821	56.39	740	407	22.35		80	fast	90
ENSG00000119689_DLST	ENSG00000119689	DLST	1368	53.46	661	308	22.51	GC2		fast	90
ENSG00000119698_PPP4R4	ENSG00000119698	PPP4R4	2505	40.92	1097	560	22.36	GC3	70	slow	80
ENSG00000119699_TGFB3	ENSG00000119699	TGFB3	1239	55.75	380	228	18.40			slow	90
ENSG00000119707_RBM25	ENSG00000119707	RBM25	2532	44.67	660	368	14.53	GC3	70	slow	80
ENSG00000119711_ALDH6A1	ENSG00000119711	ALDH6A1	1602	48.99	576	319	19.91	GC2	70	slow	90
ENSG00000119718_EIF2B2	ENSG00000119718	EIF2B2	1056	55.29	403	227	21.50	GC1		slow	90
ENSG00000119720_NRDE2	ENSG00000119720	NRDE2	3498	54.46	1924	1218	34.82	GC1	70	fast	90
ENSG00000119723_COQ6	ENSG00000119723	COQ6	1410	54.08	672	397	28.16	GC2		slow	90
ENSG00000119725_ZNF410	ENSG00000119725	ZNF410	1437	49.06	494	221	15.38	GC3	70	slow	90
ENSG00000119729_RHOQ	ENSG00000119729	RHOQ	618	44.88	150	70	11.33	GC3		fast	90
ENSG00000119772_DNMT3A	ENSG00000119772	DNMT3A	2736	60.06	904	375	13.71			fast	80
ENSG00000119777_TMEM214	ENSG00000119777	TMEM214	2064	58.56	1085	566	27.42		80	fast	90
ENSG00000119778_ATAD2B	ENSG00000119778	ATAD2B	4374	42.55	1553	643	14.70	GC3	90	slow	90
ENSG00000119787_ATL2	ENSG00000119787	ATL2	1752	42.24	619	317	18.09	GC3		slow	90
ENSG00000119812_FAM98A	ENSG00000119812	FAM98A	1551	49.68	449	227	14.64	GC3	70	slow	80
ENSG00000119820_YIPF4	ENSG00000119820	YIPF4	735	40.94	234	85	11.56	GC3		slow	90
ENSG00000119844_AFTPH	ENSG00000119844	AFTPH	2805	43.00	1324	631	22.50	GC3	80	slow	90
ENSG00000119866_BCL11A	ENSG00000119866	BCL11A	2508	58.30	296	94	3.75	GC1		slow	80
ENSG00000119888_EPCAM	ENSG00000119888	EPCAM	945	43.70	512	345	36.51	GC3		fast	90
ENSG00000119899_SLC17A5	ENSG00000119899	SLC17A5	1488	44.90	737	443	29.77	GC3	70	fast	90
ENSG00000119900_OGFRL1	ENSG00000119900	OGFRL1	1152	43.33	646	427	37.07	GC3		slow	90
ENSG00000119906_FAM178A	ENSG00000119906	FAM178A	3519	41.81	1616	791	22.48	GC3	80	slow	90
ENSG00000119912_IDE	ENSG00000119912	IDE	3060	42.12	1048	537	17.55	GC3	70	slow	90
ENSG00000119913_TECTB	ENSG00000119913	TECTB	990	50.46	406	227	22.93	GC1		slow	90
ENSG00000119915_ELOVL3	ENSG00000119915	ELOVL3	813	49.80	497	294	36.16	GC1	70	fast	80
ENSG00000119919_NKX2-3	ENSG00000119919	NKX2-3	1086	65.67	531	200	18.42			fast	80
ENSG00000119927_GPAM	ENSG00000119927	GPAM	2487	47.13	1087	634	25.49	GC2		fast	90
ENSG00000119929_CUTC	ENSG00000119929	CUTC	822	47.74	336	168	20.44	GC3		slow	90
ENSG00000119938_PPP1R3C	ENSG00000119938	PPP1R3C	954	48.10	399	227	23.79	GC2		slow	70
ENSG00000119943_PYROXD2	ENSG00000119943	PYROXD2	1746	59.78	856	474	27.15	GC1	80	fast	80
ENSG00000119946_CNNM1	ENSG00000119946	CNNM1	2847	62.68	884	429	15.07			fast	80
ENSG00000119969_HELLS	ENSG00000119969	HELLS	2514	38.82	966	504	20.05	GC3	80	slow	90
ENSG00000119973_PRLHR	ENSG00000119973	PRLHR	1113	65.42	365	157	14.11			slow	
ENSG00000119977_TCTN3	ENSG00000119977	TCTN3	1827	50.13	1190	696	38.10	GC2	90	fast	90
ENSG00000119979_FAM45A	ENSG00000119979	FAM45A	1074	46.28	478	265	24.67	GC2		slow	90
ENSG00000120008_WDR11	ENSG00000120008	WDR11	3675	48.31	1530	984	26.78	GC2	70	slow	90
ENSG00000120029_C10orf76	ENSG00000120029	C10orf76	2070	44.75	622	313	15.12	GC2	70	slow	90
ENSG00000120049_KCNIP2	ENSG00000120049	KCNIP2	858	53.41	251	107	12.47	GC1		slow	80
ENSG00000120051_CFAP58	ENSG00000120051	CFAP58	2622	46.31	1120	627	23.91	GC2	70	fast	90
ENSG00000120053_GOT1	ENSG00000120053	GOT1	1242	53.15	497	298	23.99	GC1	70	slow	90
ENSG00000120054_CPN1	ENSG00000120054	CPN1	1380	54.98	698	419	30.36	GC1		fast	90
ENSG00000120063_GNA13	ENSG00000120063	GNA13	1083	47.70	313	193	17.82	GC2		fast	90
ENSG00000120071_KANSL1	ENSG00000120071	KANSL1	3315	52.32	1273	622	18.76	GC2	70	slow	90
ENSG00000120075_HOXB5	ENSG00000120075	HOXB5	810	63.12	141	51	6.30			slow	80
ENSG00000120088_CRHR1	ENSG00000120088	CRHR1	1248	58.08	519	223	17.87			slow	80
ENSG00000120094_HOXB1	ENSG00000120094	HOXB1	906	64.45	372	189	20.86			slow	70
ENSG00000120129_DUSP1	ENSG00000120129	DUSP1	1104	61.88	494	202	18.30			fast	90
ENSG00000120149_MSX2	ENSG00000120149	MSX2	804	63.35	281	139	17.29			slow	80
ENSG00000120156_TEK	ENSG00000120156	TEK	3378	49.42	1303	744	22.02	GC2	80	slow	90
ENSG00000120159_CAAP1	ENSG00000120159	CAAP1	1089	49.46	451	225	20.66	GC2		slow	90
ENSG00000120160_EQTN	ENSG00000120160	EQTN	879	39.24	692	477	54.27	GC3	80	fast	80
ENSG00000120162_MOB3B	ENSG00000120162	MOB3B	651	52.94	180	107	16.44			slow	80
ENSG00000120217_CD274	ENSG00000120217	CD274	870	44.90	558	354	40.69	GC2	70	fast	90
ENSG00000120251_GRIA2	ENSG00000120251	GRIA2	2652	44.43	722	475	17.91	GC3		slow	90
ENSG00000120253_NUP43	ENSG00000120253	NUP43	1143	45.87	458	247	21.61	GC3		slow	90
ENSG00000120254_MTHFD1L	ENSG00000120254	MTHFD1L	2778	51.29	1279	803	28.91	GC2	70	fast	90
ENSG00000120256_LRP11	ENSG00000120256	LRP11	1380	58.67	758	381	27.61	GC1	70	slow	
ENSG00000120262_CCDC170	ENSG00000120262	CCDC170	2100	48.15	1428	814	38.76	GC2	70	fast	90
ENSG00000120265_PCMT1	ENSG00000120265	PCMT1	684	46.66	241	134	19.59	GC3		slow	90
ENSG00000120278_PLEKHG1	ENSG00000120278	PLEKHG1	4155	53.68	2409	1621	39.01	GC1	80	fast	90
ENSG00000120279_MYCT1	ENSG00000120279	MYCT1	708	49.80	398	251	35.45	GC2		fast	90
ENSG00000120280_CXorf21	ENSG00000120280	CXorf21	897	45.12	468	278	30.99	GC2		slow	90
ENSG00000120314_WDR55	ENSG00000120314	WDR55	1152	58.09	541	294	25.52	GC1	70	slow	90
ENSG00000120318_ARAP3	ENSG00000120318	ARAP3	4641	60.63	2255	1134	24.43	GC1	80	fast	90
ENSG00000120329_SLC25A2	ENSG00000120329	SLC25A2	906	51.31	464	253	27.92	GC2	70	fast	
ENSG00000120332_TNN	ENSG00000120332	TNN	3894	59.84	2509	1290	33.13		80	fast	90
ENSG00000120341_SEC16B	ENSG00000120341	SEC16B	3189	56.15	2009	1221	38.29	GC2	80	fast	90
ENSG00000120370_GORAB	ENSG00000120370	GORAB	1167	47.83	685	397	34.02	GC3	70	slow	70
ENSG00000120438_TCP1	ENSG00000120438	TCP1	1671	45.13	658	400	23.94	GC3		slow	90
ENSG00000120451_SNX19	ENSG00000120451	SNX19	3009	53.93	1725	1037	34.46	GC2	80	fast	90
ENSG00000120457_KCNJ5	ENSG00000120457	KCNJ5	1260	56.93	450	280	22.22		70	slow	90
ENSG00000120458_MSANTD2	ENSG00000120458	MSANTD2	1680	52.96	453	210	12.50	GC2		slow	90
ENSG00000120498_TEX11	ENSG00000120498	TEX11	2736	39.95	1717	852	31.14	GC3		fast	80
ENSG00000120500_ARR3	ENSG00000120500	ARR3	1167	52.60	489	225	19.28	GC1	70	slow	
ENSG00000120519_SLC10A7	ENSG00000120519	SLC10A7	1023	45.19	408	233	22.78	GC2		slow	90
ENSG00000120539_MASTL	ENSG00000120539	MASTL	2646	42.45	1559	946	35.75	GC3	90	slow	90
ENSG00000120549_KIAA1217	ENSG00000120549	KIAA1217	5823	54.66	3163	1961	33.68	GC2	90	fast	90
ENSG00000120594_PLXDC2	ENSG00000120594	PLXDC2	1590	47.79	648	312	19.62	GC3		fast	80
ENSG00000120616_EPC1	ENSG00000120616	EPC1	2511	45.32	649	322	12.82	GC3	80	slow	80
ENSG00000120645_IQSEC3	ENSG00000120645	IQSEC3	3477	64.99	1516	705	20.28			slow	
ENSG00000120647_CCDC77	ENSG00000120647	CCDC77	1476	45.64	896	529	35.84	GC2	80	fast	90
ENSG00000120658_ENOX1	ENSG00000120658	ENOX1	1932	51.36	625	372	19.25	GC2		fast	90
ENSG00000120659_TNFSF11	ENSG00000120659	TNFSF11	954	48.19	483	252	26.42	GC2		fast	90
ENSG00000120662_MTRF1	ENSG00000120662	MTRF1	1341	42.36	763	412	30.72	GC3	70	slow	90
ENSG00000120685_PROSER1	ENSG00000120685	PROSER1	2844	53.69	1711	1035	36.39	GC3	70	slow	70
ENSG00000120688_WBP4	ENSG00000120688	WBP4	1122	39.96	523	289	25.76	GC3		fast	90
ENSG00000120690_ELF1	ENSG00000120690	ELF1	1860	46.37	874	515	27.69	GC3	80	slow	90
ENSG00000120693_SMAD9	ENSG00000120693	SMAD9	1404	55.50	638	307	21.87	GC1		fast	90
ENSG00000120694_HSPH1	ENSG00000120694	HSPH1	2580	44.45	1150	750	29.07	GC3	70	slow	90
ENSG00000120696_KBTBD7	ENSG00000120696	KBTBD7	2043	53.58	725	380	18.60	GC1	80	slow	70
ENSG00000120697_ALG5	ENSG00000120697	ALG5	975	44.97	433	219	22.46	GC3		fast	90
ENSG00000120699_EXOSC8	ENSG00000120699	EXOSC8	831	42.10	347	146	17.57	GC3	70	slow	80
ENSG00000120708_TGFBI	ENSG00000120708	TGFBI	2052	55.70	887	510	24.85	GC1	70	fast	90
ENSG00000120709_FAM53C	ENSG00000120709	FAM53C	1179	62.09	334	148	12.55	GC1	70	slow	70
ENSG00000120725_SIL1	ENSG00000120725	SIL1	1398	55.46	650	356	25.46	GC1		slow	70
ENSG00000120729_MYOT	ENSG00000120729	MYOT	1497	44.31	560	264	17.64	GC3	70	slow	90
ENSG00000120733_KDM3B	ENSG00000120733	KDM3B	5277	51.53	1664	790	14.97	GC2	90	slow	90
ENSG00000120738_EGR1	ENSG00000120738	EGR1	1632	61.44	581	320	19.61		70	slow	80
ENSG00000120756_PLS1	ENSG00000120756	PLS1	1893	42.72	750	443	23.40	GC3		slow	90
ENSG00000120784_ZFP30	ENSG00000120784	ZFP30	1560	41.04	641	289	18.53	GC3	80	slow	
ENSG00000120798_NR2C1	ENSG00000120798	NR2C1	1818	41.46	756	346	19.03	GC3	70	slow	90
ENSG00000120800_UTP20	ENSG00000120800	UTP20	8361	42.60	4029	2275	27.21	GC3	80	fast	90
ENSG00000120802_TMPO	ENSG00000120802	TMPO	2073	45.97	1196	745	35.94	GC3	70	fast	80
ENSG00000120820_GLT8D2	ENSG00000120820	GLT8D2	1050	48.33	389	231	22.00	GC2		slow	90
ENSG00000120832_MTERF2	ENSG00000120832	MTERF2	1158	37.71	622	298	25.73	GC3	70	slow	80
ENSG00000120837_NFYB	ENSG00000120837	NFYB	618	40.34	217	101	16.34	GC3		slow	80
ENSG00000120868_APAF1	ENSG00000120868	APAF1	3750	41.88	1711	869	23.17	GC3	80	fast	90
ENSG00000120875_DUSP4	ENSG00000120875	DUSP4	1185	65.22	358	181	15.27			slow	80
ENSG00000120885_CLU	ENSG00000120885	CLU	1350	53.53	829	527	39.04		80	fast	70
ENSG00000120896_SORBS3	ENSG00000120896	SORBS3	2106	60.68	1148	579	27.49	GC1	80	fast	80
ENSG00000120899_PTK2B	ENSG00000120899	PTK2B	3030	56.45	1024	584	19.27		80	slow	90
ENSG00000120903_CHRNA2	ENSG00000120903	CHRNA2	1590	58.86	756	471	29.62		80	slow	80
ENSG00000120907_ADRA1A	ENSG00000120907	ADRA1A	1302	57.08	546	297	22.81			slow	90
ENSG00000120910_PPP3CC	ENSG00000120910	PPP3CC	1536	44.73	664	341	22.20	GC3		slow	90
ENSG00000120913_PDLIM2	ENSG00000120913	PDLIM2	1071	65.21	579	307	28.66		70	slow	80
ENSG00000120915_EPHX2	ENSG00000120915	EPHX2	1668	53.43	980	617	36.99	GC1	80	fast	90
ENSG00000120925_RNF170	ENSG00000120925	RNF170	783	42.36	256	131	16.73	GC3		slow	80
ENSG00000120942_UBIAD1	ENSG00000120942	UBIAD1	1017	60.25	433	262	25.76		70	slow	90
ENSG00000120948_TARDBP	ENSG00000120948	TARDBP	1245	47.21	350	207	16.63	GC3		slow	80
ENSG00000120949_TNFRSF8	ENSG00000120949	TNFRSF8	1761	62.65	1249	760	43.16		70	fast	80
ENSG00000120992_LYPLA1	ENSG00000120992	LYPLA1	693	44.72	248	119	17.17	GC3		fast	70
ENSG00000121005_CRISPLD1	ENSG00000121005	CRISPLD1	1503	44.50	612	343	22.82	GC3	70	slow	90
ENSG00000121022_COPS5	ENSG00000121022	COPS5	1005	44.73	268	145	14.43	GC2		slow	90
ENSG00000121039_RDH10	ENSG00000121039	RDH10	1026	53.59	285	159	15.50	GC1		slow	90
ENSG00000121057_AKAP1	ENSG00000121057	AKAP1	2637	59.16	1626	1105	41.90	GC1	80	fast	90
ENSG00000121064_SCPEP1	ENSG00000121064	SCPEP1	1359	52.05	762	485	35.69	GC1	70	fast	90
ENSG00000121067_SPOP	ENSG00000121067	SPOP	1125	48.27	304	140	12.44	GC2		slow	90
ENSG00000121068_TBX2	ENSG00000121068	TBX2	2106	68.36	801	382	18.14		70	fast	
ENSG00000121073_SLC35B1	ENSG00000121073	SLC35B1	969	51.24	296	142	14.65	GC1		fast	90
ENSG00000121075_TBX4	ENSG00000121075	TBX4	1641	59.47	623	321	19.56			slow	90
ENSG00000121101_TEX14	ENSG00000121101	TEX14	4494	49.75	2949	1686	37.52	GC2	80	slow	80
ENSG00000121104_FAM117A	ENSG00000121104	FAM117A	1362	63.93	650	282	20.70	GC1		slow	80
ENSG00000121152_NCAPH	ENSG00000121152	NCAPH	2211	50.19	1229	801	36.23	GC2	80	fast	90
ENSG00000121207_LRAT	ENSG00000121207	LRAT	693	55.47	379	214	30.88			slow	80
ENSG00000121210_KIAA0922	ENSG00000121210	KIAA0922	4386	47.99	2397	1432	32.65	GC2	80	fast	90
ENSG00000121211_MND1	ENSG00000121211	MND1	618	38.80	220	102	16.50	GC3		slow	90
ENSG00000121281_ADCY7	ENSG00000121281	ADCY7	3243	60.22	1753	990	30.53			fast	80
ENSG00000121289_CEP89	ENSG00000121289	CEP89	2346	47.74	1552	965	41.13	GC2	80	fast	90
ENSG00000121297_TSHZ3	ENSG00000121297	TSHZ3	3246	59.58	1169	654	20.15		80	fast	90
ENSG00000121316_PLBD1	ENSG00000121316	PLBD1	1653	46.91	930	567	34.30	GC2	70	fast	90
ENSG00000121350_PYROXD1	ENSG00000121350	PYROXD1	1509	41.66	734	396	26.24	GC3		fast	90
ENSG00000121361_KCNJ8	ENSG00000121361	KCNJ8	1275	52.05	445	283	22.20	GC1		slow	90
ENSG00000121380_BCL2L14	ENSG00000121380	BCL2L14	990	52.32	674	432	43.64	GC1		fast	80
ENSG00000121390_PSPC1	ENSG00000121390	PSPC1	1572	51.96	544	299	19.02	GC3	70	fast	90
ENSG00000121410_A1BG	ENSG00000121410	A1BG	1509	66.23	1248	901	59.71		70	fast	80
ENSG00000121454_LHX4	ENSG00000121454	LHX4	1173	58.36	330	158	13.47			slow	90
ENSG00000121481_RNF2	ENSG00000121481	RNF2	1011	42.24	293	130	12.86	GC3		slow	90
ENSG00000121486_TRMT1L	ENSG00000121486	TRMT1L	2202	44.20	962	439	19.94	GC3	70	slow	90
ENSG00000121542_SEC22A	ENSG00000121542	SEC22A	924	42.23	317	136	14.72	GC3		slow	90
ENSG00000121577_POPDC2	ENSG00000121577	POPDC2	1095	58.95	718	424	38.72	GC1	70	fast	90
ENSG00000121578_B4GALT4	ENSG00000121578	B4GALT4	1035	47.44	536	308	29.76	GC2	80	fast	90
ENSG00000121594_CD80	ENSG00000121594	CD80	864	45.04	692	465	53.82	GC2		fast	70
ENSG00000121621_KIF18A	ENSG00000121621	KIF18A	2691	37.83	1381	759	28.21	GC3	80	fast	90
ENSG00000121653_MAPK8IP1	ENSG00000121653	MAPK8IP1	2121	63.07	894	582	27.44			slow	80
ENSG00000121671_CRY2	ENSG00000121671	CRY2	1782	61.48	801	376	21.10			slow	90
ENSG00000121680_PEX16	ENSG00000121680	PEX16	1011	62.83	442	257	25.42			fast	90
ENSG00000121690_DEPDC7	ENSG00000121690	DEPDC7	1536	40.83	832	445	28.97	GC3	80	slow	90
ENSG00000121741_ZMYM2	ENSG00000121741	ZMYM2	4134	41.97	1531	904	21.87	GC3	80	slow	90
ENSG00000121749_TBC1D15	ENSG00000121749	TBC1D15	2076	39.31	714	352	16.96	GC3		fast	90
ENSG00000121764_HCRTR1	ENSG00000121764	HCRTR1	1278	61.51	478	242	18.94			fast	90
ENSG00000121774_KHDRBS1	ENSG00000121774	KHDRBS1	1332	55.81	520	202	15.17	GC2		slow	80
ENSG00000121775_TMEM39B	ENSG00000121775	TMEM39B	1479	58.20	433	185	12.51			slow	90
ENSG00000121797_CCRL2	ENSG00000121797	CCRL2	1053	50.88	839	612	58.12	GC1	80	fast	80
ENSG00000121853_GHSR	ENSG00000121853	GHSR	1101	60.25	478	216	19.62			slow	90
ENSG00000121858_TNFSF10	ENSG00000121858	TNFSF10	846	42.66	564	383	45.27	GC3		fast	90
ENSG00000121864_ZNF639	ENSG00000121864	ZNF639	1458	39.83	583	359	24.62	GC3		slow	90
ENSG00000121871_SLITRK3	ENSG00000121871	SLITRK3	2940	48.87	938	477	16.22	GC2	80	slow	70
ENSG00000121879_PIK3CA	ENSG00000121879	PIK3CA	3207	39.78	850	419	13.07	GC3	70	slow	90
ENSG00000121892_PDS5A	ENSG00000121892	PDS5A	4008	40.72	1157	534	13.32	GC3	80	slow	90
ENSG00000121895_TMEM156	ENSG00000121895	TMEM156	891	38.11	672	400	44.89	GC3	70	fast	90
ENSG00000121897_LIAS	ENSG00000121897	LIAS	1119	43.75	494	251	22.43	GC3		slow	90
ENSG00000121898_CPXM2	ENSG00000121898	CPXM2	2217	57.69	934	533	24.04			fast	80
ENSG00000121900_TMEM54	ENSG00000121900	TMEM54	669	61.69	355	221	33.03			fast	90
ENSG00000121903_ZSCAN20	ENSG00000121903	ZSCAN20	3141	54.71	1764	1032	32.86	GC1	80	fast	90
ENSG00000121904_CSMD2	ENSG00000121904	CSMD2	10707	58.15	4226	2057	19.21	GC1	80	fast	90
ENSG00000121940_CLCC1	ENSG00000121940	CLCC1	1656	46.38	980	557	33.64	GC3	80	fast	90
ENSG00000121957_GPSM2	ENSG00000121957	GPSM2	2058	43.96	868	509	24.73	GC3	70	slow	80
ENSG00000121964_GTDC1	ENSG00000121964	GTDC1	1377	43.83	714	361	26.22	GC3	70	slow	90
ENSG00000121966_CXCR4	ENSG00000121966	CXCR4	1059	50.63	422	276	26.06	GC1		slow	90
ENSG00000121988_ZRANB3	ENSG00000121988	ZRANB3	3246	43.97	1813	1002	30.87	GC3	80	fast	90
ENSG00000121989_ACVR2A	ENSG00000121989	ACVR2A	1542	42.69	373	175	11.35	GC3		slow	90
ENSG00000122008_POLK	ENSG00000122008	POLK	2619	39.16	1425	755	28.83	GC3	80	slow	90
ENSG00000122012_SV2C	ENSG00000122012	SV2C	2184	49.41	818	516	23.63	GC2	80	slow	80
ENSG00000122025_FLT3	ENSG00000122025	FLT3	2982	44.79	1527	965	32.36	GC2	70	fast	90
ENSG00000122033_MTIF3	ENSG00000122033	MTIF3	840	47.66	625	458	54.52	GC2	70	fast	90
ENSG00000122034_GTF3A	ENSG00000122034	GTF3A	1092	52.19	661	414	37.91	GC2		fast	90
ENSG00000122035_RASL11A	ENSG00000122035	RASL11A	729	59.38	361	191	26.20			slow	70
ENSG00000122121_XPNPEP2	ENSG00000122121	XPNPEP2	2025	55.32	1099	658	32.49	GC1	70	fast	90
ENSG00000122122_SASH3	ENSG00000122122	SASH3	1143	59.65	420	222	19.42	GC1		slow	80
ENSG00000122126_OCRL	ENSG00000122126	OCRL	2706	45.77	1051	524	19.36	GC2	80	slow	90
ENSG00000122180_MYOG	ENSG00000122180	MYOG	675	64.15	248	142	21.04			slow	90
ENSG00000122188_LAX1	ENSG00000122188	LAX1	1197	52.97	977	650	54.30	GC2	70	fast	90
ENSG00000122203_KIAA1191	ENSG00000122203	KIAA1191	918	56.18	379	208	22.66	GC2	80	slow	80
ENSG00000122218_COPA	ENSG00000122218	COPA	3702	50.11	1161	705	19.04	GC2	90	slow	90
ENSG00000122299_ZC3H7A	ENSG00000122299	ZC3H7A	2916	42.88	1282	761	26.10	GC3	80	slow	90
ENSG00000122335_SERAC1	ENSG00000122335	SERAC1	1965	46.91	957	631	32.11	GC2	70	fast	90
ENSG00000122359_ANXA11	ENSG00000122359	ANXA11	1518	58.55	517	268	17.65	GC1		slow	
ENSG00000122367_LDB3	ENSG00000122367	LDB3	2154	61.81	1112	638	29.62	GC1		fast	90
ENSG00000122375_OPN4	ENSG00000122375	OPN4	1437	62.04	799	463	32.22		80	slow	80
ENSG00000122376_FAM35A	ENSG00000122376	FAM35A	2703	40.84	1773	928	34.33	GC3	80	fast	70
ENSG00000122378_FAM213A	ENSG00000122378	FAM213A	690	52.66	308	187	27.10	GC1		fast	90
ENSG00000122386_ZNF205	ENSG00000122386	ZNF205	1665	65.65	977	533	32.01		70	fast	80
ENSG00000122390_NAA60	ENSG00000122390	NAA60	729	53.40	296	167	22.91	GC1		fast	80
ENSG00000122417_ODF2L	ENSG00000122417	ODF2L	1932	36.11	1186	576	29.81	GC3	80	fast	90
ENSG00000122420_PTGFR	ENSG00000122420	PTGFR	1080	42.67	485	313	28.98	GC3		slow	90
ENSG00000122435_TRMT13	ENSG00000122435	TRMT13	1446	41.38	561	254	17.57	GC3	70	fast	80
ENSG00000122477_LRRC39	ENSG00000122477	LRRC39	993	41.64	528	302	30.41	GC3		fast	90
ENSG00000122481_RWDD3	ENSG00000122481	RWDD3	804	44.73	426	227	28.23	GC2		fast	80
ENSG00000122482_ZNF644	ENSG00000122482	ZNF644	3987	38.30	1564	750	18.81	GC3	80	slow	90
ENSG00000122483_CCDC18	ENSG00000122483	CCDC18	4371	36.21	1923	981	22.44	GC3	80	fast	90
ENSG00000122490_PQLC1	ENSG00000122490	PQLC1	816	61.16	445	228	27.94			slow	70
ENSG00000122507_BBS9	ENSG00000122507	BBS9	2664	43.09	1199	617	23.16	GC3	70	fast	90
ENSG00000122512_PMS2	ENSG00000122512	PMS2	2595	48.74	1524	1110	42.77	GC2	80	fast	90
ENSG00000122545_SEPT7	ENSG00000122545	SEPT7	1257	39.00	262	125	9.94	GC3		slow	90
ENSG00000122547_EEPD1	ENSG00000122547	EEPD1	1710	60.06	765	424	24.80		70	fast	90
ENSG00000122550_KLHL7	ENSG00000122550	KLHL7	1761	43.34	524	278	15.79	GC3	70	slow	90
ENSG00000122557_HERPUD2	ENSG00000122557	HERPUD2	1221	47.51	486	234	19.16	GC3		slow	90
ENSG00000122566_HNRNPA2B1	ENSG00000122566	HNRNPA2B1	1062	44.67	266	147	13.84	GC3		slow	90
ENSG00000122574_WIPF3	ENSG00000122574	WIPF3	1437	62.72	1049	594	41.34	GC2		fast	70
ENSG00000122584_NXPH1	ENSG00000122584	NXPH1	813	44.38	221	129	15.87	GC2		slow	90
ENSG00000122591_FAM126A	ENSG00000122591	FAM126A	1566	42.38	613	352	22.48	GC3		slow	90
ENSG00000122592_HOXA7	ENSG00000122592	HOXA7	693	63.29	191	103	14.86			slow	80
ENSG00000122641_INHBA	ENSG00000122641	INHBA	1281	57.16	576	291	22.72		70	slow	90
ENSG00000122642_FKBP9	ENSG00000122642	FKBP9	1692	52.46	609	336	19.86	GC1	70	fast	80
ENSG00000122643_NT5C3A	ENSG00000122643	NT5C3A	996	39.57	431	234	23.49	GC3		fast	90
ENSG00000122644_ARL4A	ENSG00000122644	ARL4A	603	41.12	153	66	10.95	GC3		slow	80
ENSG00000122678_POLM	ENSG00000122678	POLM	1488	64.92	1012	616	41.40		70	fast	80
ENSG00000122687_FTSJ2	ENSG00000122687	FTSJ2	741	58.38	431	272	36.71	GC1		fast	80
ENSG00000122692_SMU1	ENSG00000122692	SMU1	1542	46.05	464	275	17.83	GC2		slow	90
ENSG00000122705_CLTA	ENSG00000122705	CLTA	747	57.43	204	106	14.19	GC1		slow	80
ENSG00000122707_RECK	ENSG00000122707	RECK	2916	47.62	1220	679	23.29	GC3	70	fast	90
ENSG00000122729_ACO1	ENSG00000122729	ACO1	2670	49.55	1051	640	23.97	GC2	70	slow	90
ENSG00000122733_KIAA1045	ENSG00000122733	KIAA1045	1203	58.46	503	269	22.36	GC1	70	slow	80
ENSG00000122735_DNAI1	ENSG00000122735	DNAI1	2103	52.13	811	471	22.40	GC1		fast	90
ENSG00000122741_DCAF10	ENSG00000122741	DCAF10	1683	50.15	718	321	19.07	GC3		fast	90
ENSG00000122756_CNTFR	ENSG00000122756	CNTFR	1119	61.61	328	184	16.44			fast	80
ENSG00000122778_KIAA1549	ENSG00000122778	KIAA1549	5667	57.00	3440	2145	37.85	GC1	80	fast	80
ENSG00000122786_CALD1	ENSG00000122786	CALD1	2253	51.91	1335	734	32.58	GC2	70	slow	80
ENSG00000122861_PLAU	ENSG00000122861	PLAU	1302	53.24	787	494	37.94	GC1		slow	90
ENSG00000122863_CHST3	ENSG00000122863	CHST3	1431	64.29	561	332	23.20			slow	80
ENSG00000122870_BICC1	ENSG00000122870	BICC1	2745	47.81	1131	562	20.47	GC3	70	slow	90
ENSG00000122877_EGR2	ENSG00000122877	EGR2	1422	61.29	549	316	22.22	GC1	70	slow	90
ENSG00000122882_ECD	ENSG00000122882	ECD	1932	45.10	1016	526	27.23	GC3	70	fast	90
ENSG00000122884_P4HA1	ENSG00000122884	P4HA1	1605	42.55	597	292	18.19	GC3		slow	90
ENSG00000122912_SLC25A16	ENSG00000122912	SLC25A16	999	44.79	353	167	16.72	GC3		slow	90
ENSG00000122952_ZWINT	ENSG00000122952	ZWINT	834	57.26	590	395	47.36	GC1	70	fast	80
ENSG00000122966_CIT	ENSG00000122966	CIT	6210	53.35	2058	1147	18.47	GC1	80	fast	90
ENSG00000122970_IFT81	ENSG00000122970	IFT81	2031	39.48	759	428	21.07	GC3	70	slow	90
ENSG00000122971_ACADS	ENSG00000122971	ACADS	1239	61.79	554	289	23.33			slow	80
ENSG00000122986_HVCN1	ENSG00000122986	HVCN1	816	53.24	424	259	31.74	GC1		slow	80
ENSG00000123064_DDX54	ENSG00000123064	DDX54	2634	64.74	1328	663	25.17			fast	80
ENSG00000123066_MED13L	ENSG00000123066	MED13L	6564	51.34	2090	1201	18.30	GC2	80	slow	90
ENSG00000123094_RASSF8	ENSG00000123094	RASSF8	1260	43.15	378	196	15.56	GC3	70	slow	80
ENSG00000123095_BHLHE41	ENSG00000123095	BHLHE41	1230	58.90	629	196	15.93	GC1		fast	70
ENSG00000123104_ITPR2	ENSG00000123104	ITPR2	8106	44.82	2956	1746	21.54	GC2	80	slow	80
ENSG00000123106_CCDC91	ENSG00000123106	CCDC91	1329	39.33	493	207	15.58	GC3	70	slow	70
ENSG00000123119_NECAB1	ENSG00000123119	NECAB1	1059	44.79	425	217	20.49	GC2		fast	80
ENSG00000123124_WWP1	ENSG00000123124	WWP1	2769	43.10	1122	634	22.90	GC3	70	fast	90
ENSG00000123131_PRDX4	ENSG00000123131	PRDX4	819	49.36	352	205	25.03	GC2		slow	90
ENSG00000123154_WDR83	ENSG00000123154	WDR83	948	62.47	424	226	23.84			slow	90
ENSG00000123171_CCDC70	ENSG00000123171	CCDC70	702	51.40	366	217	30.91	GC1	70	fast	70
ENSG00000123179_EBPL	ENSG00000123179	EBPL	621	51.61	349	190	30.60	GC1		fast	80
ENSG00000123191_ATP7B	ENSG00000123191	ATP7B	4392	56.69	2384	1507	34.31	GC1	80	fast	90
ENSG00000123200_ZC3H13	ENSG00000123200	ZC3H13	4995	46.70	2150	1320	26.43	GC3	80	fast	90
ENSG00000123213_NLN	ENSG00000123213	NLN	2115	43.86	810	451	21.32	GC3		fast	90
ENSG00000123219_CENPK	ENSG00000123219	CENPK	810	35.27	443	221	27.28	GC3		slow	90
ENSG00000123240_OPTN	ENSG00000123240	OPTN	1731	47.95	997	635	36.68	GC2	80	fast	90
ENSG00000123243_ITIH5	ENSG00000123243	ITIH5	2829	56.37	1568	990	34.99	GC1	90	fast	80
ENSG00000123268_ATF1	ENSG00000123268	ATF1	813	45.14	295	150	18.45	GC3		slow	80
ENSG00000123297_TSFM	ENSG00000123297	TSFM	978	55.53	485	268	27.40	GC1		fast	90
ENSG00000123307_NEUROD4	ENSG00000123307	NEUROD4	996	49.74	391	206	20.68	GC2	70	slow	80
ENSG00000123338_NCKAP1L	ENSG00000123338	NCKAP1L	3384	49.96	1338	703	20.77	GC1	90	fast	90
ENSG00000123342_MMP19	ENSG00000123342	MMP19	1527	56.04	795	493	32.29	GC1		fast	90
ENSG00000123352_SPATS2	ENSG00000123352	SPATS2	1641	47.41	787	333	20.29	GC3	70	slow	70
ENSG00000123358_NR4A1	ENSG00000123358	NR4A1	1839	64.05	805	417	22.68		70	slow	80
ENSG00000123360_PDE1B	ENSG00000123360	PDE1B	1608	55.70	530	274	17.04			slow	80
ENSG00000123364_HOXC13	ENSG00000123364	HOXC13	990	67.05	222	72	7.27			slow	
ENSG00000123374_CDK2	ENSG00000123374	CDK2	897	50.79	250	120	13.38	GC2		slow	80
ENSG00000123384_LRP1	ENSG00000123384	LRP1	13635	60.55	4111	2268	16.63		90	slow	70
ENSG00000123388_HOXC11	ENSG00000123388	HOXC11	915	62.77	201	72	7.87			slow	
ENSG00000123405_NFE2	ENSG00000123405	NFE2	1122	60.04	515	312	27.81	GC1	70	slow	90
ENSG00000123411_IKZF4	ENSG00000123411	IKZF4	1758	59.88	511	262	14.90	GC1	70	slow	80
ENSG00000123427_METTL21B	ENSG00000123427	METTL21B	681	59.88	270	139	20.41	GC1		slow	80
ENSG00000123444_KBTBD4	ENSG00000123444	KBTBD4	1605	52.68	526	287	17.88	GC1		slow	90
ENSG00000123453_SARDH	ENSG00000123453	SARDH	2757	64.79	1233	636	23.07		80	slow	
ENSG00000123454_DBH	ENSG00000123454	DBH	1854	62.55	928	529	28.53			slow	70
ENSG00000123472_ATPAF1	ENSG00000123472	ATPAF1	978	50.85	444	191	19.53	GC2		fast	90
ENSG00000123473_STIL	ENSG00000123473	STIL	3867	41.84	2208	1184	30.62	GC3	90	fast	90
ENSG00000123485_HJURP	ENSG00000123485	HJURP	2217	55.03	1878	1342	60.53	GC2	70	fast	70
ENSG00000123496_IL13RA2	ENSG00000123496	IL13RA2	1140	36.82	746	456	40.00	GC3		fast	90
ENSG00000123500_COL10A1	ENSG00000123500	COL10A1	2043	57.93	957	576	28.19	GC3	90	fast	90
ENSG00000123552_USP45	ENSG00000123552	USP45	2457	41.56	1361	744	30.28	GC3	80	fast	90
ENSG00000123560_PLP1	ENSG00000123560	PLP1	834	51.75	155	68	8.15	GC2		slow	90
ENSG00000123561_SERPINA7	ENSG00000123561	SERPINA7	1257	45.53	669	371	29.51	GC2	80	slow	90
ENSG00000123562_MORF4L2	ENSG00000123562	MORF4L2	867	47.59	291	183	21.11	GC3		slow	90
ENSG00000123570_RAB9B	ENSG00000123570	RAB9B	606	47.12	151	77	12.71	GC2		slow	90
ENSG00000123575_FAM199X	ENSG00000123575	FAM199X	1167	49.02	221	80	6.86	GC2		slow	70
ENSG00000123595_RAB9A	ENSG00000123595	RAB9A	606	45.81	177	108	17.82	GC3		slow	80
ENSG00000123600_METTL8	ENSG00000123600	METTL8	1194	41.58	664	348	29.15	GC3	80	slow	90
ENSG00000123607_TTC21B	ENSG00000123607	TTC21B	3951	40.44	1799	950	24.04	GC3	80	fast	90
ENSG00000123609_NMI	ENSG00000123609	NMI	924	40.68	615	403	43.61	GC3	70	fast	90
ENSG00000123610_TNFAIP6	ENSG00000123610	TNFAIP6	834	44.27	328	173	20.74	GC3		slow	90
ENSG00000123612_ACVR1C	ENSG00000123612	ACVR1C	1482	45.42	632	365	24.63	GC3		fast	90
ENSG00000123636_BAZ2B	ENSG00000123636	BAZ2B	6516	41.86	1945	889	13.64	GC3	80	slow	90
ENSG00000123643_SLC36A1	ENSG00000123643	SLC36A1	1431	55.33	648	374	26.14		80	fast	90
ENSG00000123684_LPGAT1	ENSG00000123684	LPGAT1	1113	44.63	502	300	26.95	GC2		fast	90
ENSG00000123700_KCNJ2	ENSG00000123700	KCNJ2	1284	51.22	392	297	23.13	GC1	70	slow	90
ENSG00000123737_EXOSC9	ENSG00000123737	EXOSC9	1323	43.39	528	266	20.11	GC3	70	slow	90
ENSG00000123815_ADCK4	ENSG00000123815	ADCK4	1623	62.60	768	409	25.20			slow	70
ENSG00000123892_RAB38	ENSG00000123892	RAB38	636	51.94	199	107	16.82	GC1		slow	90
ENSG00000123901_GPR83	ENSG00000123901	GPR83	1269	56.72	508	259	20.41		70	slow	80
ENSG00000123908_AGO2	ENSG00000123908	AGO2	2562	56.45	704	426	16.63	GC1	70	fast	80
ENSG00000123977_DAW1	ENSG00000123977	DAW1	1248	44.77	648	373	29.89	GC3	70	slow	90
ENSG00000123983_ACSL3	ENSG00000123983	ACSL3	2163	42.73	873	544	25.15	GC3	70	fast	90
ENSG00000123992_DNPEP	ENSG00000123992	DNPEP	1422	60.35	571	290	20.39			fast	90
ENSG00000123999_INHA	ENSG00000123999	INHA	1104	65.64	650	381	34.51	GC1	70	fast	80
ENSG00000124003_MOGAT1	ENSG00000124003	MOGAT1	1008	47.89	606	334	33.13	GC2		fast	80
ENSG00000124019_FAM124B	ENSG00000124019	FAM124B	1362	55.31	866	500	36.71	GC1	80	fast	80
ENSG00000124067_SLC12A4	ENSG00000124067	SLC12A4	3258	58.22	1090	618	18.97		70	fast	90
ENSG00000124074_ENKD1	ENSG00000124074	ENKD1	1041	64.02	526	282	27.09	GC1	70	slow	80
ENSG00000124092_CTCFL	ENSG00000124092	CTCFL	1974	55.11	1430	980	49.65	GC1	70	fast	80
ENSG00000124104_SNX21	ENSG00000124104	SNX21	1119	66.98	485	214	19.12			slow	70
ENSG00000124120_TTPAL	ENSG00000124120	TTPAL	1029	54.27	420	243	23.62	GC1		slow	90
ENSG00000124140_SLC12A5	ENSG00000124140	SLC12A5	3351	57.81	1180	539	16.08		70	slow	80
ENSG00000124151_NCOA3	ENSG00000124151	NCOA3	4239	49.22	1963	1161	27.39	GC2	80	slow	90
ENSG00000124155_PIGT	ENSG00000124155	PIGT	1737	60.41	753	428	24.64		80	slow	90
ENSG00000124159_MATN4	ENSG00000124159	MATN4	1875	64.44	810	439	23.41		70	slow	80
ENSG00000124160_NCOA5	ENSG00000124160	NCOA5	1740	55.41	635	343	19.71	GC2	70	slow	90
ENSG00000124164_VAPB	ENSG00000124164	VAPB	732	49.10	285	171	23.36	GC2		slow	90
ENSG00000124171_PARD6B	ENSG00000124171	PARD6B	1119	47.48	532	309	27.61	GC2		slow	80
ENSG00000124177_CHD6	ENSG00000124177	CHD6	8160	52.16	3566	2190	26.84	GC2	90	fast	90
ENSG00000124181_PLCG1	ENSG00000124181	PLCG1	3876	57.87	1249	707	18.24		70	slow	90
ENSG00000124191_TOX2	ENSG00000124191	TOX2	1545	63.02	651	336	21.75			fast	90
ENSG00000124193_SRSF6	ENSG00000124193	SRSF6	1038	49.74	449	258	24.86	GC3		fast	90
ENSG00000124194_GDAP1L1	ENSG00000124194	GDAP1L1	1104	60.36	310	142	12.86			slow	70
ENSG00000124198_ARFGEF2	ENSG00000124198	ARFGEF2	5358	49.56	1792	1107	20.66	GC2	90	slow	90
ENSG00000124201_ZNFX1	ENSG00000124201	ZNFX1	5754	52.20	2795	1665	28.94	GC1	90	slow	90
ENSG00000124203_ZNF831	ENSG00000124203	ZNF831	5025	63.48	3840	2576	51.26	GC1	90	fast	70
ENSG00000124205_EDN3	ENSG00000124205	EDN3	636	62.88	474	323	50.79	GC1		fast	
ENSG00000124207_CSE1L	ENSG00000124207	CSE1L	2916	40.00	903	499	17.11	GC3	70	slow	90
ENSG00000124212_PTGIS	ENSG00000124212	PTGIS	1431	59.16	679	368	25.72			fast	90
ENSG00000124214_STAU1	ENSG00000124214	STAU1	1734	49.60	572	293	16.90	GC2	70	slow	90
ENSG00000124217_MOCS3	ENSG00000124217	MOCS3	1377	63.40	689	403	29.27		70	fast	80
ENSG00000124225_PMEPA1	ENSG00000124225	PMEPA1	765	66.61	353	166	21.70			slow	80
ENSG00000124226_RNF114	ENSG00000124226	RNF114	687	55.80	252	144	20.96	GC1		slow	90
ENSG00000124227_ANKRD60	ENSG00000124227	ANKRD60	774	56.06	475	298	38.50	GC1	70	fast	70
ENSG00000124228_DDX27	ENSG00000124228	DDX27	2340	54.15	970	531	22.69	GC1		fast	90
ENSG00000124232_RBPJL	ENSG00000124232	RBPJL	1554	63.79	712	352	22.65		70	fast	90
ENSG00000124251_TP53TG5	ENSG00000124251	TP53TG5	873	53.78	685	438	50.17	GC1	70	fast	80
ENSG00000124253_PCK1	ENSG00000124253	PCK1	1869	58.80	849	548	29.32		80	fast	90
ENSG00000124256_ZBP1	ENSG00000124256	ZBP1	1227	57.78	1009	760	61.94	GC1	70	fast	70
ENSG00000124257_NEURL2	ENSG00000124257	NEURL2	858	67.04	371	204	23.78			slow	90
ENSG00000124275_MTRR	ENSG00000124275	MTRR	2109	51.67	1281	876	41.54	GC2	70	fast	80
ENSG00000124279_FASTKD3	ENSG00000124279	FASTKD3	1983	45.14	1396	939	47.35	GC3		fast	90
ENSG00000124299_PEPD	ENSG00000124299	PEPD	1482	60.91	590	330	22.27			fast	80
ENSG00000124302_CHST8	ENSG00000124302	CHST8	1275	65.14	638	357	28.00		70	slow	80
ENSG00000124313_IQSEC2	ENSG00000124313	IQSEC2	4455	61.66	1380	570	12.79	GC1	80	slow	70
ENSG00000124333_VAMP7	ENSG00000124333	VAMP7	663	41.38	321	218	32.88	GC3		fast	90
ENSG00000124334_IL9R	ENSG00000124334	IL9R	1404	63.65	995	549	39.10			fast	
ENSG00000124356_STAMBP	ENSG00000124356	STAMBP	1275	49.61	661	314	24.63	GC2		fast	90
ENSG00000124357_NAGK	ENSG00000124357	NAGK	1035	56.98	456	239	23.09	GC1		fast	90
ENSG00000124383_MPHOSPH10	ENSG00000124383	MPHOSPH10	2037	41.49	1037	574	28.18	GC3	80	fast	80
ENSG00000124422_USP22	ENSG00000124422	USP22	1545	55.09	525	337	21.81		70	fast	90
ENSG00000124429_POF1B	ENSG00000124429	POF1B	1770	41.58	945	460	25.99	GC3	70	slow	90
ENSG00000124449_IRGC	ENSG00000124449	IRGC	1395	68.14	649	375	26.88		70	slow	70
ENSG00000124459_ZNF45	ENSG00000124459	ZNF45	2064	47.23	912	506	24.52	GC3	90	slow	
ENSG00000124466_LYPD3	ENSG00000124466	LYPD3	1047	62.46	670	356	34.00	GC1		fast	80
ENSG00000124490_CRISP2	ENSG00000124490	CRISP2	735	43.34	389	253	34.42	GC3		slow	80
ENSG00000124491_F13A1	ENSG00000124491	F13A1	2199	50.15	1061	650	29.56	GC2	80	fast	90
ENSG00000124493_GRM4	ENSG00000124493	GRM4	2739	62.20	948	416	15.19			fast	80
ENSG00000124507_PACSIN1	ENSG00000124507	PACSIN1	1335	59.96	471	216	16.18			fast	80
ENSG00000124523_SIRT5	ENSG00000124523	SIRT5	933	54.70	475	270	28.94	GC2		fast	90
ENSG00000124532_MRS2	ENSG00000124532	MRS2	1332	47.85	695	430	32.28	GC2		slow	80
ENSG00000124535_WRNIP1	ENSG00000124535	WRNIP1	1983	59.12	1091	511	25.77	GC1	80	fast	80
ENSG00000124557_BTN1A1	ENSG00000124557	BTN1A1	1581	55.60	1079	638	40.35	GC1	70	fast	90
ENSG00000124571_XPO5	ENSG00000124571	XPO5	3615	48.48	1486	799	22.10	GC2	80	slow	90
ENSG00000124587_PEX6	ENSG00000124587	PEX6	2943	64.12	1493	760	25.82	GC1	80	fast	90
ENSG00000124588_NQO2	ENSG00000124588	NQO2	696	52.77	427	253	36.35	GC1		fast	80
ENSG00000124602_UNC5CL	ENSG00000124602	UNC5CL	1557	62.10	803	373	23.96		70	fast	70
ENSG00000124608_AARS2	ENSG00000124608	AARS2	2958	63.60	1507	815	27.55	GC1	90	slow	90
ENSG00000124615_MOCS1	ENSG00000124615	MOCS1	1911	60.37	863	465	24.33		80	fast	80
ENSG00000124664_SPDEF	ENSG00000124664	SPDEF	1008	64.54	409	221	21.92			slow	90
ENSG00000124678_TCP11	ENSG00000124678	TCP11	1512	53.57	966	577	38.16	GC1		fast	80
ENSG00000124688_MAD2L1BP	ENSG00000124688	MAD2L1BP	825	56.47	445	261	31.64	GC1	80	fast	80
ENSG00000124701_APOBEC2	ENSG00000124701	APOBEC2	675	57.99	260	161	23.85			slow	80
ENSG00000124702_KLHDC3	ENSG00000124702	KLHDC3	1149	54.71	418	255	22.19	GC1		slow	80
ENSG00000124713_GNMT	ENSG00000124713	GNMT	888	59.62	356	174	19.59			slow	90
ENSG00000124721_DNAH8	ENSG00000124721	DNAH8	14100	41.82	5672	3441	24.40	GC3	90	slow	90
ENSG00000124731_TREM1	ENSG00000124731	TREM1	705	52.92	570	380	53.90	GC1		fast	
ENSG00000124743_KLHL31	ENSG00000124743	KLHL31	1905	52.86	711	384	20.16	GC1		slow	90
ENSG00000124772_CPNE5	ENSG00000124772	CPNE5	1782	57.74	542	284	15.94			fast	80
ENSG00000124782_RREB1	ENSG00000124782	RREB1	5229	63.71	3048	1833	35.05		80	fast	90
ENSG00000124783_SSR1	ENSG00000124783	SSR1	861	46.77	333	206	23.93	GC3		fast	80
ENSG00000124784_RIOK1	ENSG00000124784	RIOK1	1707	44.87	831	527	30.87	GC2	70	fast	90
ENSG00000124786_SLC35B3	ENSG00000124786	SLC35B3	1203	39.46	462	261	21.70	GC3		slow	90
ENSG00000124787_RPP40	ENSG00000124787	RPP40	1092	45.52	546	321	29.40	GC2		fast	90
ENSG00000124788_ATXN1	ENSG00000124788	ATXN1	2379	64.35	980	600	25.22		80	slow	80
ENSG00000124789_NUP153	ENSG00000124789	NUP153	4431	46.29	2281	1267	28.59	GC3	90	fast	90
ENSG00000124795_DEK	ENSG00000124795	DEK	1128	39.63	438	232	20.57	GC3		slow	80
ENSG00000124812_CRISP1	ENSG00000124812	CRISP1	750	40.60	481	242	32.27	GC3	70	fast	
ENSG00000124813_RUNX2	ENSG00000124813	RUNX2	1560	55.96	766	286	18.33	GC2		slow	70
ENSG00000124818_OPN5	ENSG00000124818	OPN5	1065	49.65	347	193	18.12	GC2		slow	90
ENSG00000124827_GCM2	ENSG00000124827	GCM2	1521	53.75	963	583	38.33	GC2	80	fast	90
ENSG00000124831_LRRFIP1	ENSG00000124831	LRRFIP1	1923	53.07	1447	924	48.05	GC2		fast	70
ENSG00000124920_MYRF	ENSG00000124920	MYRF	3456	63.76	1453	669	19.36			fast	80
ENSG00000125037_EMC3	ENSG00000125037	EMC3	786	48.39	262	141	17.94	GC2		slow	80
ENSG00000125084_WNT1	ENSG00000125084	WNT1	1113	66.99	295	153	13.75			slow	80
ENSG00000125107_CNOT1	ENSG00000125107	CNOT1	7131	45.47	1800	905	12.69	GC3	80	slow	90
ENSG00000125124_BBS2	ENSG00000125124	BBS2	2166	48.43	925	527	24.33	GC2	70	fast	90
ENSG00000125149_C16orf70	ENSG00000125149	C16orf70	1269	47.74	330	188	14.81	GC2		slow	90
ENSG00000125170_DOK4	ENSG00000125170	DOK4	981	59.64	278	135	13.76			slow	80
ENSG00000125207_PIWIL1	ENSG00000125207	PIWIL1	2586	46.39	942	694	26.84	GC3	70	slow	90
ENSG00000125246_CLYBL	ENSG00000125246	CLYBL	1020	48.32	493	301	29.51	GC2		fast	90
ENSG00000125247_TMTC4	ENSG00000125247	TMTC4	2226	51.05	928	580	26.06	GC1		fast	90
ENSG00000125255_SLC10A2	ENSG00000125255	SLC10A2	1047	48.63	632	406	38.78	GC2	70	fast	90
ENSG00000125266_EFNB2	ENSG00000125266	EFNB2	1002	49.42	279	168	16.77	GC2		slow	90
ENSG00000125304_TM9SF2	ENSG00000125304	TM9SF2	1992	42.75	638	377	18.93	GC3	70	slow	90
ENSG00000125319_C17orf53	ENSG00000125319	C17orf53	1965	58.19	1388	854	43.46	GC2	80	fast	90
ENSG00000125347_IRF1	ENSG00000125347	IRF1	981	54.72	409	238	24.26	GC1	70	slow	90
ENSG00000125351_UPF3B	ENSG00000125351	UPF3B	1452	42.76	497	253	17.42	GC3		slow	80
ENSG00000125354_SEPT6	ENSG00000125354	SEPT6	1284	52.46	394	229	17.83	GC1		fast	90
ENSG00000125355_TMEM255A	ENSG00000125355	TMEM255A	1050	52.80	373	171	16.29	GC2		fast	90
ENSG00000125375_ATP5S	ENSG00000125375	ATP5S	603	45.23	346	225	37.31	GC2		fast	80
ENSG00000125378_BMP4	ENSG00000125378	BMP4	1230	57.41	370	171	13.90	GC1		slow	90
ENSG00000125384_PTGER2	ENSG00000125384	PTGER2	1077	58.83	599	362	33.61			slow	80
ENSG00000125386_FAM193A	ENSG00000125386	FAM193A	3660	57.34	1846	1205	32.92	GC1	80	fast	90
ENSG00000125388_GRK4	ENSG00000125388	GRK4	1725	47.72	1060	707	40.99	GC2	70	fast	80
ENSG00000125409_TEKT3	ENSG00000125409	TEKT3	1473	49.68	710	406	27.56	GC2		fast	90
ENSG00000125434_SLC25A35	ENSG00000125434	SLC25A35	903	59.29	484	290	32.12	GC1		slow	90
ENSG00000125445_MRPS7	ENSG00000125445	MRPS7	729	56.30	364	205	28.12	GC1		slow	90
ENSG00000125447_GGA3	ENSG00000125447	GGA3	2187	58.01	1041	646	29.54	GC1	80	fast	90
ENSG00000125450_NUP85	ENSG00000125450	NUP85	1971	52.77	883	517	26.23	GC1		fast	90
ENSG00000125454_SLC25A19	ENSG00000125454	SLC25A19	960	57.50	465	274	28.54	GC1	70	fast	90
ENSG00000125458_NT5C	ENSG00000125458	NT5C	606	62.03	357	151	24.92			fast	80
ENSG00000125459_MSTO1	ENSG00000125459	MSTO1	1716	59.09	806	406	23.66	GC1	80	slow	
ENSG00000125482_TTF1	ENSG00000125482	TTF1	2325	46.02	1641	1101	47.35	GC2	80	fast	80
ENSG00000125484_GTF3C4	ENSG00000125484	GTF3C4	2457	52.44	1002	585	23.81	GC1	80	slow	80
ENSG00000125492_BARHL1	ENSG00000125492	BARHL1	984	65.64	294	131	13.31			slow	70
ENSG00000125503_PPP1R12C	ENSG00000125503	PPP1R12C	2256	66.54	1474	665	29.48		70	fast	80
ENSG00000125508_SRMS	ENSG00000125508	SRMS	1476	65.71	692	391	26.49		70	fast	
ENSG00000125510_OPRL1	ENSG00000125510	OPRL1	1113	61.61	420	215	19.32		70	fast	70
ENSG00000125618_PAX8	ENSG00000125618	PAX8	1374	61.47	378	204	14.85		70	fast	80
ENSG00000125629_INSIG2	ENSG00000125629	INSIG2	678	43.52	242	131	19.32	GC3		slow	80
ENSG00000125630_POLR1B	ENSG00000125630	POLR1B	3408	49.08	1484	935	27.44	GC2	70	fast	90
ENSG00000125637_PSD4	ENSG00000125637	PSD4	3051	62.24	1932	1171	38.38	GC1	80	fast	70
ENSG00000125648_SLC25A23	ENSG00000125648	SLC25A23	1404	61.43	661	350	24.93			fast	90
ENSG00000125651_GTF2F1	ENSG00000125651	GTF2F1	1554	60.60	559	318	20.46			fast	70
ENSG00000125652_ALKBH7	ENSG00000125652	ALKBH7	666	66.64	330	191	28.68			slow	80
ENSG00000125656_CLPP	ENSG00000125656	CLPP	822	63.71	464	210	25.55			fast	90
ENSG00000125675_GRIA3	ENSG00000125675	GRIA3	2685	46.23	580	309	11.51	GC2		slow	90
ENSG00000125686_MED1	ENSG00000125686	MED1	4749	46.76	1206	520	10.95	GC3	70	slow	90
ENSG00000125703_ATG4C	ENSG00000125703	ATG4C	1377	37.95	565	253	18.37	GC3	70	slow	90
ENSG00000125733_TRIP10	ENSG00000125733	TRIP10	1806	58.90	708	395	21.87	GC1	70	fast	70
ENSG00000125740_FOSB	ENSG00000125740	FOSB	1017	64.14	255	130	12.78	GC1		slow	80
ENSG00000125744_RTN2	ENSG00000125744	RTN2	1620	61.40	884	492	30.37	GC1	70	slow	80
ENSG00000125746_EML2	ENSG00000125746	EML2	2301	61.50	770	387	16.82			fast	80
ENSG00000125755_SYMPK	ENSG00000125755	SYMPK	3819	60.43	1518	737	19.30		70	fast	90
ENSG00000125772_GPCPD1	ENSG00000125772	GPCPD1	2019	40.58	693	364	18.03	GC3	70	slow	90
ENSG00000125775_SDCBP2	ENSG00000125775	SDCBP2	879	59.76	543	290	32.99			slow	90
ENSG00000125779_PANK2	ENSG00000125779	PANK2	1680	52.97	725	332	19.76	GC2		slow	80
ENSG00000125780_TGM3	ENSG00000125780	TGM3	2085	54.34	1138	725	34.77	GC1	80	fast	80
ENSG00000125810_CD93	ENSG00000125810	CD93	1947	62.58	1361	990	50.85		80	fast	90
ENSG00000125812_GZF1	ENSG00000125812	GZF1	2133	52.22	1134	719	33.71	GC2	80	fast	80
ENSG00000125814_NAPB	ENSG00000125814	NAPB	897	46.52	272	167	18.62	GC2		slow	90
ENSG00000125818_PSMF1	ENSG00000125818	PSMF1	816	57.66	347	183	22.43	GC1		fast	90
ENSG00000125820_NKX2-2	ENSG00000125820	NKX2-2	822	66.67	257	102	12.41			slow	70
ENSG00000125821_DTD1	ENSG00000125821	DTD1	630	53.83	266	162	25.71	GC1		fast	90
ENSG00000125826_RBCK1	ENSG00000125826	RBCK1	1533	63.53	683	349	22.77			slow	90
ENSG00000125827_TMX4	ENSG00000125827	TMX4	1050	52.03	577	320	30.48	GC2		fast	90
ENSG00000125834_STK35	ENSG00000125834	STK35	1209	58.86	311	130	10.75	GC1		slow	90
ENSG00000125843_AP5S1	ENSG00000125843	AP5S1	603	62.73	364	219	36.32	GC1		fast	90
ENSG00000125844_RRBP1	ENSG00000125844	RRBP1	4164	58.34	2333	1417	34.03	GC1	90	fast	90
ENSG00000125845_BMP2	ENSG00000125845	BMP2	1188	54.87	473	265	22.31	GC1	70	slow	90
ENSG00000125848_FLRT3	ENSG00000125848	FLRT3	1950	44.16	674	368	18.87	GC3	70	slow	80
ENSG00000125850_OVOL2	ENSG00000125850	OVOL2	828	61.54	470	241	29.11			fast	90
ENSG00000125851_PCSK2	ENSG00000125851	PCSK2	1917	55.91	740	424	22.12	GC1	70	fast	90
ENSG00000125861_GFRA4	ENSG00000125861	GFRA4	810	70.66	556	298	36.79		70	fast	
ENSG00000125863_MKKS	ENSG00000125863	MKKS	1713	45.55	1043	667	38.94	GC3	90	slow	90
ENSG00000125864_BFSP1	ENSG00000125864	BFSP1	1995	57.90	1511	867	43.46	GC1	80	fast	90
ENSG00000125869_LAMP5	ENSG00000125869	LAMP5	843	52.03	338	187	22.18	GC1		slow	90
ENSG00000125870_SNRPB2	ENSG00000125870	SNRPB2	678	39.09	210	114	16.81	GC3		slow	80
ENSG00000125871_MGME1	ENSG00000125871	MGME1	1032	45.38	642	387	37.50	GC3	70	fast	90
ENSG00000125872_LRRN4	ENSG00000125872	LRRN4	2232	66.37	1595	1019	45.65		80	fast	80
ENSG00000125875_TBC1D20	ENSG00000125875	TBC1D20	1212	55.48	503	260	21.45	GC1		slow	90
ENSG00000125885_MCM8	ENSG00000125885	MCM8	2502	42.23	1138	591	23.62	GC3	70	slow	90
ENSG00000125895_TMEM74B	ENSG00000125895	TMEM74B	771	62.71	385	204	26.46	GC1		slow	80
ENSG00000125898_FAM110A	ENSG00000125898	FAM110A	888	67.46	454	264	29.73	GC1		slow	80
ENSG00000125901_MRPS26	ENSG00000125901	MRPS26	618	67.35	342	180	29.13			slow	70
ENSG00000125910_S1PR4	ENSG00000125910	S1PR4	1158	68.94	560	324	27.98		70	fast	70
ENSG00000125944_HNRNPR	ENSG00000125944	HNRNPR	1911	46.21	310	129	6.75	GC3		slow	80
ENSG00000125945_ZNF436	ENSG00000125945	ZNF436	1413	47.32	426	250	17.69	GC3	70	slow	90
ENSG00000125966_MMP24	ENSG00000125966	MMP24	1695	57.55	477	249	14.69	GC1	70	slow	80
ENSG00000125967_NECAB3	ENSG00000125967	NECAB3	1113	61.23	556	277	24.89	GC1		slow	70
ENSG00000125970_RALY	ENSG00000125970	RALY	915	57.21	347	170	18.58	GC1		slow	80
ENSG00000125977_EIF2S2	ENSG00000125977	EIF2S2	1002	40.06	229	117	11.68	GC3		slow	80
ENSG00000125991_ERGIC3	ENSG00000125991	ERGIC3	1164	54.64	453	205	17.61	GC1		fast	80
ENSG00000125998_FAM83C	ENSG00000125998	FAM83C	2247	62.98	1333	720	32.04	GC1	90	slow	80
ENSG00000126001_CEP250	ENSG00000126001	CEP250	7332	58.43	4011	2179	29.72	GC1	90	fast	80
ENSG00000126003_PLAGL2	ENSG00000126003	PLAGL2	1491	58.46	374	183	12.27	GC1		slow	80
ENSG00000126010_GRPR	ENSG00000126010	GRPR	1155	53.35	466	277	23.98		70	slow	90
ENSG00000126012_KDM5C	ENSG00000126012	KDM5C	4683	57.80	1719	817	17.45	GC1	70	slow	90
ENSG00000126016_AMOT	ENSG00000126016	AMOT	3234	54.58	1380	778	24.06	GC2	80	slow	90
ENSG00000126067_PSMB2	ENSG00000126067	PSMB2	606	49.60	248	117	19.31	GC2		fast	90
ENSG00000126088_UROD	ENSG00000126088	UROD	1104	57.47	448	239	21.65	GC1		slow	90
ENSG00000126091_ST3GAL3	ENSG00000126091	ST3GAL3	1125	54.27	357	161	14.31	GC1		fast	80
ENSG00000126106_TMEM53	ENSG00000126106	TMEM53	837	60.64	381	205	24.49			slow	90
ENSG00000126107_HECTD3	ENSG00000126107	HECTD3	2586	59.44	925	473	18.29		70	fast	80
ENSG00000126215_XRCC3	ENSG00000126215	XRCC3	1041	65.91	663	420	40.35		70	fast	70
ENSG00000126243_LRFN3	ENSG00000126243	LRFN3	1881	68.75	603	355	18.87			slow	70
ENSG00000126246_IGFLR1	ENSG00000126246	IGFLR1	1050	62.90	764	476	45.33	GC1		fast	
ENSG00000126247_CAPNS1	ENSG00000126247	CAPNS1	798	56.85	387	199	24.94	GC1		fast	90
ENSG00000126259_KIRREL2	ENSG00000126259	KIRREL2	2127	62.95	1142	587	27.60	GC1	80	fast	80
ENSG00000126261_UBA2	ENSG00000126261	UBA2	1923	43.93	649	302	15.70	GC3	70	slow	80
ENSG00000126262_FFAR2	ENSG00000126262	FFAR2	993	59.44	536	343	34.54			slow	70
ENSG00000126337_KRT36	ENSG00000126337	KRT36	1404	60.54	688	387	27.56			slow	90
ENSG00000126351_THRA	ENSG00000126351	THRA	1473	58.41	218	104	7.06	GC1		slow	70
ENSG00000126353_CCR7	ENSG00000126353	CCR7	1137	57.65	413	235	20.67			slow	70
ENSG00000126368_NR1D1	ENSG00000126368	NR1D1	1842	59.79	577	313	16.99		70	slow	80
ENSG00000126453_BCL2L12	ENSG00000126453	BCL2L12	951	66.18	501	283	29.76	GC1		fast	70
ENSG00000126456_IRF3	ENSG00000126456	IRF3	1284	61.14	879	517	40.26			fast	80
ENSG00000126457_PRMT1	ENSG00000126457	PRMT1	1116	56.49	238	124	11.11			slow	70
ENSG00000126460_PRRG2	ENSG00000126460	PRRG2	603	62.03	381	238	39.47	GC1		slow	80
ENSG00000126464_PRR12	ENSG00000126464	PRR12	3678	66.48	1715	973	26.45		70	slow	
ENSG00000126467_TSKS	ENSG00000126467	TSKS	1734	63.75	813	415	23.93		70	fast	90
ENSG00000126524_SBDS	ENSG00000126524	SBDS	753	44.80	246	140	18.59	GC2		slow	80
ENSG00000126561_STAT5A	ENSG00000126561	STAT5A	2385	59.03	758	403	16.90		70	slow	80
ENSG00000126562_WNK4	ENSG00000126562	WNK4	3729	62.15	1885	904	24.24	GC1	80	fast	80
ENSG00000126581_BECN1	ENSG00000126581	BECN1	1347	49.98	410	192	14.25	GC1		slow	80
ENSG00000126602_TRAP1	ENSG00000126602	TRAP1	2121	58.06	1057	664	31.31		70	slow	90
ENSG00000126603_GLIS2	ENSG00000126603	GLIS2	1575	65.81	623	316	20.06		70	slow	80
ENSG00000126698_DNAJC8	ENSG00000126698	DNAJC8	762	43.96	164	98	12.86	GC3		slow	80
ENSG00000126705_AHDC1	ENSG00000126705	AHDC1	4803	66.96	1513	798	16.61		80	slow	70
ENSG00000126733_DACH2	ENSG00000126733	DACH2	1800	49.39	711	220	12.22	GC2		slow	
ENSG00000126746_ZNF384	ENSG00000126746	ZNF384	1731	57.98	427	238	13.75	GC1		slow	90
ENSG00000126759_CFP	ENSG00000126759	CFP	1407	62.57	873	576	40.94	GC1	80	slow	80
ENSG00000126767_ELK1	ENSG00000126767	ELK1	1320	62.85	618	346	26.21	GC1	70	slow	90
ENSG00000126775_ATG14	ENSG00000126775	ATG14	1479	50.67	677	334	22.58	GC2		fast	90
ENSG00000126777_KTN1	ENSG00000126777	KTN1	4071	38.38	1684	832	20.44	GC3	80	slow	90
ENSG00000126778_SIX1	ENSG00000126778	SIX1	855	61.22	230	125	14.62			slow	90
ENSG00000126785_RHOJ	ENSG00000126785	RHOJ	645	53.09	247	132	20.47	GC1		fast	90
ENSG00000126787_DLGAP5	ENSG00000126787	DLGAP5	2523	39.33	1724	908	35.99	GC3	70	slow	80
ENSG00000126790_L3HYPDH	ENSG00000126790	L3HYPDH	1065	57.95	535	267	25.07	GC1		slow	90
ENSG00000126804_ZBTB1	ENSG00000126804	ZBTB1	2142	40.44	712	412	19.23	GC3	70	slow	90
ENSG00000126814_TRMT5	ENSG00000126814	TRMT5	1533	40.75	758	397	25.90	GC3	70	slow	90
ENSG00000126821_SGPP1	ENSG00000126821	SGPP1	1326	51.73	601	280	21.12	GC2		fast	80
ENSG00000126822_PLEKHG3	ENSG00000126822	PLEKHG3	3669	61.70	1928	1097	29.90		80	fast	80
ENSG00000126858_RHOT1	ENSG00000126858	RHOT1	2076	41.09	561	291	14.02	GC3	70	slow	90
ENSG00000126861_OMG	ENSG00000126861	OMG	1323	41.67	454	182	13.76	GC3	80	slow	80
ENSG00000126870_WDR60	ENSG00000126870	WDR60	3192	50.82	2183	1500	46.99	GC2	90	fast	80
ENSG00000126882_FAM78A	ENSG00000126882	FAM78A	852	61.54	238	118	13.85			slow	80
ENSG00000126883_NUP214	ENSG00000126883	NUP214	6291	54.67	3624	2372	37.70	GC2	80	fast	90
ENSG00000126895_AVPR2	ENSG00000126895	AVPR2	1116	66.50	510	284	25.45			slow	70
ENSG00000126945_HNRNPH2	ENSG00000126945	HNRNPH2	1350	48.38	325	160	11.85	GC3		slow	80
ENSG00000126970_ZC4H2	ENSG00000126970	ZC4H2	675	51.01	241	157	23.26	GC1		slow	90
ENSG00000127022_CANX	ENSG00000127022	CANX	1782	45.10	626	357	20.03	GC3	70	slow	90
ENSG00000127054_CPSF3L	ENSG00000127054	CPSF3L	1803	59.33	656	391	21.69			slow	80
ENSG00000127080_IPPK	ENSG00000127080	IPPK	1476	52.19	764	428	29.00	GC1	70	fast	90
ENSG00000127083_OMD	ENSG00000127083	OMD	1263	36.48	699	440	34.84	GC3	80	slow	90
ENSG00000127084_FGD3	ENSG00000127084	FGD3	2178	60.96	1473	874	40.13		80	fast	80
ENSG00000127124_HIVEP3	ENSG00000127124	HIVEP3	7218	60.90	3590	1946	26.96	GC1	90	fast	90
ENSG00000127125_PPCS	ENSG00000127125	PPCS	936	56.87	424	245	26.18	GC1	70	fast	90
ENSG00000127191_TRAF2	ENSG00000127191	TRAF2	1506	62.43	658	422	28.02		70	slow	
ENSG00000127220_ABHD8	ENSG00000127220	ABHD8	1299	63.55	515	311	23.94			slow	80
ENSG00000127249_ATP13A4	ENSG00000127249	ATP13A4	3591	46.79	1701	936	26.07	GC2	80	slow	90
ENSG00000127311_HELB	ENSG00000127311	HELB	3237	44.37	2119	1451	44.83	GC3	90	fast	90
ENSG00000127324_TSPAN8	ENSG00000127324	TSPAN8	714	40.89	522	384	53.78	GC3		fast	90
ENSG00000127325_BEST3	ENSG00000127325	BEST3	2013	52.51	998	690	34.28	GC1	70	fast	90
ENSG00000127334_DYRK2	ENSG00000127334	DYRK2	1791	55.63	518	331	18.48	GC1	70	slow	90
ENSG00000127337_YEATS4	ENSG00000127337	YEATS4	684	35.84	168	69	10.09	GC3		slow	90
ENSG00000127362_TAS2R3	ENSG00000127362	TAS2R3	951	47.24	707	471	49.53	GC2	80	fast	90
ENSG00000127412_TRPV5	ENSG00000127412	TRPV5	2193	55.61	1098	613	27.95	GC1	80	fast	70
ENSG00000127415_IDUA	ENSG00000127415	IDUA	1932	65.90	1055	575	29.76		70	fast	80
ENSG00000127418_FGFRL1	ENSG00000127418	FGFRL1	1431	66.69	707	316	22.08			fast	70
ENSG00000127423_AUNIP	ENSG00000127423	AUNIP	1074	48.99	838	498	46.37	GC2	80	fast	90
ENSG00000127463_EMC1	ENSG00000127463	EMC1	2982	56.26	1278	709	23.78	GC1	80	fast	90
ENSG00000127481_UBR4	ENSG00000127481	UBR4	15546	53.22	5263	3171	20.40	GC1	80	slow	90
ENSG00000127483_HP1BP3	ENSG00000127483	HP1BP3	1662	47.70	647	327	19.68	GC3		slow	90
ENSG00000127511_SIN3B	ENSG00000127511	SIN3B	3360	60.70	1401	715	21.28		70	fast	80
ENSG00000127527_EPS15L1	ENSG00000127527	EPS15L1	2727	54.23	1084	601	22.04	GC1	80	fast	80
ENSG00000127554_GFER	ENSG00000127554	GFER	621	64.05	355	175	28.18			fast	80
ENSG00000127564_PKMYT1	ENSG00000127564	PKMYT1	1500	67.01	782	421	28.07		70	slow	80
ENSG00000127578_WFIKKN1	ENSG00000127578	WFIKKN1	1650	68.50	856	560	33.94		70	slow	80
ENSG00000127580_WDR24	ENSG00000127580	WDR24	2382	62.32	1028	545	22.88		70	slow	80
ENSG00000127585_FBXL16	ENSG00000127585	FBXL16	1440	64.78	608	259	17.99			slow	80
ENSG00000127586_CHTF18	ENSG00000127586	CHTF18	2928	65.07	2037	1289	44.02		70	fast	70
ENSG00000127603_MACF1	ENSG00000127603	MACF1	22314	47.29	10195	5662	25.37	GC2	90	slow	80
ENSG00000127616_SMARCA4	ENSG00000127616	SMARCA4	4938	60.83	1366	820	16.61		90	slow	80
ENSG00000127666_TICAM1	ENSG00000127666	TICAM1	2112	66.82	1536	986	46.69		70	fast	80
ENSG00000127720_METTL25	ENSG00000127720	METTL25	1812	41.97	1127	624	34.44	GC3	70	fast	90
ENSG00000127804_METTL16	ENSG00000127804	METTL16	1686	44.30	669	348	20.64	GC3		slow	70
ENSG00000127824_TUBA4A	ENSG00000127824	TUBA4A	1347	58.50	311	176	13.07			slow	70
ENSG00000127831_VIL1	ENSG00000127831	VIL1	2484	58.12	1035	621	25.00		70	fast	80
ENSG00000127837_AAMP	ENSG00000127837	AAMP	1305	58.87	390	234	17.93	GC1	70	slow	90
ENSG00000127838_PNKD	ENSG00000127838	PNKD	1158	62.97	431	208	17.96			fast	80
ENSG00000127863_TNFRSF19	ENSG00000127863	TNFRSF19	1254	55.43	807	573	45.69	GC1	70	fast	90
ENSG00000127870_RNF6	ENSG00000127870	RNF6	2052	47.56	1197	800	38.99	GC3	70	fast	90
ENSG00000127884_ECHS1	ENSG00000127884	ECHS1	873	54.71	446	299	34.25	GC1		fast	80
ENSG00000127914_AKAP9	ENSG00000127914	AKAP9	11736	39.04	5561	2642	22.51	GC3	80	fast	80
ENSG00000127946_HIP1	ENSG00000127946	HIP1	2997	55.39	1466	903	30.13	GC1	80	fast	90
ENSG00000127947_PTPN12	ENSG00000127947	PTPN12	2349	41.04	1001	486	20.69	GC3	70	fast	90
ENSG00000127951_FGL2	ENSG00000127951	FGL2	1323	46.86	671	424	32.05	GC2	70	slow	90
ENSG00000127952_STYXL1	ENSG00000127952	STYXL1	942	49.87	680	456	48.41	GC1	70	fast	90
ENSG00000127954_STEAP4	ENSG00000127954	STEAP4	1404	45.13	799	470	33.48	GC3	70	slow	90
ENSG00000127955_GNAI1	ENSG00000127955	GNAI1	1065	43.46	348	210	19.72	GC3		slow	90
ENSG00000127980_PEX1	ENSG00000127980	PEX1	3852	45.05	2123	1193	30.97	GC3	80	fast	90
ENSG00000127990_SGCE	ENSG00000127990	SGCE	1314	45.43	409	236	17.96	GC3		slow	90
ENSG00000127993_RBM48	ENSG00000127993	RBM48	1104	42.60	685	420	38.04	GC3	70	fast	90
ENSG00000127995_CASD1	ENSG00000127995	CASD1	2385	37.55	848	375	15.72	GC3	70	slow	90
ENSG00000128011_LRFN1	ENSG00000128011	LRFN1	2310	68.42	836	428	18.53			fast	80
ENSG00000128039_SRD5A3	ENSG00000128039	SRD5A3	957	51.11	467	268	28.00	GC1		fast	90
ENSG00000128045_RASL11B	ENSG00000128045	RASL11B	747	58.40	284	178	23.83			slow	90
ENSG00000128050_PAICS	ENSG00000128050	PAICS	1278	43.12	453	226	17.68	GC3		slow	80
ENSG00000128052_KDR	ENSG00000128052	KDR	4071	47.75	1819	1074	26.38	GC2	90	slow	90
ENSG00000128059_PPAT	ENSG00000128059	PPAT	1554	42.42	657	358	23.04	GC3	80	slow	90
ENSG00000128191_DGCR8	ENSG00000128191	DGCR8	2322	53.84	836	487	20.97	GC1	70	fast	90
ENSG00000128228_SDF2L1	ENSG00000128228	SDF2L1	666	66.15	284	158	23.72		70	slow	80
ENSG00000128242_GAL3ST1	ENSG00000128242	GAL3ST1	1272	65.78	600	247	19.42			slow	70
ENSG00000128266_GNAZ	ENSG00000128266	GNAZ	1068	59.70	258	145	13.58		70	slow	70
ENSG00000128285_MCHR1	ENSG00000128285	MCHR1	1245	60.89	520	288	23.13			fast	90
ENSG00000128294_TPST2	ENSG00000128294	TPST2	1134	64.05	425	198	17.46			slow	80
ENSG00000128298_BAIAP2L2	ENSG00000128298	BAIAP2L2	1563	64.78	878	433	27.70			fast	80
ENSG00000128309_MPST	ENSG00000128309	MPST	894	68.07	425	218	24.38			slow	80
ENSG00000128346_C22orf23	ENSG00000128346	C22orf23	654	57.68	368	189	28.90	GC1		slow	80
ENSG00000128482_RNF112	ENSG00000128482	RNF112	1896	64.51	995	539	28.43		70	fast	70
ENSG00000128510_CPA4	ENSG00000128510	CPA4	1266	49.97	720	450	35.55	GC2	70	slow	80
ENSG00000128536_CDHR3	ENSG00000128536	CDHR3	2658	49.62	1619	999	37.58	GC2	90	slow	80
ENSG00000128573_FOXP2	ENSG00000128573	FOXP2	2139	49.69	609	282	13.18	GC2		slow	90
ENSG00000128578_STRIP2	ENSG00000128578	STRIP2	2505	53.05	949	540	21.56	GC1	70	slow	90
ENSG00000128585_MKLN1	ENSG00000128585	MKLN1	2208	42.13	554	305	13.81	GC3		slow	90
ENSG00000128590_DNAJB9	ENSG00000128590	DNAJB9	669	39.51	240	113	16.89	GC3		slow	90
ENSG00000128591_FLNC	ENSG00000128591	FLNC	8178	61.85	2396	1413	17.28		80	slow	80
ENSG00000128594_LRRC4	ENSG00000128594	LRRC4	1959	56.69	599	242	12.35			slow	80
ENSG00000128595_CALU	ENSG00000128595	CALU	948	45.64	295	203	21.41	GC2		slow	90
ENSG00000128596_CCDC136	ENSG00000128596	CCDC136	3456	54.75	2178	1338	38.72	GC1	80	fast	90
ENSG00000128602_SMO	ENSG00000128602	SMO	2367	62.89	825	410	17.32			fast	90
ENSG00000128604_IRF5	ENSG00000128604	IRF5	1506	62.26	652	365	24.24			fast	90
ENSG00000128606_LRRC17	ENSG00000128606	LRRC17	1326	44.69	708	418	31.52	GC2	70	slow	90
ENSG00000128607_KLHDC10	ENSG00000128607	KLHDC10	1329	51.02	389	192	14.45	GC2		slow	90
ENSG00000128617_OPN1SW	ENSG00000128617	OPN1SW	1050	54.71	463	253	24.10	GC1		slow	80
ENSG00000128641_MYO1B	ENSG00000128641	MYO1B	3411	45.62	1358	793	23.25	GC2		fast	90
ENSG00000128652_HOXD3	ENSG00000128652	HOXD3	1299	63.88	389	175	13.47			slow	70
ENSG00000128654_MTX2	ENSG00000128654	MTX2	792	42.73	281	126	15.91	GC3		slow	90
ENSG00000128655_PDE11A	ENSG00000128655	PDE11A	2802	49.79	944	517	18.45	GC2		fast	80
ENSG00000128656_CHN1	ENSG00000128656	CHN1	1380	45.49	368	208	15.07	GC2		slow	80
ENSG00000128694_OSGEPL1	ENSG00000128694	OSGEPL1	1245	40.90	651	354	28.43	GC3	70	slow	90
ENSG00000128708_HAT1	ENSG00000128708	HAT1	1260	39.05	324	147	11.67	GC3		slow	90
ENSG00000128710_HOXD10	ENSG00000128710	HOXD10	1023	52.29	123	58	5.67	GC1		slow	90
ENSG00000128731_HERC2	ENSG00000128731	HERC2	14511	52.17	5759	3574	24.63	GC2	90	fast	90
ENSG00000128739_SNRPN	ENSG00000128739	SNRPN	723	57.14	364	149	20.61	GC3		slow	90
ENSG00000128791_TWSG1	ENSG00000128791	TWSG1	672	47.49	289	164	24.40	GC2		slow	90
ENSG00000128805_ARHGAP22	ENSG00000128805	ARHGAP22	2094	63.04	1134	621	29.66			fast	80
ENSG00000128829_EIF2AK4	ENSG00000128829	EIF2AK4	4953	49.30	2208	1274	25.72	GC2	80	slow	80
ENSG00000128833_MYO5C	ENSG00000128833	MYO5C	5229	46.24	2372	1297	24.80	GC2	70	fast	90
ENSG00000128849_CGNL1	ENSG00000128849	CGNL1	3912	54.11	2081	1249	31.93	GC1	80	fast	90
ENSG00000128872_TMOD2	ENSG00000128872	TMOD2	1056	47.44	373	216	20.45	GC2		slow	90
ENSG00000128881_TTBK2	ENSG00000128881	TTBK2	3675	48.23	1663	862	23.46	GC3	80	slow	90
ENSG00000128886_ELL3	ENSG00000128886	ELL3	1194	53.82	700	356	29.82	GC2	70	slow	90
ENSG00000128908_INO80	ENSG00000128908	INO80	4677	48.19	1404	770	16.46	GC2	80	slow	90
ENSG00000128915_ICE2	ENSG00000128915	ICE2	2949	40.20	1578	926	31.40	GC3	70	fast	90
ENSG00000128917_DLL4	ENSG00000128917	DLL4	2058	61.01	839	482	23.42		70	slow	90
ENSG00000128918_ALDH1A2	ENSG00000128918	ALDH1A2	1557	50.84	539	299	19.20	GC2		slow	90
ENSG00000128928_IVD	ENSG00000128928	IVD	1281	57.03	556	342	26.70	GC1	70	fast	80
ENSG00000128944_KNSTRN	ENSG00000128944	KNSTRN	954	51.60	608	357	37.42	GC2	70	fast	90
ENSG00000128951_DUT	ENSG00000128951	DUT	699	55.65	401	174	24.89	GC2		fast	
ENSG00000128965_CHAC1	ENSG00000128965	CHAC1	669	62.66	339	179	26.76			slow	90
ENSG00000129003_VPS13C	ENSG00000129003	VPS13C	11262	41.03	5428	2926	25.98	GC3	90	fast	80
ENSG00000129048_ACKR4	ENSG00000129048	ACKR4	1053	43.34	465	253	24.03	GC2		slow	80
ENSG00000129071_MBD4	ENSG00000129071	MBD4	1737	43.45	1123	702	40.41	GC3	70	fast	90
ENSG00000129083_COPB1	ENSG00000129083	COPB1	2862	40.98	818	424	14.81	GC3	70	slow	90
ENSG00000129103_SUMF2	ENSG00000129103	SUMF2	906	57.20	570	395	43.60	GC1		fast	90
ENSG00000129116_PALLD	ENSG00000129116	PALLD	3327	54.43	1634	1117	33.57	GC2		slow	
ENSG00000129151_BBOX1	ENSG00000129151	BBOX1	1164	44.33	512	300	25.77	GC3	70	slow	80
ENSG00000129152_MYOD1	ENSG00000129152	MYOD1	960	69.34	406	205	21.35		70	slow	80
ENSG00000129167_TPH1	ENSG00000129167	TPH1	1335	42.52	617	288	21.57	GC3		slow	90
ENSG00000129173_E2F8	ENSG00000129173	E2F8	2601	49.67	1319	740	28.45	GC2	80	slow	80
ENSG00000129194_SOX15	ENSG00000129194	SOX15	702	65.46	426	252	35.90		70	slow	90
ENSG00000129195_FAM64A	ENSG00000129195	FAM64A	720	64.84	473	287	39.86			fast	90
ENSG00000129197_RPAIN	ENSG00000129197	RPAIN	660	53.38	439	250	37.88	GC1		fast	90
ENSG00000129214_SHBG	ENSG00000129214	SHBG	1209	58.07	852	472	39.04	GC1	80	slow	70
ENSG00000129219_PLD2	ENSG00000129219	PLD2	2802	57.35	1283	696	24.84	GC1	70	fast	90
ENSG00000129221_AIPL1	ENSG00000129221	AIPL1	987	60.73	450	207	20.97			fast	80
ENSG00000129226_CD68	ENSG00000129226	CD68	990	56.61	625	367	37.07	GC1	70	fast	80
ENSG00000129244_ATP1B2	ENSG00000129244	ATP1B2	873	53.70	279	142	16.27			slow	90
ENSG00000129245_FXR2	ENSG00000129245	FXR2	2022	56.24	750	440	21.76	GC2		slow	90
ENSG00000129250_KIF1C	ENSG00000129250	KIF1C	3309	61.83	1308	726	21.94		80	fast	90
ENSG00000129255_MPDU1	ENSG00000129255	MPDU1	744	55.69	369	207	27.82	GC1		slow	90
ENSG00000129295_LRRC6	ENSG00000129295	LRRC6	1422	45.18	862	537	37.76	GC2	70	fast	90
ENSG00000129315_CCNT1	ENSG00000129315	CCNT1	2184	47.29	806	402	18.41	GC3	70	slow	90
ENSG00000129317_PUS7L	ENSG00000129317	PUS7L	2109	38.28	1239	700	33.19	GC3	80	fast	90
ENSG00000129347_KRI1	ENSG00000129347	KRI1	2136	58.56	1072	625	29.26		70	slow	80
ENSG00000129351_ILF3	ENSG00000129351	ILF3	2691	57.48	912	543	20.18	GC1	80	slow	90
ENSG00000129353_SLC44A2	ENSG00000129353	SLC44A2	2121	54.95	882	570	26.87			fast	90
ENSG00000129354_AP1M2	ENSG00000129354	AP1M2	1272	56.25	455	249	19.58			fast	90
ENSG00000129437_KLK14	ENSG00000129437	KLK14	771	61.61	439	261	33.85			fast	
ENSG00000129460_NGDN	ENSG00000129460	NGDN	948	49.42	401	228	24.05	GC2		slow	90
ENSG00000129465_RIPK3	ENSG00000129465	RIPK3	1542	56.55	1200	778	50.45	GC1	70	fast	70
ENSG00000129467_ADCY4	ENSG00000129467	ADCY4	3234	59.07	1465	722	22.33		80	fast	90
ENSG00000129472_RAB2B	ENSG00000129472	RAB2B	651	49.14	214	99	15.21	GC2		slow	80
ENSG00000129484_PARP2	ENSG00000129484	PARP2	1710	47.30	857	466	27.25	GC2	80	slow	90
ENSG00000129493_HEATR5A	ENSG00000129493	HEATR5A	6138	44.92	2528	1265	20.61	GC3	90	fast	80
ENSG00000129521_EGLN3	ENSG00000129521	EGLN3	720	56.20	269	146	20.28	GC1		slow	90
ENSG00000129535_NRL	ENSG00000129535	NRL	714	67.56	324	167	23.39			slow	90
ENSG00000129566_TEP1	ENSG00000129566	TEP1	7776	57.16	4824	2909	37.41	GC1	90	fast	90
ENSG00000129595_EPB41L4A	ENSG00000129595	EPB41L4A	2061	45.32	968	451	21.88	GC3	80	fast	90
ENSG00000129596_CDO1	ENSG00000129596	CDO1	603	47.41	210	107	17.74	GC2		slow	90
ENSG00000129636_ITFG1	ENSG00000129636	ITFG1	1836	44.21	798	475	25.87	GC3		fast	90
ENSG00000129646_QRICH2	ENSG00000129646	QRICH2	4833	57.37	3486	2102	43.49	GC2	80	fast	70
ENSG00000129654_FOXJ1	ENSG00000129654	FOXJ1	1266	69.12	484	209	16.51			slow	80
ENSG00000129657_SEC14L1	ENSG00000129657	SEC14L1	2160	55.19	827	545	25.23	GC1		fast	90
ENSG00000129667_RHBDF2	ENSG00000129667	RHBDF2	2505	63.18	1024	523	20.88			slow	80
ENSG00000129673_AANAT	ENSG00000129673	AANAT	624	64.93	341	173	27.72			fast	
ENSG00000129675_ARHGEF6	ENSG00000129675	ARHGEF6	2331	44.63	958	527	22.61	GC3	80	slow	90
ENSG00000129680_MAP7D3	ENSG00000129680	MAP7D3	2559	45.32	2143	1450	56.66	GC3	80	fast	70
ENSG00000129682_FGF13	ENSG00000129682	FGF13	717	50.25	244	164	22.87	GC2		slow	90
ENSG00000129691_ASH2L	ENSG00000129691	ASH2L	1887	49.85	677	402	21.30	GC2		slow	90
ENSG00000129696_TTI2	ENSG00000129696	TTI2	1527	53.15	941	567	37.13	GC2	70	fast	90
ENSG00000129744_ART1	ENSG00000129744	ART1	984	63.39	516	274	27.85			fast	70
ENSG00000129749_CHRNA10	ENSG00000129749	CHRNA10	1353	65.20	607	275	20.33			fast	80
ENSG00000129810_SGOL1	ENSG00000129810	SGOL1	1593	39.50	1152	710	44.57	GC3	80	fast	90
ENSG00000129910_CDH15	ENSG00000129910	CDH15	2358	65.80	1233	692	29.35		90	fast	70
ENSG00000129933_MAU2	ENSG00000129933	MAU2	1842	58.38	592	297	16.12		80	slow	70
ENSG00000129968_ABHD17A	ENSG00000129968	ABHD17A	933	65.14	350	166	17.79			slow	80
ENSG00000129988_LBP	ENSG00000129988	LBP	1446	53.99	985	677	46.82	GC1	70	fast	90
ENSG00000129990_SYT5	ENSG00000129990	SYT5	1161	61.75	430	225	19.38			slow	70
ENSG00000129991_TNNI3	ENSG00000129991	TNNI3	636	60.58	250	126	19.81			fast	70
ENSG00000129993_CBFA2T3	ENSG00000129993	CBFA2T3	1902	66.03	937	518	27.23			fast	80
ENSG00000130021_HDHD1	ENSG00000130021	HDHD1	690	57.61	451	322	46.67	GC1	70	fast	80
ENSG00000130023_ERMARD	ENSG00000130023	ERMARD	2037	49.63	1369	983	48.26	GC2	80	fast	70
ENSG00000130024_PHF10	ENSG00000130024	PHF10	1233	47.69	458	282	22.87	GC2	70	slow	90
ENSG00000130032_PRRG3	ENSG00000130032	PRRG3	696	59.95	306	149	21.41			fast	80
ENSG00000130038_CRACR2A	ENSG00000130038	CRACR2A	1158	55.19	700	381	32.90	GC1		fast	90
ENSG00000130052_STARD8	ENSG00000130052	STARD8	3255	58.73	1702	852	26.18	GC1	80	fast	70
ENSG00000130054_FAM155B	ENSG00000130054	FAM155B	1419	62.87	451	163	11.49			fast	80
ENSG00000130055_GDPD2	ENSG00000130055	GDPD2	1620	54.51	813	424	26.17	GC1	80	fast	80
ENSG00000130119_GNL3L	ENSG00000130119	GNL3L	1746	51.54	855	445	25.49	GC1	70	fast	90
ENSG00000130150_MOSPD2	ENSG00000130150	MOSPD2	1557	40.88	674	377	24.21	GC3	70	fast	90
ENSG00000130158_DOCK6	ENSG00000130158	DOCK6	6108	62.36	2374	1208	19.78		70	slow	
ENSG00000130159_ECSIT	ENSG00000130159	ECSIT	1302	62.45	689	413	31.72		70	fast	90
ENSG00000130164_LDLR	ENSG00000130164	LDLR	2583	60.23	1551	903	34.96		70	fast	90
ENSG00000130175_PRKCSH	ENSG00000130175	PRKCSH	1596	61.12	804	444	27.82		70	fast	70
ENSG00000130177_CDC16	ENSG00000130177	CDC16	1863	42.88	684	418	22.44	GC3		fast	90
ENSG00000130182_ZSCAN10	ENSG00000130182	ZSCAN10	2325	66.45	1353	721	31.01		80	fast	80
ENSG00000130202_PVRL2	ENSG00000130202	PVRL2	1611	63.33	959	571	35.44		70	fast	70
ENSG00000130224_LRCH2	ENSG00000130224	LRCH2	2298	43.01	863	344	14.97	GC3	80	slow	90
ENSG00000130227_XPO7	ENSG00000130227	XPO7	3264	47.55	997	551	16.88	GC2	70	slow	90
ENSG00000130234_ACE2	ENSG00000130234	ACE2	2418	45.38	1279	830	34.33	GC2	90	fast	90
ENSG00000130244_FAM98C	ENSG00000130244	FAM98C	1062	66.17	669	349	32.86			slow	70
ENSG00000130254_SAFB2	ENSG00000130254	SAFB2	2856	57.61	1515	817	28.61	GC1	80	fast	90
ENSG00000130287_NCAN	ENSG00000130287	NCAN	3966	62.74	2626	1533	38.65	GC1	80	slow	70
ENSG00000130299_GTPBP3	ENSG00000130299	GTPBP3	1479	67.44	854	528	35.70		80	fast	80
ENSG00000130300_PLVAP	ENSG00000130300	PLVAP	1326	62.27	886	496	37.41			fast	80
ENSG00000130304_SLC27A1	ENSG00000130304	SLC27A1	1941	64.65	939	459	23.65		80	fast	70
ENSG00000130305_NSUN5	ENSG00000130305	NSUN5	1401	61.21	830	491	35.05	GC1	70	fast	90
ENSG00000130309_COLGALT1	ENSG00000130309	COLGALT1	1869	62.61	732	406	21.72		80	fast	80
ENSG00000130313_PGLS	ENSG00000130313	PGLS	777	65.54	346	205	26.38			fast	80
ENSG00000130340_SNX9	ENSG00000130340	SNX9	1776	49.67	782	437	24.61	GC2		fast	90
ENSG00000130347_RTN4IP1	ENSG00000130347	RTN4IP1	1191	45.86	560	310	26.03	GC3	70	slow	90
ENSG00000130348_QRSL1	ENSG00000130348	QRSL1	1584	44.09	757	414	26.14	GC3	70	slow	90
ENSG00000130349_C6orf203	ENSG00000130349	C6orf203	726	43.42	474	260	35.81	GC3		fast	90
ENSG00000130377_ACSBG2	ENSG00000130377	ACSBG2	2004	52.71	1254	872	43.51	GC1	70	fast	90
ENSG00000130385_BMP15	ENSG00000130385	BMP15	1188	51.18	734	399	33.59	GC2	70	slow	90
ENSG00000130413_STK33	ENSG00000130413	STK33	1557	41.84	1013	655	42.07	GC3		fast	90
ENSG00000130414_NDUFA10	ENSG00000130414	NDUFA10	1068	53.52	570	359	33.61	GC1		fast	70
ENSG00000130429_ARPC1B	ENSG00000130429	ARPC1B	1119	60.93	378	202	18.05			slow	80
ENSG00000130449_ZSWIM6	ENSG00000130449	ZSWIM6	2973	49.51	661	315	10.60	GC2		slow	90
ENSG00000130489_SCO2	ENSG00000130489	SCO2	801	64.72	479	238	29.71			slow	70
ENSG00000130508_PXDN	ENSG00000130508	PXDN	4239	58.96	1893	1291	30.46		90	fast	80
ENSG00000130528_HRC	ENSG00000130528	HRC	2046	57.47	1393	718	35.09	GC1	70	fast	70
ENSG00000130558_OLFM1	ENSG00000130558	OLFM1	1404	57.04	450	241	17.17			fast	80
ENSG00000130559_CAMSAP1	ENSG00000130559	CAMSAP1	4668	60.87	2714	1739	37.25		90	fast	80
ENSG00000130560_UBAC1	ENSG00000130560	UBAC1	1218	58.63	547	345	28.33			fast	80
ENSG00000130561_SAG	ENSG00000130561	SAG	1218	54.53	567	352	28.90	GC1	70	fast	90
ENSG00000130584_ZBTB46	ENSG00000130584	ZBTB46	1764	64.23	929	491	27.83		80	fast	80
ENSG00000130589_HELZ2	ENSG00000130589	HELZ2	8424	66.92	5137	2949	35.01		80	fast	
ENSG00000130635_COL5A1	ENSG00000130635	COL5A1	5421	65.71	2481	1400	25.83	GC1	80	fast	70
ENSG00000130638_ATXN10	ENSG00000130638	ATXN10	1425	48.69	827	470	32.98	GC2		fast	90
ENSG00000130640_TUBGCP2	ENSG00000130640	TUBGCP2	2718	58.98	1191	719	26.45		80	fast	80
ENSG00000130643_CALY	ENSG00000130643	CALY	654	65.74	369	199	30.43		70	fast	70
ENSG00000130649_CYP2E1	ENSG00000130649	CYP2E1	1482	52.61	828	536	36.17	GC1	80	fast	70
ENSG00000130653_PNPLA7	ENSG00000130653	PNPLA7	3972	60.86	2337	1189	29.93		80	fast	70
ENSG00000130695_CEP85	ENSG00000130695	CEP85	2289	51.26	1026	522	22.80	GC2	80	slow	90
ENSG00000130699_TAF4	ENSG00000130699	TAF4	1923	57.55	853	474	24.65	GC1	70	slow	70
ENSG00000130701_RBBP8NL	ENSG00000130701	RBBP8NL	1971	67.03	1522	882	44.75		80	fast	80
ENSG00000130702_LAMA5	ENSG00000130702	LAMA5	10830	66.17	5651	3026	27.94		90	fast	
ENSG00000130703_OSBPL2	ENSG00000130703	OSBPL2	1443	56.02	650	438	30.35		80	fast	80
ENSG00000130711_PRDM12	ENSG00000130711	PRDM12	1086	64.54	341	117	10.77			fast	70
ENSG00000130713_EXOSC2	ENSG00000130713	EXOSC2	882	52.19	322	186	21.09	GC1		slow	80
ENSG00000130714_POMT1	ENSG00000130714	POMT1	2178	58.18	1116	647	29.71		80	fast	80
ENSG00000130717_UCK1	ENSG00000130717	UCK1	834	57.87	375	189	22.66			slow	70
ENSG00000130723_PRRC2B	ENSG00000130723	PRRC2B	6690	60.30	2946	1592	23.80	GC1	90	fast	80
ENSG00000130724_CHMP2A	ENSG00000130724	CHMP2A	669	55.46	216	152	22.72	GC1		slow	80
ENSG00000130726_TRIM28	ENSG00000130726	TRIM28	2343	60.64	1068	607	25.91	GC1	80	fast	80
ENSG00000130731_C16orf13	ENSG00000130731	C16orf13	615	63.27	314	164	26.67			slow	80
ENSG00000130733_YIPF2	ENSG00000130733	YIPF2	942	62.33	468	266	28.24		70	fast	80
ENSG00000130734_ATG4D	ENSG00000130734	ATG4D	1422	63.64	666	355	24.96			fast	80
ENSG00000130749_ZC3H4	ENSG00000130749	ZC3H4	3909	65.11	1743	932	23.84		70	fast	80
ENSG00000130751_NPAS1	ENSG00000130751	NPAS1	1779	67.90	883	415	23.33			fast	70
ENSG00000130762_ARHGEF16	ENSG00000130762	ARHGEF16	2121	63.45	1091	636	29.99			fast	80
ENSG00000130764_LRRC47	ENSG00000130764	LRRC47	1752	65.61	933	490	27.97		90	fast	70
ENSG00000130766_SESN2	ENSG00000130766	SESN2	1443	61.40	595	302	20.93		70	fast	90
ENSG00000130768_SMPDL3B	ENSG00000130768	SMPDL3B	1368	59.00	794	485	35.45		70	fast	90
ENSG00000130772_MED18	ENSG00000130772	MED18	627	52.37	206	130	20.73	GC1		slow	90
ENSG00000130775_THEMIS2	ENSG00000130775	THEMIS2	1932	61.01	1240	799	41.36		80	fast	90
ENSG00000130779_CLIP1	ENSG00000130779	CLIP1	4317	48.28	1843	1029	23.84	GC2	80	slow	90
ENSG00000130783_CCDC62	ENSG00000130783	CCDC62	2052	43.87	1207	722	35.19	GC3		fast	90
ENSG00000130787_HIP1R	ENSG00000130787	HIP1R	3132	63.43	1386	748	23.88		80	fast	80
ENSG00000130803_ZNF317	ENSG00000130803	ZNF317	1791	49.57	873	520	29.03	GC2	70	slow	70
ENSG00000130811_EIF3G	ENSG00000130811	EIF3G	963	59.54	295	164	17.03			fast	80
ENSG00000130812_ANGPTL6	ENSG00000130812	ANGPTL6	1404	66.42	672	320	22.79			slow	
ENSG00000130816_DNMT1	ENSG00000130816	DNMT1	4848	54.39	2146	1208	24.92	GC1	90	fast	80
ENSG00000130827_PLXNA3	ENSG00000130827	PLXNA3	5619	62.18	2315	1182	21.04		80	slow	80
ENSG00000130829_DUSP9	ENSG00000130829	DUSP9	1155	65.45	568	264	22.86			fast	70
ENSG00000130830_MPP1	ENSG00000130830	MPP1	1401	53.73	602	352	25.12	GC1	70	fast	90
ENSG00000130876_SLC7A10	ENSG00000130876	SLC7A10	1572	61.71	490	226	14.38			slow	70
ENSG00000130881_LRP3	ENSG00000130881	LRP3	2313	69.22	1023	480	20.75		70	slow	80
ENSG00000130935_NOL11	ENSG00000130935	NOL11	2157	42.90	1245	710	32.92	GC3	70	fast	90
ENSG00000130939_UBE4B	ENSG00000130939	UBE4B	3909	51.12	1285	732	18.73	GC2	80	slow	80
ENSG00000130948_HSD17B3	ENSG00000130948	HSD17B3	933	44.94	528	333	35.69	GC2	70	fast	90
ENSG00000130957_FBP2	ENSG00000130957	FBP2	1020	54.30	419	250	24.51	GC1		fast	90
ENSG00000130958_SLC35D2	ENSG00000130958	SLC35D2	999	44.04	440	218	21.82	GC2	70	slow	70
ENSG00000130962_PRRG1	ENSG00000130962	PRRG1	657	45.88	248	138	21.00	GC3		slow	70
ENSG00000130985_UBA1	ENSG00000130985	UBA1	3177	56.04	1158	695	21.88	GC1	70	fast	90
ENSG00000130988_RGN	ENSG00000130988	RGN	900	49.64	383	209	23.22	GC2		slow	80
ENSG00000130997_POLN	ENSG00000130997	POLN	2688	48.41	1804	1094	40.70	GC2	90	fast	80
ENSG00000131013_PPIL4	ENSG00000131013	PPIL4	1479	40.19	540	297	20.08	GC3	70	slow	90
ENSG00000131018_SYNE1	ENSG00000131018	SYNE1	26394	48.59	11506	6519	24.70	GC2	90	fast	70
ENSG00000131023_LATS1	ENSG00000131023	LATS1	3393	43.75	1236	658	19.39	GC3	90	slow	90
ENSG00000131037_EPS8L1	ENSG00000131037	EPS8L1	2151	65.62	1260	736	34.22		80	fast	80
ENSG00000131043_AAR2	ENSG00000131043	AAR2	1155	57.78	512	267	23.12			slow	90
ENSG00000131044_TTLL9	ENSG00000131044	TTLL9	1311	54.62	524	284	21.66			slow	70
ENSG00000131050_BPIFA2	ENSG00000131050	BPIFA2	750	48.94	660	461	61.47	GC2		fast	70
ENSG00000131051_RBM39	ENSG00000131051	RBM39	1593	43.43	378	183	11.49	GC3		slow	90
ENSG00000131059_BPIFA3	ENSG00000131059	BPIFA3	720	51.94	498	305	42.36	GC1		fast	80
ENSG00000131061_ZNF341	ENSG00000131061	ZNF341	2562	60.35	1188	568	22.17	GC1	80	fast	90
ENSG00000131067_GGT7	ENSG00000131067	GGT7	1989	61.56	758	415	20.86	GC1	70	fast	90
ENSG00000131069_ACSS2	ENSG00000131069	ACSS2	2145	54.89	840	491	22.89	GC1	90	slow	90
ENSG00000131089_ARHGEF9	ENSG00000131089	ARHGEF9	1542	49.73	374	209	13.55	GC1		fast	90
ENSG00000131094_C1QL1	ENSG00000131094	C1QL1	777	66.22	173	69	8.88			fast	
ENSG00000131095_GFAP	ENSG00000131095	GFAP	1299	62.23	599	278	21.40			slow	90
ENSG00000131126_TEX101	ENSG00000131126	TEX101	759	50.83	585	419	55.20	GC2	70	fast	80
ENSG00000131148_EMC8	ENSG00000131148	EMC8	633	56.18	213	117	18.48	GC1		slow	90
ENSG00000131149_GSE1	ENSG00000131149	GSE1	3633	66.07	1695	887	24.42		70	fast	80
ENSG00000131183_SLC34A1	ENSG00000131183	SLC34A1	1920	62.19	885	440	22.92		70	slow	80
ENSG00000131187_F12	ENSG00000131187	F12	1845	65.00	1279	743	40.27		80	fast	80
ENSG00000131203_IDO1	ENSG00000131203	IDO1	1224	45.71	799	576	47.06	GC3	70	fast	90
ENSG00000131238_PPT1	ENSG00000131238	PPT1	921	50.02	425	219	23.78	GC2	80	slow	80
ENSG00000131242_RAB11FIP4	ENSG00000131242	RAB11FIP4	1755	58.72	748	405	23.08			fast	90
ENSG00000131269_ABCB7	ENSG00000131269	ABCB7	2259	44.49	932	467	20.67	GC3	70	slow	90
ENSG00000131323_TRAF3	ENSG00000131323	TRAF3	1707	54.23	671	410	24.02	GC1		fast	90
ENSG00000131370_SH3BP5	ENSG00000131370	SH3BP5	1362	61.03	660	386	28.34			slow	80
ENSG00000131373_HACL1	ENSG00000131373	HACL1	1746	48.05	905	518	29.67	GC3	80	fast	90
ENSG00000131374_TBC1D5	ENSG00000131374	TBC1D5	2376	47.78	1075	619	26.05	GC2	70	slow	80
ENSG00000131375_CAPN7	ENSG00000131375	CAPN7	2442	42.04	841	504	20.64	GC3	70	slow	90
ENSG00000131378_RFTN1	ENSG00000131378	RFTN1	1731	56.95	1076	597	34.49	GC1	70	fast	70
ENSG00000131381_RBSN	ENSG00000131381	RBSN	2355	55.17	1132	669	28.41	GC1	80	slow	90
ENSG00000131386_GALNT15	ENSG00000131386	GALNT15	1911	59.87	1025	549	28.73		80	fast	80
ENSG00000131389_SLC6A6	ENSG00000131389	SLC6A6	1863	54.69	655	376	20.18	GC1	70	fast	80
ENSG00000131400_NAPSA	ENSG00000131400	NAPSA	1254	59.96	766	476	37.96	GC1	70	slow	70
ENSG00000131408_NR1H2	ENSG00000131408	NR1H2	1380	63.46	552	348	25.22		70	fast	90
ENSG00000131435_PDLIM4	ENSG00000131435	PDLIM4	996	64.42	491	286	28.71		80	slow	90
ENSG00000131437_KIF3A	ENSG00000131437	KIF3A	2109	40.78	678	382	18.11	GC3		slow	90
ENSG00000131459_GFPT2	ENSG00000131459	GFPT2	2049	51.85	715	458	22.35	GC1		fast	90
ENSG00000131467_PSME3	ENSG00000131467	PSME3	780	44.91	211	96	12.31	GC2		slow	90
ENSG00000131470_PSMC3IP	ENSG00000131470	PSMC3IP	654	54.87	279	144	22.02	GC1		slow	90
ENSG00000131473_ACLY	ENSG00000131473	ACLY	3306	55.38	1099	647	19.57	GC1	70	slow	90
ENSG00000131480_AOC2	ENSG00000131480	AOC2	2271	58.22	1079	559	24.61	GC1	80	fast	70
ENSG00000131482_G6PC	ENSG00000131482	G6PC	1074	52.74	496	276	25.70	GC1		fast	90
ENSG00000131504_DIAPH1	ENSG00000131504	DIAPH1	3774	50.64	1671	925	24.51	GC2	70	slow	80
ENSG00000131507_NDFIP1	ENSG00000131507	NDFIP1	666	46.57	253	148	22.22	GC3		slow	90
ENSG00000131558_EXOC4	ENSG00000131558	EXOC4	2928	50.08	976	572	19.54	GC1	70	fast	70
ENSG00000131584_ACAP3	ENSG00000131584	ACAP3	2502	62.47	1277	626	25.02			fast	80
ENSG00000131591_C1orf159	ENSG00000131591	C1orf159	678	64.30	505	303	44.69			fast	
ENSG00000131634_TMEM204	ENSG00000131634	TMEM204	681	65.54	317	195	28.63			fast	90
ENSG00000131652_THOC6	ENSG00000131652	THOC6	1026	59.94	412	237	23.10	GC1		fast	90
ENSG00000131653_TRAF7	ENSG00000131653	TRAF7	2013	59.68	776	362	17.98		80	slow	70
ENSG00000131686_CA6	ENSG00000131686	CA6	942	53.23	686	467	49.58	GC1	70	fast	70
ENSG00000131697_NPHP4	ENSG00000131697	NPHP4	4290	62.07	2577	1517	35.36		90	fast	70
ENSG00000131711_MAP1B	ENSG00000131711	MAP1B	7416	49.67	2965	1809	24.39	GC2	90	slow	90
ENSG00000131724_IL13RA1	ENSG00000131724	IL13RA1	1275	43.40	751	429	33.65	GC3	70	slow	80
ENSG00000131725_WDR44	ENSG00000131725	WDR44	2739	41.35	1054	494	18.04	GC3	80	slow	90
ENSG00000131730_CKMT2	ENSG00000131730	CKMT2	1260	54.69	446	255	20.24	GC1		slow	90
ENSG00000131732_ZCCHC9	ENSG00000131732	ZCCHC9	816	43.83	411	232	28.43	GC3		slow	90
ENSG00000131746_TNS4	ENSG00000131746	TNS4	2151	60.59	1203	671	31.19	GC1	80	fast	90
ENSG00000131747_TOP2A	ENSG00000131747	TOP2A	4596	40.11	1882	1007	21.91	GC3	80	slow	90
ENSG00000131759_RARA	ENSG00000131759	RARA	1389	60.80	586	273	19.65			slow	90
ENSG00000131771_PPP1R1B	ENSG00000131771	PPP1R1B	615	62.46	262	119	19.35	GC1		fast	80
ENSG00000131773_KHDRBS3	ENSG00000131773	KHDRBS3	999	50.73	430	270	27.03	GC2		fast	90
ENSG00000131778_CHD1L	ENSG00000131778	CHD1L	2703	48.53	1329	774	28.63	GC2	80	fast	90
ENSG00000131779_PEX11B	ENSG00000131779	PEX11B	780	54.95	348	166	21.28	GC2		slow	90
ENSG00000131788_PIAS3	ENSG00000131788	PIAS3	1887	56.98	584	312	16.53	GC1	70	fast	80
ENSG00000131828_PDHA1	ENSG00000131828	PDHA1	1173	49.12	363	188	16.03	GC2		slow	70
ENSG00000131831_RAI2	ENSG00000131831	RAI2	1590	60.63	753	427	26.86			slow	80
ENSG00000131844_MCCC2	ENSG00000131844	MCCC2	1692	48.92	789	490	28.96	GC3		fast	90
ENSG00000131873_CHSY1	ENSG00000131873	CHSY1	2307	52.45	921	619	26.83	GC1	70	slow	80
ENSG00000131876_SNRPA1	ENSG00000131876	SNRPA1	768	47.55	262	158	20.57	GC2		fast	90
ENSG00000131899_LLGL1	ENSG00000131899	LLGL1	3195	63.53	1401	862	26.98		80	fast	80
ENSG00000131910_NR0B2	ENSG00000131910	NR0B2	783	63.31	473	289	36.91		70	slow	90
ENSG00000131914_LIN28A	ENSG00000131914	LIN28A	618	60.37	188	90	14.56	GC1		fast	70
ENSG00000131931_THAP1	ENSG00000131931	THAP1	642	47.63	296	175	27.26	GC2		slow	90
ENSG00000131941_RHPN2	ENSG00000131941	RHPN2	2061	54.28	1000	566	27.46	GC1	80	fast	80
ENSG00000131944_C19orf40	ENSG00000131944	C19orf40	648	50.95	346	216	33.33	GC2		slow	80
ENSG00000131951_LRRC9	ENSG00000131951	LRRC9	3489	36.26	1675	796	22.81	GC3	70	fast	90
ENSG00000131966_ACTR10	ENSG00000131966	ACTR10	1254	43.17	465	236	18.82	GC3	70	slow	90
ENSG00000131969_ABHD12B	ENSG00000131969	ABHD12B	1065	47.30	656	392	36.81	GC2	80	fast	90
ENSG00000131979_GCH1	ENSG00000131979	GCH1	750	55.92	322	162	21.60	GC1		fast	90
ENSG00000131981_LGALS3	ENSG00000131981	LGALS3	759	52.89	472	260	34.26	GC3		fast	80
ENSG00000132002_DNAJB1	ENSG00000132002	DNAJB1	1023	55.10	475	231	22.58	GC1		slow	70
ENSG00000132003_ZSWIM4	ENSG00000132003	ZSWIM4	3315	65.35	1233	577	17.41		70	slow	
ENSG00000132004_FBXW9	ENSG00000132004	FBXW9	1377	65.05	658	319	23.17		70	slow	70
ENSG00000132005_RFX1	ENSG00000132005	RFX1	2925	65.21	1249	553	18.91			slow	
ENSG00000132024_CC2D1A	ENSG00000132024	CC2D1A	2856	62.92	1316	731	25.60	GC1	80	fast	80
ENSG00000132026_RTBDN	ENSG00000132026	RTBDN	696	64.22	547	317	45.55	GC1	70	fast	70
ENSG00000132031_MATN3	ENSG00000132031	MATN3	1461	55.65	815	470	32.17	GC1	70	fast	80
ENSG00000132109_TRIM21	ENSG00000132109	TRIM21	1416	53.39	872	536	37.85	GC1		fast	80
ENSG00000132122_SPATA6	ENSG00000132122	SPATA6	1467	44.94	559	278	18.95	GC3	70	slow	90
ENSG00000132128_LRRC41	ENSG00000132128	LRRC41	2439	58.77	837	375	15.38	GC1	70	slow	70
ENSG00000132170_PPARG	ENSG00000132170	PPARG	1518	47.99	529	351	23.12	GC2		slow	90
ENSG00000132182_NUP210	ENSG00000132182	NUP210	5634	59.86	2984	1737	30.83		90	slow	70
ENSG00000132185_FCRLA	ENSG00000132185	FCRLA	1131	56.91	776	452	39.96	GC1	80	fast	80
ENSG00000132196_HSD17B7	ENSG00000132196	HSD17B7	1005	51.26	611	377	37.51	GC1	70	slow	80
ENSG00000132205_EMILIN2	ENSG00000132205	EMILIN2	3210	56.07	1901	1182	36.82	GC1	80	fast	80
ENSG00000132254_ARFIP2	ENSG00000132254	ARFIP2	1026	55.95	252	85	8.28	GC1		slow	80
ENSG00000132275_RRP8	ENSG00000132275	RRP8	1371	56.68	822	498	36.32	GC1	70	slow	90
ENSG00000132294_EFR3A	ENSG00000132294	EFR3A	2466	43.16	848	506	20.52	GC3	70	slow	80
ENSG00000132297_HHLA1	ENSG00000132297	HHLA1	1599	54.56	1121	599	37.46	GC2	80	fast	
ENSG00000132300_PTCD3	ENSG00000132300	PTCD3	2067	44.72	1178	745	36.04	GC3	80	fast	90
ENSG00000132305_IMMT	ENSG00000132305	IMMT	2274	50.12	1071	638	28.06	GC2	80	fast	90
ENSG00000132323_ILKAP	ENSG00000132323	ILKAP	1155	53.53	430	262	22.68	GC2		fast	90
ENSG00000132356_PRKAA1	ENSG00000132356	PRKAA1	1725	41.88	457	194	11.25	GC3		slow	80
ENSG00000132359_RAP1GAP2	ENSG00000132359	RAP1GAP2	2148	56.80	879	475	22.11	GC1		fast	90
ENSG00000132361_CLUH	ENSG00000132361	CLUH	3936	60.60	1363	758	19.26		80	slow	90
ENSG00000132376_INPP5K	ENSG00000132376	INPP5K	1350	52.78	735	409	30.30	GC1	70	fast	90
ENSG00000132382_MYBBP1A	ENSG00000132382	MYBBP1A	3999	61.23	2640	1570	39.26		90	fast	90
ENSG00000132383_RPA1	ENSG00000132383	RPA1	1851	46.57	788	461	24.91	GC2	70	fast	90
ENSG00000132386_SERPINF1	ENSG00000132386	SERPINF1	1257	55.08	634	363	28.88	GC1		slow	90
ENSG00000132394_EEFSEC	ENSG00000132394	EEFSEC	1770	61.16	798	429	24.24			fast	80
ENSG00000132405_TBC1D14	ENSG00000132405	TBC1D14	2082	53.37	949	575	27.62	GC1		fast	90
ENSG00000132423_COQ3	ENSG00000132423	COQ3	1113	44.40	620	334	30.01	GC3		fast	90
ENSG00000132424_PNISR	ENSG00000132424	PNISR	2418	43.71	529	190	7.86	GC3	70	slow	80
ENSG00000132429_POPDC3	ENSG00000132429	POPDC3	876	44.38	402	246	28.08	GC2		slow	90
ENSG00000132434_LANCL2	ENSG00000132434	LANCL2	1353	53.00	680	431	31.86	GC2	80	fast	90
ENSG00000132436_FIGNL1	ENSG00000132436	FIGNL1	2031	47.37	1120	758	37.32	GC3	90	slow	70
ENSG00000132437_DDC	ENSG00000132437	DDC	1443	55.75	700	470	32.57	GC1	70	fast	80
ENSG00000132463_GRSF1	ENSG00000132463	GRSF1	1119	43.39	390	199	17.78	GC3		slow	90
ENSG00000132464_ENAM	ENSG00000132464	ENAM	3447	45.24	2407	1278	37.08	GC3	80	fast	90
ENSG00000132466_ANKRD17	ENSG00000132466	ANKRD17	7548	46.41	1802	751	9.95	GC3	90	slow	80
ENSG00000132471_WBP2	ENSG00000132471	WBP2	786	58.11	279	153	19.47	GC1	70	slow	70
ENSG00000132478_UNK	ENSG00000132478	UNK	2433	61.72	831	406	16.69			slow	90
ENSG00000132481_TRIM47	ENSG00000132481	TRIM47	1911	67.97	1059	439	22.97			fast	70
ENSG00000132485_ZRANB2	ENSG00000132485	ZRANB2	990	41.85	209	96	9.70	GC3		slow	80
ENSG00000132510_KDM6B	ENSG00000132510	KDM6B	4914	64.11	1851	942	19.17	GC1	80	slow	80
ENSG00000132518_GUCY2D	ENSG00000132518	GUCY2D	3312	64.89	1813	912	27.54		70	fast	80
ENSG00000132530_XAF1	ENSG00000132530	XAF1	900	52.26	742	486	54.00	GC2	70	fast	70
ENSG00000132549_VPS13B	ENSG00000132549	VPS13B	12069	45.07	5354	2760	22.87	GC3	80	fast	80
ENSG00000132554_RGS22	ENSG00000132554	RGS22	3759	38.96	2132	1164	30.97	GC3	70	fast	80
ENSG00000132561_MATN2	ENSG00000132561	MATN2	2877	52.77	1288	700	24.33	GC1	80	fast	90
ENSG00000132563_REEP2	ENSG00000132563	REEP2	765	56.51	289	127	16.60			slow	80
ENSG00000132581_SDF2	ENSG00000132581	SDF2	636	53.42	208	120	18.87	GC2		slow	80
ENSG00000132589_FLOT2	ENSG00000132589	FLOT2	1329	58.37	414	224	16.85			slow	80
ENSG00000132591_ERAL1	ENSG00000132591	ERAL1	1314	57.50	734	486	36.99	GC1	80	fast	90
ENSG00000132600_PRMT7	ENSG00000132600	PRMT7	2079	55.82	963	598	28.76	GC1	70	fast	90
ENSG00000132604_TERF2	ENSG00000132604	TERF2	1503	51.64	705	330	21.96	GC2		fast	90
ENSG00000132613_MTSS1L	ENSG00000132613	MTSS1L	2169	66.56	989	374	17.24			fast	70
ENSG00000132622_HSPA12B	ENSG00000132622	HSPA12B	2061	64.32	763	433	21.01			slow	70
ENSG00000132623_ANKEF1	ENSG00000132623	ANKEF1	2331	44.78	1154	765	32.82	GC3	80	fast	90
ENSG00000132635_PCED1A	ENSG00000132635	PCED1A	1365	60.68	669	336	24.62	GC1	70	fast	90
ENSG00000132639_SNAP25	ENSG00000132639	SNAP25	621	49.79	102	58	9.34	GC2		slow	90
ENSG00000132640_BTBD3	ENSG00000132640	BTBD3	1572	51.43	463	291	18.51	GC1		slow	90
ENSG00000132664_POLR3F	ENSG00000132664	POLR3F	951	42.69	285	151	15.88	GC3		slow	90
ENSG00000132669_RIN2	ENSG00000132669	RIN2	2685	55.77	1291	672	25.03	GC1	80	slow	80
ENSG00000132676_DAP3	ENSG00000132676	DAP3	1197	49.90	657	388	32.41	GC2		slow	80
ENSG00000132680_KIAA0907	ENSG00000132680	KIAA0907	1845	52.61	536	318	17.24	GC3	70	slow	90
ENSG00000132681_ATP1A4	ENSG00000132681	ATP1A4	3090	54.13	1510	940	30.42	GC1	70	fast	90
ENSG00000132688_NES	ENSG00000132688	NES	4896	60.04	3636	2098	42.85	GC1	90	fast	70
ENSG00000132692_BCAN	ENSG00000132692	BCAN	2739	63.54	1353	680	24.83	GC1	70	fast	80
ENSG00000132694_ARHGEF11	ENSG00000132694	ARHGEF11	4689	59.68	2299	1390	29.64	GC1	80	fast	90
ENSG00000132698_RAB25	ENSG00000132698	RAB25	642	59.08	237	146	22.74			slow	80
ENSG00000132702_HAPLN2	ENSG00000132702	HAPLN2	1026	69.19	473	209	20.37			fast	80
ENSG00000132718_SYT11	ENSG00000132718	SYT11	1296	56.25	497	251	19.37			slow	80
ENSG00000132749_MTL5	ENSG00000132749	MTL5	1536	53.57	954	527	34.31	GC2		fast	80
ENSG00000132768_DPH2	ENSG00000132768	DPH2	1470	62.07	800	429	29.18	GC1		fast	80
ENSG00000132773_TOE1	ENSG00000132773	TOE1	1533	54.75	777	470	30.66	GC1	80	slow	90
ENSG00000132780_NASP	ENSG00000132780	NASP	2358	46.74	1197	534	22.65	GC3	70	fast	80
ENSG00000132781_MUTYH	ENSG00000132781	MUTYH	1644	61.63	926	518	31.51	GC1	70	fast	80
ENSG00000132792_CTNNBL1	ENSG00000132792	CTNNBL1	1692	50.64	507	273	16.13	GC1	70	slow	80
ENSG00000132793_LPIN3	ENSG00000132793	LPIN3	2556	61.20	1377	791	30.95		70	fast	90
ENSG00000132801_ZSWIM3	ENSG00000132801	ZSWIM3	2091	55.70	1265	738	35.29	GC1	90	slow	90
ENSG00000132819_RBM38	ENSG00000132819	RBM38	693	67.18	222	124	17.89			fast	80
ENSG00000132821_VSTM2L	ENSG00000132821	VSTM2L	615	66.65	193	79	12.85			slow	70
ENSG00000132823_OSER1	ENSG00000132823	OSER1	879	49.50	347	159	18.09	GC3		slow	80
ENSG00000132824_SERINC3	ENSG00000132824	SERINC3	1422	48.76	743	490	34.46	GC2		fast	90
ENSG00000132837_DMGDH	ENSG00000132837	DMGDH	2601	46.83	1128	664	25.53	GC3	70	fast	90
ENSG00000132840_BHMT2	ENSG00000132840	BHMT2	1092	52.27	583	335	30.68	GC2		fast	90
ENSG00000132842_AP3B1	ENSG00000132842	AP3B1	3276	42.48	1391	699	21.34	GC3	70	slow	90
ENSG00000132849_INADL	ENSG00000132849	INADL	5412	47.11	2843	1639	30.28	GC3	90	fast	80
ENSG00000132854_KANK4	ENSG00000132854	KANK4	3000	59.01	1745	990	33.00	GC1	80	fast	80
ENSG00000132855_ANGPTL3	ENSG00000132855	ANGPTL3	1383	36.29	801	434	31.38	GC3	70	slow	90
ENSG00000132872_SYT4	ENSG00000132872	SYT4	1278	44.16	498	277	21.67	GC2	80	slow	90
ENSG00000132874_SLC14A2	ENSG00000132874	SLC14A2	2763	56.77	1296	771	27.90		70	fast	90
ENSG00000132881_RSG1	ENSG00000132881	RSG1	777	62.60	390	192	24.71			fast	90
ENSG00000132906_CASP9	ENSG00000132906	CASP9	1266	58.62	792	500	39.49	GC1		fast	90
ENSG00000132911_NMUR2	ENSG00000132911	NMUR2	1212	53.57	613	335	27.64	GC1	80	slow	80
ENSG00000132912_DCTN4	ENSG00000132912	DCTN4	1383	50.21	460	271	19.60	GC2		slow	90
ENSG00000132915_PDE6A	ENSG00000132915	PDE6A	2583	50.94	954	577	22.34	GC1	70	fast	90
ENSG00000132952_USPL1	ENSG00000132952	USPL1	3273	41.87	2304	1431	43.72	GC3	80	fast	90
ENSG00000132953_XPO4	ENSG00000132953	XPO4	3456	45.58	1277	805	23.29	GC3	70	slow	90
ENSG00000132964_CDK8	ENSG00000132964	CDK8	1395	43.83	297	124	8.89	GC3		slow	90
ENSG00000132970_WASF3	ENSG00000132970	WASF3	1509	57.84	795	438	29.03	GC1		fast	90
ENSG00000132972_RNF17	ENSG00000132972	RNF17	4872	38.77	2701	1405	28.84	GC3	90	fast	90
ENSG00000132975_GPR12	ENSG00000132975	GPR12	1005	56.79	330	200	19.90			slow	70
ENSG00000133020_MYH8	ENSG00000133020	MYH8	5814	51.00	1917	1100	18.92	GC1	80	slow	80
ENSG00000133026_MYH10	ENSG00000133026	MYH10	5931	51.85	2245	1347	22.71	GC1		fast	90
ENSG00000133027_PEMT	ENSG00000133027	PEMT	618	60.10	303	172	27.83			fast	80
ENSG00000133028_SCO1	ENSG00000133028	SCO1	918	51.77	556	334	36.38	GC2		fast	90
ENSG00000133030_MPRIP	ENSG00000133030	MPRIP	5880	58.70	2923	1642	27.93		80	fast	
ENSG00000133055_MYBPH	ENSG00000133055	MYBPH	1434	61.55	776	461	32.15		70	fast	90
ENSG00000133056_PIK3C2B	ENSG00000133056	PIK3C2B	4905	57.92	2022	1142	23.28		90	fast	90
ENSG00000133059_DSTYK	ENSG00000133059	DSTYK	2790	54.68	1231	638	22.87	GC1	80	fast	90
ENSG00000133065_SLC41A1	ENSG00000133065	SLC41A1	1545	60.23	408	258	16.70			slow	80
ENSG00000133067_LGR6	ENSG00000133067	LGR6	2904	64.17	1509	800	27.55			fast	80
ENSG00000133069_TMCC2	ENSG00000133069	TMCC2	2136	65.95	887	414	19.38			slow	90
ENSG00000133083_DCLK1	ENSG00000133083	DCLK1	2223	52.82	739	444	19.97	GC1		fast	80
ENSG00000133101_CCNA1	ENSG00000133101	CCNA1	1290	50.56	701	409	31.71	GC2		fast	90
ENSG00000133103_COG6	ENSG00000133103	COG6	1974	44.49	909	498	25.23	GC3		fast	90
ENSG00000133104_SPG20	ENSG00000133104	SPG20	2010	46.29	1023	614	30.55	GC3	80	fast	80
ENSG00000133105_RXFP2	ENSG00000133105	RXFP2	2262	41.71	1120	655	28.96	GC2	80	slow	90
ENSG00000133106_EPSTI1	ENSG00000133106	EPSTI1	948	49.63	645	364	38.40	GC2		fast	90
ENSG00000133107_TRPC4	ENSG00000133107	TRPC4	2934	45.59	1132	732	24.95	GC2	80	slow	90
ENSG00000133110_POSTN	ENSG00000133110	POSTN	2511	41.91	1068	604	24.05	GC3	70	slow	90
ENSG00000133111_RFXAP	ENSG00000133111	RFXAP	771	59.97	434	248	32.17	GC1		fast	90
ENSG00000133114_GPALPP1	ENSG00000133114	GPALPP1	1023	44.51	481	251	24.54	GC3	70	slow	90
ENSG00000133115_STOML3	ENSG00000133115	STOML3	876	53.39	426	263	30.02	GC1		slow	80
ENSG00000133116_KL	ENSG00000133116	KL	2952	55.22	1442	878	29.74	GC1		fast	90
ENSG00000133119_RFC3	ENSG00000133119	RFC3	1071	45.51	410	251	23.44	GC3	70	slow	90
ENSG00000133121_STARD13	ENSG00000133121	STARD13	3342	56.94	1868	1103	33.00	GC1	80	fast	90
ENSG00000133124_IRS4	ENSG00000133124	IRS4	3783	58.45	2146	1114	29.45	GC2	80	fast	80
ENSG00000133131_MORC4	ENSG00000133131	MORC4	2814	46.62	1301	544	19.33	GC2	70	fast	80
ENSG00000133135_RNF128	ENSG00000133135	RNF128	1287	50.67	479	218	16.94	GC2		fast	90
ENSG00000133138_TBC1D8B	ENSG00000133138	TBC1D8B	3363	40.50	1399	596	17.72	GC3	80	fast	90
ENSG00000133193_FAM104A	ENSG00000133193	FAM104A	621	62.93	315	146	23.51	GC1		fast	90
ENSG00000133195_SLC39A11	ENSG00000133195	SLC39A11	1029	61.25	412	231	22.45	GC1		fast	70
ENSG00000133216_EPHB2	ENSG00000133216	EPHB2	2919	59.10	827	404	13.84		70	slow	70
ENSG00000133243_BTBD2	ENSG00000133243	BTBD2	1170	62.50	660	228	19.49			fast	
ENSG00000133246_PRAM1	ENSG00000133246	PRAM1	1992	60.93	1481	904	45.38	GC1		fast	70
ENSG00000133250_ZNF414	ENSG00000133250	ZNF414	1170	68.56	700	309	26.41			fast	80
ENSG00000133256_PDE6B	ENSG00000133256	PDE6B	2568	56.53	1151	519	20.21			fast	70
ENSG00000133265_HSPBP1	ENSG00000133265	HSPBP1	1074	66.10	354	209	19.46			fast	80
ENSG00000133302_ANKRD32	ENSG00000133302	ANKRD32	3180	38.26	1443	660	20.75	GC3	80	fast	90
ENSG00000133313_CNDP2	ENSG00000133313	CNDP2	1428	56.52	584	384	26.89		70	fast	80
ENSG00000133316_WDR74	ENSG00000133316	WDR74	1158	60.01	623	317	27.37	GC1		fast	90
ENSG00000133317_LGALS12	ENSG00000133317	LGALS12	993	60.77	577	331	33.33			fast	90
ENSG00000133424_LARGE	ENSG00000133424	LARGE	2271	57.14	649	381	16.78		70	fast	90
ENSG00000133477_FAM83F	ENSG00000133477	FAM83F	1506	63.28	885	427	28.35		70	fast	80
ENSG00000133561_GIMAP6	ENSG00000133561	GIMAP6	876	61.57	601	353	40.30		70	fast	
ENSG00000133606_MKRN1	ENSG00000133606	MKRN1	1272	51.85	641	282	22.17	GC2		slow	90
ENSG00000133641_C12orf29	ENSG00000133641	C12orf29	978	40.61	549	331	33.84	GC3		fast	90
ENSG00000133657_ATP13A3	ENSG00000133657	ATP13A3	3681	41.02	1615	844	22.93	GC3	80	slow	90
ENSG00000133704_IPO8	ENSG00000133704	IPO8	3114	41.86	903	399	12.81	GC3	80	slow	70
ENSG00000133706_LARS	ENSG00000133706	LARS	3531	43.38	1432	707	20.02	GC3	80	fast	90
ENSG00000133710_SPINK5	ENSG00000133710	SPINK5	3270	44.34	2120	1158	35.41	GC3	80	fast	90
ENSG00000133731_IMPA1	ENSG00000133731	IMPA1	834	43.03	397	242	29.02	GC3		fast	90
ENSG00000133739_LRRCC1	ENSG00000133739	LRRCC1	3087	37.06	1654	973	31.52	GC3	80	fast	90
ENSG00000133740_E2F5	ENSG00000133740	E2F5	987	46.54	455	232	23.51	GC3		slow	80
ENSG00000133773_CCDC59	ENSG00000133773	CCDC59	729	42.41	502	286	39.23	GC3	70	slow	80
ENSG00000133789_SWAP70	ENSG00000133789	SWAP70	1758	48.21	644	350	19.91	GC2		slow	90
ENSG00000133800_LYVE1	ENSG00000133800	LYVE1	966	46.11	635	396	40.99	GC3	70	fast	90
ENSG00000133805_AMPD3	ENSG00000133805	AMPD3	2331	55.06	897	466	19.99	GC1	70	slow	90
ENSG00000133812_SBF2	ENSG00000133812	SBF2	5550	46.36	2154	1134	20.43	GC3	80	slow	90
ENSG00000133816_MICAL2	ENSG00000133816	MICAL2	3372	54.80	1457	814	24.14	GC1	80	slow	80
ENSG00000133835_HSD17B4	ENSG00000133835	HSD17B4	2211	44.94	1155	650	29.40	GC3	80	fast	90
ENSG00000133858_ZFC3H1	ENSG00000133858	ZFC3H1	5970	41.99	2079	986	16.52	GC3	80	slow	90
ENSG00000133872_SARAF	ENSG00000133872	SARAF	1023	49.10	607	363	35.48	GC3		slow	90
ENSG00000133878_DUSP26	ENSG00000133878	DUSP26	636	62.70	212	121	19.03			slow	80
ENSG00000133884_DPF2	ENSG00000133884	DPF2	1176	56.88	370	203	17.26	GC1		slow	90
ENSG00000133958_UNC79	ENSG00000133958	UNC79	7893	49.04	2762	1655	20.97	GC2	80	slow	70
ENSG00000133961_NUMB	ENSG00000133961	NUMB	1962	53.13	705	367	18.71	GC2	70	slow	90
ENSG00000133962_CATSPERB	ENSG00000133962	CATSPERB	3342	38.25	1881	1087	32.53	GC3	90	fast	70
ENSG00000133985_TTC9	ENSG00000133985	TTC9	669	62.22	349	120	17.94			fast	70
ENSG00000133997_MED6	ENSG00000133997	MED6	741	42.96	257	136	18.35	GC3		slow	90
ENSG00000134001_EIF2S1	ENSG00000134001	EIF2S1	948	42.31	283	150	15.82	GC3		slow	80
ENSG00000134013_LOXL2	ENSG00000134013	LOXL2	2325	59.37	938	522	22.45		70	slow	80
ENSG00000134014_ELP3	ENSG00000134014	ELP3	1644	45.80	572	320	19.46	GC3	70	slow	90
ENSG00000134020_PEBP4	ENSG00000134020	PEBP4	672	53.36	424	266	39.58	GC1		fast	80
ENSG00000134028_ADAMDEC1	ENSG00000134028	ADAMDEC1	1416	42.37	948	572	40.40	GC3	70	fast	90
ENSG00000134030_CTIF	ENSG00000134030	CTIF	1803	61.41	697	338	18.75			fast	90
ENSG00000134042_MRO	ENSG00000134042	MRO	747	49.72	452	242	32.40	GC1		fast	90
ENSG00000134046_MBD2	ENSG00000134046	MBD2	894	47.96	239	81	9.06	GC3		fast	80
ENSG00000134058_CDK7	ENSG00000134058	CDK7	1041	42.11	361	169	16.23	GC3		slow	90
ENSG00000134061_CD180	ENSG00000134061	CD180	1986	44.06	1281	800	40.28	GC2	90	fast	90
ENSG00000134070_IRAK2	ENSG00000134070	IRAK2	1878	56.33	1241	691	36.79	GC1	80	fast	90
ENSG00000134109_EDEM1	ENSG00000134109	EDEM1	1947	54.07	779	437	22.44	GC1	80	fast	80
ENSG00000134115_CNTN6	ENSG00000134115	CNTN6	3087	44.96	1510	891	28.86	GC3	80	slow	80
ENSG00000134121_CHL1	ENSG00000134121	CHL1	3678	44.79	1892	1069	29.06	GC3	80	slow	80
ENSG00000134138_MEIS2	ENSG00000134138	MEIS2	1434	53.39	282	132	9.21	GC2		fast	80
ENSG00000134146_DPH6	ENSG00000134146	DPH6	804	42.42	316	153	19.03	GC3		slow	90
ENSG00000134152_KATNBL1	ENSG00000134152	KATNBL1	915	37.55	310	130	14.21	GC3		slow	80
ENSG00000134153_EMC7	ENSG00000134153	EMC7	726	48.70	258	158	21.76	GC2		slow	90
ENSG00000134160_TRPM1	ENSG00000134160	TRPM1	4815	50.50	2166	1316	27.33	GC1	80	slow	70
ENSG00000134183_GNAT2	ENSG00000134183	GNAT2	1065	47.95	357	204	19.15	GC1		slow	90
ENSG00000134186_PRPF38B	ENSG00000134186	PRPF38B	1641	47.21	501	225	13.71	GC3	70	slow	80
ENSG00000134198_TSPAN2	ENSG00000134198	TSPAN2	666	49.77	326	156	23.42	GC2		slow	90
ENSG00000134202_GSTM3	ENSG00000134202	GSTM3	678	48.76	270	150	22.12	GC1		slow	80
ENSG00000134207_SYT6	ENSG00000134207	SYT6	1533	58.59	580	287	18.72			slow	90
ENSG00000134215_VAV3	ENSG00000134215	VAV3	2544	43.87	844	496	19.50	GC3	70	slow	90
ENSG00000134222_PSRC1	ENSG00000134222	PSRC1	1002	60.70	682	390	38.92	GC2	70	slow	90
ENSG00000134240_HMGCS2	ENSG00000134240	HMGCS2	1527	53.78	875	483	31.63	GC1	70	fast	90
ENSG00000134242_PTPN22	ENSG00000134242	PTPN22	2436	42.09	1519	911	37.40	GC3	80	fast	90
ENSG00000134243_SORT1	ENSG00000134243	SORT1	2493	50.45	1016	524	21.02	GC2	70	fast	90
ENSG00000134245_WNT2B	ENSG00000134245	WNT2B	1176	60.33	421	245	20.83	GC1		slow	90
ENSG00000134247_PTGFRN	ENSG00000134247	PTGFRN	2637	59.20	1334	813	30.83		80	fast	90
ENSG00000134250_NOTCH2	ENSG00000134250	NOTCH2	7416	56.04	2804	1624	21.90	GC1	80	slow	70
ENSG00000134253_TRIM45	ENSG00000134253	TRIM45	1743	57.26	901	475	27.25	GC1	70	slow	90
ENSG00000134255_CEPT1	ENSG00000134255	CEPT1	1251	41.67	382	198	15.83	GC3	80	slow	90
ENSG00000134256_CD101	ENSG00000134256	CD101	3063	51.74	2128	1336	43.62	GC2	80	fast	90
ENSG00000134258_VTCN1	ENSG00000134258	VTCN1	849	47.77	440	262	30.86	GC2	70	slow	90
ENSG00000134259_NGF	ENSG00000134259	NGF	726	59.97	346	201	27.69			slow	80
ENSG00000134262_AP4B1	ENSG00000134262	AP4B1	2220	51.23	979	549	24.73	GC2	70	slow	90
ENSG00000134265_NAPG	ENSG00000134265	NAPG	939	48.31	356	255	27.16	GC2		slow	90
ENSG00000134278_SPIRE1	ENSG00000134278	SPIRE1	1755	48.74	714	452	25.75	GC2	70	fast	90
ENSG00000134285_FKBP11	ENSG00000134285	FKBP11	606	55.02	219	99	16.34	GC1		slow	80
ENSG00000134291_TMEM106C	ENSG00000134291	TMEM106C	753	50.94	354	202	26.83	GC1		slow	90
ENSG00000134294_SLC38A2	ENSG00000134294	SLC38A2	1521	41.99	586	358	23.54	GC3		slow	90
ENSG00000134308_YWHAQ	ENSG00000134308	YWHAQ	738	50.34	233	100	13.55	GC1		slow	90
ENSG00000134313_KIDINS220	ENSG00000134313	KIDINS220	5319	46.83	2306	1509	28.37	GC3	70	fast	90
ENSG00000134317_GRHL1	ENSG00000134317	GRHL1	1857	49.21	650	441	23.75	GC2		fast	90
ENSG00000134318_ROCK2	ENSG00000134318	ROCK2	4077	39.67	1314	726	17.81	GC3	70	slow	90
ENSG00000134321_RSAD2	ENSG00000134321	RSAD2	1086	50.88	577	428	39.41	GC1	80	fast	90
ENSG00000134324_LPIN1	ENSG00000134324	LPIN1	2784	54.18	1280	841	30.21	GC1	70	fast	80
ENSG00000134326_CMPK2	ENSG00000134326	CMPK2	1317	60.21	799	447	33.94	GC1	70	fast	70
ENSG00000134330_IAH1	ENSG00000134330	IAH1	750	52.70	464	290	38.67	GC2		fast	90
ENSG00000134343_ANO3	ENSG00000134343	ANO3	2946	42.56	1096	649	22.03	GC3	80	slow	90
ENSG00000134352_IL6ST	ENSG00000134352	IL6ST	2760	40.94	1440	779	28.22	GC3	70	slow	90
ENSG00000134363_FST	ENSG00000134363	FST	1035	53.69	284	159	15.36	GC1		slow	90
ENSG00000134369_NAV1	ENSG00000134369	NAV1	5625	60.23	2279	1171	20.82		90	fast	80
ENSG00000134371_CDC73	ENSG00000134371	CDC73	1596	44.73	490	225	14.10	GC3		slow	80
ENSG00000134376_CRB1	ENSG00000134376	CRB1	4221	49.96	2671	1662	39.37	GC2	90	fast	80
ENSG00000134398_ERN2	ENSG00000134398	ERN2	2778	61.79	1532	839	30.20	GC1	70	slow	70
ENSG00000134438_RAX	ENSG00000134438	RAX	1035	70.81	627	309	29.86			fast	70
ENSG00000134440_NARS	ENSG00000134440	NARS	1647	47.90	614	411	24.95	GC2		slow	90
ENSG00000134444_KIAA1468	ENSG00000134444	KIAA1468	3651	45.62	1309	695	19.04	GC3		slow	90
ENSG00000134452_FBXO18	ENSG00000134452	FBXO18	3141	52.15	1472	902	28.72	GC1	80	fast	90
ENSG00000134453_RBM17	ENSG00000134453	RBM17	1206	49.43	418	261	21.64	GC2		fast	90
ENSG00000134463_ECHDC3	ENSG00000134463	ECHDC3	909	58.59	458	269	29.59	GC1		fast	90
ENSG00000134480_CCNH	ENSG00000134480	CCNH	972	41.89	451	196	20.16	GC3		fast	80
ENSG00000134489_HRH4	ENSG00000134489	HRH4	1170	42.41	829	526	44.96	GC3	90	fast	90
ENSG00000134490_TMEM241	ENSG00000134490	TMEM241	891	49.05	457	220	24.69	GC2		fast	80
ENSG00000134504_KCTD1	ENSG00000134504	KCTD1	789	50.23	158	98	12.42	GC2		slow	70
ENSG00000134508_CABLES1	ENSG00000134508	CABLES1	1383	55.00	570	306	22.13	GC1		fast	90
ENSG00000134516_DOCK2	ENSG00000134516	DOCK2	5493	49.88	1930	979	17.82	GC1	80	fast	80
ENSG00000134532_SOX5	ENSG00000134532	SOX5	2292	51.48	547	278	12.13	GC2		slow	90
ENSG00000134533_RERG	ENSG00000134533	RERG	600	48.81	199	90	15.00	GC2		slow	80
ENSG00000134569_LRP4	ENSG00000134569	LRP4	5718	57.62	1956	1104	19.31	GC1	70	slow	90
ENSG00000134571_MYBPC3	ENSG00000134571	MYBPC3	3819	61.87	1982	922	24.14		70	fast	90
ENSG00000134574_DDB2	ENSG00000134574	DDB2	1284	54.37	667	313	24.38	GC1	70	fast	90
ENSG00000134575_ACP2	ENSG00000134575	ACP2	1272	58.25	585	282	22.17	GC1		fast	90
ENSG00000134588_USP26	ENSG00000134588	USP26	2769	40.36	2197	1416	51.14	GC3	80	fast	70
ENSG00000134594_RAB33A	ENSG00000134594	RAB33A	714	54.85	197	79	11.06	GC1		slow	80
ENSG00000134597_RBMX2	ENSG00000134597	RBMX2	984	50.87	577	308	31.30	GC2	70	fast	70
ENSG00000134602_STK26	ENSG00000134602	STK26	1251	41.64	412	200	15.99	GC3		slow	90
ENSG00000134627_PIWIL4	ENSG00000134627	PIWIL4	2559	49.19	1494	932	36.42	GC2	70	fast	90
ENSG00000134644_PUM1	ENSG00000134644	PUM1	3567	52.25	730	396	11.10	GC2	70	slow	90
ENSG00000134684_YARS	ENSG00000134684	YARS	1587	50.67	590	327	20.60	GC2		slow	90
ENSG00000134686_PHC2	ENSG00000134686	PHC2	2580	60.85	1064	517	20.04	GC1		slow	90
ENSG00000134690_CDCA8	ENSG00000134690	CDCA8	840	51.36	365	206	24.52	GC2		fast	90
ENSG00000134697_GNL2	ENSG00000134697	GNL2	2190	47.94	1139	643	29.36	GC2		slow	90
ENSG00000134698_AGO4	ENSG00000134698	AGO4	2580	48.28	713	363	14.07	GC3	70	slow	90
ENSG00000134709_HOOK1	ENSG00000134709	HOOK1	2187	40.64	814	449	20.53	GC3	70	slow	90
ENSG00000134744_ZCCHC11	ENSG00000134744	ZCCHC11	4938	40.89	1808	861	17.44	GC3	80	slow	90
ENSG00000134748_PRPF38A	ENSG00000134748	PRPF38A	939	49.84	290	167	17.78	GC2		slow	80
ENSG00000134755_DSC2	ENSG00000134755	DSC2	2706	43.93	1679	1060	39.17	GC3	80	fast	90
ENSG00000134757_DSG3	ENSG00000134757	DSG3	2967	45.42	1848	1190	40.11	GC3	80	fast	90
ENSG00000134758_RNF138	ENSG00000134758	RNF138	738	41.39	181	75	10.16	GC3		slow	90
ENSG00000134759_ELP2	ENSG00000134759	ELP2	2481	44.43	1075	574	23.14	GC3	80	slow	90
ENSG00000134762_DSC3	ENSG00000134762	DSC3	2694	43.45	1573	991	36.79	GC3	70	fast	90
ENSG00000134765_DSC1	ENSG00000134765	DSC1	2694	42.83	1526	933	34.63	GC3	80	fast	90
ENSG00000134769_DTNA	ENSG00000134769	DTNA	2223	51.27	726	402	18.08	GC2	70	slow	90
ENSG00000134775_FHOD3	ENSG00000134775	FHOD3	4152	54.91	1924	987	23.77	GC1	80	fast	90
ENSG00000134779_TPGS2	ENSG00000134779	TPGS2	885	49.96	366	198	22.37	GC2		fast	80
ENSG00000134780_DAGLA	ENSG00000134780	DAGLA	3132	63.74	939	445	14.21		70	slow	70
ENSG00000134812_GIF	ENSG00000134812	GIF	1254	51.79	802	511	40.75	GC1	70	fast	90
ENSG00000134815_DHX34	ENSG00000134815	DHX34	3435	65.10	1858	967	28.15			fast	90
ENSG00000134824_FADS2	ENSG00000134824	FADS2	1335	56.44	604	305	22.85			fast	80
ENSG00000134851_TMEM165	ENSG00000134851	TMEM165	972	48.68	414	238	24.49	GC3		fast	90
ENSG00000134852_CLOCK	ENSG00000134852	CLOCK	2541	42.66	809	424	16.69	GC3	80	slow	90
ENSG00000134853_PDGFRA	ENSG00000134853	PDGFRA	3270	49.72	1434	847	25.90	GC1	70	slow	90
ENSG00000134873_CLDN10	ENSG00000134873	CLDN10	693	48.22	284	129	18.61	GC2		fast	90
ENSG00000134874_DZIP1	ENSG00000134874	DZIP1	2604	47.59	1474	842	32.33	GC2	80	fast	90
ENSG00000134882_UBAC2	ENSG00000134882	UBAC2	1038	49.65	509	311	29.96	GC2	70	fast	90
ENSG00000134900_TPP2	ENSG00000134900	TPP2	3789	44.25	1472	986	26.02	GC3	80	slow	90
ENSG00000134901_KDELC1	ENSG00000134901	KDELC1	1509	44.49	644	348	23.06	GC3	70	slow	90
ENSG00000134910_STT3A	ENSG00000134910	STT3A	2118	47.30	535	319	15.06	GC2	70	slow	90
ENSG00000134917_ADAMTS8	ENSG00000134917	ADAMTS8	2655	62.46	1401	774	29.15		70	fast	80
ENSG00000134954_ETS1	ENSG00000134954	ETS1	1329	52.69	524	270	20.32	GC1		fast	90
ENSG00000134955_SLC37A2	ENSG00000134955	SLC37A2	1518	57.17	724	468	30.83			slow	80
ENSG00000134962_KLB	ENSG00000134962	KLB	3138	49.26	1546	888	28.30	GC2	80	fast	90
ENSG00000134987_WDR36	ENSG00000134987	WDR36	2697	42.50	1111	641	23.77	GC3	70	slow	90
ENSG00000134996_OSTF1	ENSG00000134996	OSTF1	645	46.72	294	146	22.64	GC3		fast	90
ENSG00000135018_UBQLN1	ENSG00000135018	UBQLN1	1770	48.36	568	259	14.63	GC3	70	slow	80
ENSG00000135040_NAA35	ENSG00000135040	NAA35	2178	40.79	596	232	10.65	GC3		fast	90
ENSG00000135046_ANXA1	ENSG00000135046	ANXA1	1041	45.04	500	281	26.99	GC3		slow	90
ENSG00000135048_TMEM2	ENSG00000135048	TMEM2	4152	47.71	1996	1167	28.11	GC2	80	slow	90
ENSG00000135049_AGTPBP1	ENSG00000135049	AGTPBP1	3684	40.36	1516	815	22.12	GC3	80	slow	90
ENSG00000135052_GOLM1	ENSG00000135052	GOLM1	1218	55.71	787	480	39.41	GC1	70	fast	90
ENSG00000135063_FAM189A2	ENSG00000135063	FAM189A2	1353	56.27	671	419	30.97	GC1		fast	90
ENSG00000135069_PSAT1	ENSG00000135069	PSAT1	1113	49.40	540	292	26.24	GC2		slow	90
ENSG00000135074_ADAM19	ENSG00000135074	ADAM19	2727	57.94	1442	755	27.69	GC1	80	fast	90
ENSG00000135077_HAVCR2	ENSG00000135077	HAVCR2	879	49.56	605	352	40.05	GC2		fast	
ENSG00000135090_TAOK3	ENSG00000135090	TAOK3	2697	46.92	689	327	12.12	GC2		slow	90
ENSG00000135093_USP30	ENSG00000135093	USP30	1554	55.38	695	412	26.51	GC1	70	fast	90
ENSG00000135097_MSI1	ENSG00000135097	MSI1	990	59.13	241	101	10.20	GC1		fast	80
ENSG00000135100_HNF1A	ENSG00000135100	HNF1A	1896	64.33	692	348	18.35			fast	80
ENSG00000135108_FBXO21	ENSG00000135108	FBXO21	1884	51.81	578	338	17.94	GC1		fast	90
ENSG00000135111_TBX3	ENSG00000135111	TBX3	2235	61.47	1233	507	22.68		70	slow	70
ENSG00000135114_OASL	ENSG00000135114	OASL	1548	56.22	1138	744	48.06		70	fast	90
ENSG00000135119_RNFT2	ENSG00000135119	RNFT2	1335	60.43	578	295	22.10		70	slow	90
ENSG00000135124_P2RX4	ENSG00000135124	P2RX4	1167	53.13	655	349	29.91	GC1	70	fast	90
ENSG00000135127_CCDC64	ENSG00000135127	CCDC64	1650	58.99	716	350	21.21	GC1		fast	90
ENSG00000135148_TRAFD1	ENSG00000135148	TRAFD1	1749	52.36	1076	565	32.30	GC2	80	slow	90
ENSG00000135205_CCDC146	ENSG00000135205	CCDC146	2868	40.88	1488	830	28.94	GC3	70	fast	90
ENSG00000135218_CD36	ENSG00000135218	CD36	1419	40.22	687	381	26.85	GC3	70	fast	70
ENSG00000135222_CSN2	ENSG00000135222	CSN2	681	50.07	585	383	56.24	GC2	70	fast	80
ENSG00000135241_PNPLA8	ENSG00000135241	PNPLA8	2352	39.94	1211	683	29.04	GC3	90	fast	90
ENSG00000135248_FAM71F1	ENSG00000135248	FAM71F1	1035	53.55	579	303	29.28	GC1	70	fast	90
ENSG00000135249_RINT1	ENSG00000135249	RINT1	2379	43.30	1075	624	26.23	GC3	80	slow	90
ENSG00000135250_SRPK2	ENSG00000135250	SRPK2	2061	47.97	722	419	20.33	GC3		slow	90
ENSG00000135272_MDFIC	ENSG00000135272	MDFIC	741	49.54	381	202	27.26	GC2		fast	90
ENSG00000135297_MTO1	ENSG00000135297	MTO1	2079	48.78	1038	625	30.06	GC3	70	slow	90
ENSG00000135298_BAI3	ENSG00000135298	BAI3	4161	45.94	1081	620	14.90	GC3	80	slow	90
ENSG00000135299_ANKRD6	ENSG00000135299	ANKRD6	2184	55.12	975	523	23.95	GC1	80	fast	90
ENSG00000135315_CEP162	ENSG00000135315	CEP162	4221	39.11	2594	1344	31.84	GC3	90	fast	90
ENSG00000135316_SYNCRIP	ENSG00000135316	SYNCRIP	1872	43.55	317	132	7.05	GC3		slow	90
ENSG00000135317_SNX14	ENSG00000135317	SNX14	2841	39.34	957	489	17.21	GC3	80	slow	90
ENSG00000135318_NT5E	ENSG00000135318	NT5E	1725	47.44	833	450	26.09	GC2	80	fast	90
ENSG00000135324_MRAP2	ENSG00000135324	MRAP2	621	46.08	290	144	23.19	GC2	70	slow	80
ENSG00000135333_EPHA7	ENSG00000135333	EPHA7	2997	45.19	768	320	10.68	GC3	80	slow	80
ENSG00000135334_AKIRIN2	ENSG00000135334	AKIRIN2	612	49.96	254	106	17.32	GC3		slow	90
ENSG00000135336_ORC3	ENSG00000135336	ORC3	2142	41.36	1074	514	24.00	GC3	80	slow	90
ENSG00000135338_LCA5	ENSG00000135338	LCA5	2103	40.41	1327	755	35.90	GC3	70	slow	90
ENSG00000135341_MAP3K7	ENSG00000135341	MAP3K7	1821	45.27	522	248	13.62	GC3	70	slow	90
ENSG00000135362_PRR5L	ENSG00000135362	PRR5L	1107	60.53	482	252	22.76		70	fast	90
ENSG00000135365_PHF21A	ENSG00000135365	PHF21A	2046	51.27	448	200	9.78	GC2		slow	90
ENSG00000135372_NAT10	ENSG00000135372	NAT10	3081	53.05	1202	686	22.27	GC1	70	fast	90
ENSG00000135373_EHF	ENSG00000135373	EHF	903	50.44	331	195	21.59	GC1		slow	90
ENSG00000135374_ELF5	ENSG00000135374	ELF5	798	50.04	289	168	21.05	GC1		slow	90
ENSG00000135378_PRRG4	ENSG00000135378	PRRG4	684	43.02	401	221	32.31	GC3		fast	90
ENSG00000135387_CAPRIN1	ENSG00000135387	CAPRIN1	2124	48.57	682	323	15.21	GC3		slow	90
ENSG00000135404_CD63	ENSG00000135404	CD63	717	53.10	401	219	30.54	GC1		fast	70
ENSG00000135406_PRPH	ENSG00000135406	PRPH	1410	65.21	467	215	15.25			slow	80
ENSG00000135407_AVIL	ENSG00000135407	AVIL	2460	54.36	1128	620	25.20	GC1	70	slow	90
ENSG00000135409_AMHR2	ENSG00000135409	AMHR2	1722	62.15	975	521	30.26	GC1	70	fast	90
ENSG00000135414_GDF11	ENSG00000135414	GDF11	1074	59.81	280	107	9.96			slow	70
ENSG00000135423_GLS2	ENSG00000135423	GLS2	1809	54.96	623	347	19.18	GC1	70	slow	90
ENSG00000135424_ITGA7	ENSG00000135424	ITGA7	3546	60.90	2027	844	23.80	GC1	70	fast	80
ENSG00000135426_TESPA1	ENSG00000135426	TESPA1	1557	52.43	932	528	33.91	GC2	80	fast	90
ENSG00000135437_RDH5	ENSG00000135437	RDH5	957	61.60	474	275	28.74	GC1	80	slow	80
ENSG00000135439_AGAP2	ENSG00000135439	AGAP2	3573	63.88	1637	605	16.93	GC1	80	fast	80
ENSG00000135446_CDK4	ENSG00000135446	CDK4	912	54.98	279	156	17.11	GC2		slow	70
ENSG00000135451_TROAP	ENSG00000135451	TROAP	2160	60.23	1523	851	39.40	GC2	80	fast	90
ENSG00000135452_TSPAN31	ENSG00000135452	TSPAN31	633	49.14	253	119	18.80	GC2		slow	90
ENSG00000135457_TFCP2	ENSG00000135457	TFCP2	1509	46.27	437	234	15.51	GC2		slow	80
ENSG00000135472_FAIM2	ENSG00000135472	FAIM2	951	56.84	311	172	18.09			fast	80
ENSG00000135473_PAN2	ENSG00000135473	PAN2	3609	52.02	1143	563	15.60	GC1	80	slow	90
ENSG00000135476_ESPL1	ENSG00000135476	ESPL1	6342	58.71	3716	2165	34.14	GC1	80	fast	90
ENSG00000135482_ZC3H10	ENSG00000135482	ZC3H10	1308	58.58	341	185	14.14	GC2	70	slow	80
ENSG00000135486_HNRNPA1	ENSG00000135486	HNRNPA1	1119	48.83	305	110	9.83	GC3		slow	
ENSG00000135503_ACVR1B	ENSG00000135503	ACVR1B	1518	54.85	527	305	20.09	GC1		fast	90
ENSG00000135506_OS9	ENSG00000135506	OS9	2007	56.55	955	520	25.91	GC1	70	fast	90
ENSG00000135517_MIP	ENSG00000135517	MIP	792	58.81	291	143	18.06	GC1		slow	90
ENSG00000135519_KCNH3	ENSG00000135519	KCNH3	3255	64.47	1301	621	19.08		70	slow	80
ENSG00000135525_MAP7	ENSG00000135525	MAP7	2166	55.32	1181	710	32.78	GC2	80	fast	90
ENSG00000135537_LACE1	ENSG00000135537	LACE1	1443	45.16	578	308	21.34	GC3	70	slow	90
ENSG00000135541_AHI1	ENSG00000135541	AHI1	3537	41.26	1977	1101	31.13	GC3	90	fast	90
ENSG00000135547_HEY2	ENSG00000135547	HEY2	1014	57.83	367	212	20.91	GC1	70	slow	80
ENSG00000135577_NMBR	ENSG00000135577	NMBR	1173	50.96	555	309	26.34	GC1		fast	90
ENSG00000135587_SMPD2	ENSG00000135587	SMPD2	1272	57.02	730	439	34.51	GC1	80	slow	90
ENSG00000135604_STX11	ENSG00000135604	STX11	864	62.80	465	275	31.83			slow	90
ENSG00000135605_TEC	ENSG00000135605	TEC	1896	42.16	724	408	21.52	GC3	70	slow	90
ENSG00000135622_SEMA4F	ENSG00000135622	SEMA4F	2313	59.15	1018	502	21.70	GC1	70	slow	80
ENSG00000135625_EGR4	ENSG00000135625	EGR4	1458	67.90	621	314	21.54		70	slow	70
ENSG00000135631_RAB11FIP5	ENSG00000135631	RAB11FIP5	3198	65.36	1612	720	22.51			fast	80
ENSG00000135632_SMYD5	ENSG00000135632	SMYD5	1254	56.52	454	207	16.51	GC1		slow	80
ENSG00000135636_DYSF	ENSG00000135636	DYSF	6249	58.09	2488	1392	22.28		80	fast	90
ENSG00000135637_CCDC142	ENSG00000135637	CCDC142	2256	64.02	1430	778	34.49	GC1	80	fast	80
ENSG00000135655_USP15	ENSG00000135655	USP15	2946	38.64	745	294	9.98	GC3	70	slow	90
ENSG00000135677_GNS	ENSG00000135677	GNS	1659	48.82	829	449	27.06	GC2	70	slow	90
ENSG00000135678_CPM	ENSG00000135678	CPM	1332	44.38	713	419	31.46	GC3	70	fast	90
ENSG00000135679_MDM2	ENSG00000135679	MDM2	1476	42.50	712	415	28.12	GC3		slow	90
ENSG00000135686_KLHL36	ENSG00000135686	KLHL36	1851	63.29	542	309	16.69			slow	80
ENSG00000135697_BCO1	ENSG00000135697	BCO1	1644	51.16	864	520	31.63	GC1	80	fast	80
ENSG00000135709_KIAA0513	ENSG00000135709	KIAA0513	1236	59.02	514	307	24.84		70	fast	90
ENSG00000135720_DYNC1LI2	ENSG00000135720	DYNC1LI2	1479	49.32	549	253	17.11	GC2		slow	90
ENSG00000135723_FHOD1	ENSG00000135723	FHOD1	3489	60.92	1687	960	27.52	GC1	80	fast	80
ENSG00000135740_SLC9A5	ENSG00000135740	SLC9A5	2691	58.83	906	462	17.17		70	slow	90
ENSG00000135744_AGT	ENSG00000135744	AGT	1458	61.67	1046	676	46.36		70	fast	80
ENSG00000135750_KCNK1	ENSG00000135750	KCNK1	1011	55.91	435	245	24.23		70	fast	90
ENSG00000135763_URB2	ENSG00000135763	URB2	4575	53.59	3076	2114	46.21	GC1	90	fast	90
ENSG00000135766_EGLN1	ENSG00000135766	EGLN1	957	54.26	372	134	14.00	GC2		fast	90
ENSG00000135775_COG2	ENSG00000135775	COG2	2217	47.56	1096	726	32.75	GC2	80	fast	90
ENSG00000135776_ABCB10	ENSG00000135776	ABCB10	1797	52.04	888	571	31.78	GC2		slow	70
ENSG00000135801_TAF5L	ENSG00000135801	TAF5L	1770	55.08	721	496	28.02	GC1	70	slow	80
ENSG00000135828_RNASEL	ENSG00000135828	RNASEL	2223	48.84	1592	1082	48.67	GC2	80	fast	70
ENSG00000135835_KIAA1614	ENSG00000135835	KIAA1614	3567	64.64	2760	1614	45.25	GC1	90	fast	80
ENSG00000135837_CEP350	ENSG00000135837	CEP350	9363	42.71	4484	2288	24.44	GC3	90	slow	90
ENSG00000135838_NPL	ENSG00000135838	NPL	963	48.25	449	232	24.09	GC2		slow	90
ENSG00000135842_FAM129A	ENSG00000135842	FAM129A	2781	52.35	1705	1026	36.89	GC2	80	fast	90
ENSG00000135862_LAMC1	ENSG00000135862	LAMC1	4725	52.85	1931	1066	22.56	GC2	70	slow	90
ENSG00000135870_RC3H1	ENSG00000135870	RC3H1	3399	49.23	1171	571	16.80	GC3	80	slow	90
ENSG00000135898_GPR55	ENSG00000135898	GPR55	960	54.45	513	304	31.67		90	slow	70
ENSG00000135900_MRPL44	ENSG00000135900	MRPL44	999	50.97	529	329	32.93	GC2		fast	90
ENSG00000135903_PAX3	ENSG00000135903	PAX3	1515	57.16	468	259	17.10	GC1		fast	90
ENSG00000135905_DOCK10	ENSG00000135905	DOCK10	6534	44.38	2676	1586	24.27	GC2	90	slow	90
ENSG00000135912_TTLL4	ENSG00000135912	TTLL4	3606	53.82	1780	925	25.65	GC1	80	fast	70
ENSG00000135913_USP37	ENSG00000135913	USP37	2946	42.45	1042	520	17.65	GC3	70	slow	90
ENSG00000135916_ITM2C	ENSG00000135916	ITM2C	804	61.84	331	184	22.89			slow	80
ENSG00000135917_SLC19A3	ENSG00000135917	SLC19A3	1491	48.20	840	527	35.35	GC2	70	fast	80
ENSG00000135919_SERPINE2	ENSG00000135919	SERPINE2	1194	50.55	662	378	31.66	GC1		fast	90
ENSG00000135926_TMBIM1	ENSG00000135926	TMBIM1	936	55.29	463	243	25.96	GC1	70	fast	80
ENSG00000135931_ARMC9	ENSG00000135931	ARMC9	1998	52.29	860	506	25.33	GC1		fast	90
ENSG00000135932_CAB39	ENSG00000135932	CAB39	1026	41.35	291	164	15.98	GC2		slow	90
ENSG00000135945_REV1	ENSG00000135945	REV1	3765	46.44	1930	1288	34.21	GC3	80	fast	90
ENSG00000135951_TSGA10	ENSG00000135951	TSGA10	2094	41.19	736	351	16.76	GC3		slow	90
ENSG00000135953_MFSD9	ENSG00000135953	MFSD9	1428	59.11	880	613	42.93	GC1	70	fast	70
ENSG00000135956_TMEM127	ENSG00000135956	TMEM127	717	62.12	196	116	16.18			slow	80
ENSG00000135960_EDAR	ENSG00000135960	EDAR	1347	58.48	659	413	30.66	GC1	70	fast	90
ENSG00000135966_TGFBRAP1	ENSG00000135966	TGFBRAP1	2583	57.53	1194	787	30.47		80	fast	90
ENSG00000135968_GCC2	ENSG00000135968	GCC2	5064	38.64	3028	1864	36.81	GC3	80	fast	90
ENSG00000135972_MRPS9	ENSG00000135972	MRPS9	1191	47.70	667	410	34.42	GC2		fast	90
ENSG00000135973_GPR45	ENSG00000135973	GPR45	1119	61.04	482	311	27.79		70	slow	70
ENSG00000135974_C2orf49	ENSG00000135974	C2orf49	699	46.29	339	184	26.32	GC2		slow	90
ENSG00000135999_EPC2	ENSG00000135999	EPC2	2328	42.78	622	225	9.66	GC3	70	slow	90
ENSG00000136002_ARHGEF4	ENSG00000136002	ARHGEF4	1908	59.35	895	415	21.75			slow	
ENSG00000136010_ALDH1L2	ENSG00000136010	ALDH1L2	2772	47.48	1062	658	23.74	GC2		slow	80
ENSG00000136011_STAB2	ENSG00000136011	STAB2	7656	52.77	4372	2553	33.35	GC1	80	fast	80
ENSG00000136014_USP44	ENSG00000136014	USP44	2139	40.85	858	389	18.19	GC3	80	slow	90
ENSG00000136021_SCYL2	ENSG00000136021	SCYL2	2790	39.95	1129	493	17.67	GC3	70	slow	90
ENSG00000136026_CKAP4	ENSG00000136026	CKAP4	1602	59.72	945	495	30.90		80	fast	80
ENSG00000136040_PLXNC1	ENSG00000136040	PLXNC1	4674	48.39	2260	1157	24.75	GC2	80	fast	90
ENSG00000136044_APPL2	ENSG00000136044	APPL2	1989	48.25	769	470	23.63	GC2	70	fast	90
ENSG00000136045_PWP1	ENSG00000136045	PWP1	1503	46.23	584	310	20.63	GC3	70	slow	90
ENSG00000136048_DRAM1	ENSG00000136048	DRAM1	717	47.90	327	179	24.97	GC2		fast	90
ENSG00000136051_KIAA1033	ENSG00000136051	KIAA1033	3522	38.76	1141	583	16.55	GC3	70	slow	90
ENSG00000136052_SLC41A2	ENSG00000136052	SLC41A2	1722	43.38	682	439	25.49	GC3	80	slow	90
ENSG00000136059_VILL	ENSG00000136059	VILL	2571	60.48	1707	960	37.34		70	fast	80
ENSG00000136068_FLNB	ENSG00000136068	FLNB	7809	56.92	2831	1693	21.68	GC1	80	slow	90
ENSG00000136100_VPS36	ENSG00000136100	VPS36	1161	46.11	423	198	17.05	GC2		slow	90
ENSG00000136104_RNASEH2B	ENSG00000136104	RNASEH2B	936	39.30	501	284	30.34	GC3		fast	90
ENSG00000136108_CKAP2	ENSG00000136108	CKAP2	2052	41.25	1441	834	40.64	GC3	70	fast	80
ENSG00000136110_LECT1	ENSG00000136110	LECT1	1005	51.05	452	210	20.90	GC2		fast	80
ENSG00000136111_TBC1D4	ENSG00000136111	TBC1D4	3843	50.11	1671	915	23.81	GC2	80	fast	90
ENSG00000136122_BORA	ENSG00000136122	BORA	1857	44.26	1083	631	33.98	GC3	70	fast	90
ENSG00000136141_LRCH1	ENSG00000136141	LRCH1	2253	47.71	1030	548	24.32	GC2		fast	90
ENSG00000136143_SUCLA2	ENSG00000136143	SUCLA2	1392	43.55	537	266	19.11	GC3		fast	90
ENSG00000136144_RCBTB1	ENSG00000136144	RCBTB1	1596	48.59	518	327	20.49	GC2		fast	90
ENSG00000136146_MED4	ENSG00000136146	MED4	813	45.26	315	159	19.56	GC3		slow	80
ENSG00000136152_COG3	ENSG00000136152	COG3	2487	43.68	996	536	21.55	GC3	70	slow	90
ENSG00000136153_LMO7	ENSG00000136153	LMO7	4890	47.12	2651	1646	33.66	GC3	80	fast	90
ENSG00000136155_SCEL	ENSG00000136155	SCEL	2067	41.88	1311	679	32.85	GC3	70	fast	90
ENSG00000136156_ITM2B	ENSG00000136156	ITM2B	801	45.37	297	175	21.85	GC2		slow	90
ENSG00000136160_EDNRB	ENSG00000136160	EDNRB	1332	48.94	645	411	30.86	GC2	70	slow	90
ENSG00000136161_RCBTB2	ENSG00000136161	RCBTB2	1656	49.37	750	445	26.87	GC2	70	slow	90
ENSG00000136167_LCP1	ENSG00000136167	LCP1	1884	47.75	693	419	22.24	GC2		slow	90
ENSG00000136169_SETDB2	ENSG00000136169	SETDB2	2157	38.95	1283	681	31.57	GC3	90	fast	90
ENSG00000136197_C7orf25	ENSG00000136197	C7orf25	1266	46.86	458	255	20.14	GC3		slow	70
ENSG00000136213_CHST12	ENSG00000136213	CHST12	1239	62.85	549	370	29.86		70	slow	70
ENSG00000136231_IGF2BP3	ENSG00000136231	IGF2BP3	1740	47.49	539	285	16.38	GC3		slow	90
ENSG00000136235_GPNMB	ENSG00000136235	GPNMB	1698	49.48	1124	708	41.70	GC2	80	slow	80
ENSG00000136237_RAPGEF5	ENSG00000136237	RAPGEF5	2196	45.73	838	473	21.54	GC2	80	slow	90
ENSG00000136238_RAC1	ENSG00000136238	RAC1	636	50.11	190	121	19.03	GC2		slow	70
ENSG00000136240_KDELR2	ENSG00000136240	KDELR2	639	49.02	235	135	21.13	GC1		slow	90
ENSG00000136243_NUPL2	ENSG00000136243	NUPL2	1272	45.60	839	466	36.64	GC3	70	slow	90
ENSG00000136244_IL6	ENSG00000136244	IL6	639	48.56	478	320	50.08	GC1	70	fast	80
ENSG00000136247_ZDHHC4	ENSG00000136247	ZDHHC4	1032	50.29	676	403	39.05	GC1		fast	80
ENSG00000136250_AOAH	ENSG00000136250	AOAH	1728	47.54	1004	580	33.56	GC2	70	fast	90
ENSG00000136261_BZW2	ENSG00000136261	BZW2	1260	46.17	330	193	15.32	GC2		slow	90
ENSG00000136267_DGKB	ENSG00000136267	DGKB	2412	44.76	807	423	17.54	GC3	70	slow	70
ENSG00000136270_TBRG4	ENSG00000136270	TBRG4	1899	60.95	1087	677	35.65		90	fast	70
ENSG00000136271_DDX56	ENSG00000136271	DDX56	1644	58.70	769	483	29.38	GC1	80	fast	90
ENSG00000136273_HUS1	ENSG00000136273	HUS1	843	45.02	441	287	34.05	GC2	70	fast	90
ENSG00000136279_DBNL	ENSG00000136279	DBNL	1305	61.79	617	382	29.27		70	fast	80
ENSG00000136280_CCM2	ENSG00000136280	CCM2	1380	59.31	680	373	27.03			slow	70
ENSG00000136295_TTYH3	ENSG00000136295	TTYH3	1575	66.19	824	308	19.56			slow	
ENSG00000136319_TTC5	ENSG00000136319	TTC5	1323	53.93	522	280	21.16	GC1		slow	90
ENSG00000136381_IREB2	ENSG00000136381	IREB2	2895	45.04	1298	792	27.36	GC3	90	slow	90
ENSG00000136404_TM6SF1	ENSG00000136404	TM6SF1	1113	48.09	528	337	30.28	GC2		fast	90
ENSG00000136436_CALCOCO2	ENSG00000136436	CALCOCO2	1350	46.75	892	451	33.41	GC2	70	fast	90
ENSG00000136448_NMT1	ENSG00000136448	NMT1	1491	52.77	476	228	15.29	GC1		slow	90
ENSG00000136449_MYCBPAP	ENSG00000136449	MYCBPAP	2859	54.67	1839	1119	39.14	GC1	70	fast	80
ENSG00000136450_SRSF1	ENSG00000136450	SRSF1	747	55.10	138	92	12.32	GC2		slow	90
ENSG00000136451_VEZF1	ENSG00000136451	VEZF1	1527	50.58	382	180	11.79	GC2		slow	90
ENSG00000136463_TACO1	ENSG00000136463	TACO1	894	54.81	480	262	29.31	GC1		fast	80
ENSG00000136478_TEX2	ENSG00000136478	TEX2	3393	51.11	1587	832	24.52	GC2	80	fast	90
ENSG00000136485_DCAF7	ENSG00000136485	DCAF7	1029	54.24	326	171	16.62	GC1		slow	90
ENSG00000136492_BRIP1	ENSG00000136492	BRIP1	3723	39.69	2048	1053	28.28	GC3	70	slow	80
ENSG00000136504_KAT7	ENSG00000136504	KAT7	1836	47.28	488	278	15.14	GC2	70	slow	90
ENSG00000136514_RTP4	ENSG00000136514	RTP4	738	51.34	575	433	58.67	GC2		fast	70
ENSG00000136518_ACTL6A	ENSG00000136518	ACTL6A	1290	44.43	466	259	20.08	GC3		slow	90
ENSG00000136522_MRPL47	ENSG00000136522	MRPL47	759	42.96	395	233	30.70	GC3	70	slow	90
ENSG00000136527_TRA2B	ENSG00000136527	TRA2B	867	48.26	323	132	15.22	GC3		slow	90
ENSG00000136531_SCN2A	ENSG00000136531	SCN2A	6021	43.62	1845	1074	17.84	GC2	70	slow	90
ENSG00000136536_MARCH7	ENSG00000136536	MARCH7	2124	41.12	864	387	18.22	GC3	80	slow	80
ENSG00000136541_ERMN	ENSG00000136541	ERMN	855	42.54	602	355	41.52	GC3		fast	90
ENSG00000136542_GALNT5	ENSG00000136542	GALNT5	2823	45.82	1652	964	34.15	GC3	80	slow	90
ENSG00000136546_SCN7A	ENSG00000136546	SCN7A	5040	38.19	2977	1732	34.37	GC3	90	fast	90
ENSG00000136573_BLK	ENSG00000136573	BLK	1503	56.19	592	313	20.83	GC1	70	slow	
ENSG00000136574_GATA4	ENSG00000136574	GATA4	1329	66.38	428	218	16.40			fast	80
ENSG00000136603_SKIL	ENSG00000136603	SKIL	2055	41.96	761	350	17.03	GC3	80	slow	80
ENSG00000136628_EPRS	ENSG00000136628	EPRS	4539	45.55	2168	1354	29.83	GC3	70	slow	90
ENSG00000136630_HLX	ENSG00000136630	HLX	1461	66.44	709	386	26.42			fast	80
ENSG00000136631_VPS45	ENSG00000136631	VPS45	1713	43.98	562	272	15.88	GC3	70	slow	90
ENSG00000136636_KCTD3	ENSG00000136636	KCTD3	2436	48.90	1082	718	29.47	GC3	70	fast	90
ENSG00000136709_WDR33	ENSG00000136709	WDR33	4011	54.02	1493	814	20.29	GC3	70	slow	90
ENSG00000136715_SAP130	ENSG00000136715	SAP130	3180	53.88	1252	770	24.21	GC2	70	fast	90
ENSG00000136717_BIN1	ENSG00000136717	BIN1	1785	60.04	577	279	15.63			fast	70
ENSG00000136718_IMP4	ENSG00000136718	IMP4	876	59.39	380	235	26.83	GC1	70	slow	80
ENSG00000136720_HS6ST1	ENSG00000136720	HS6ST1	1218	65.84	402	147	12.07			fast	70
ENSG00000136731_UGGT1	ENSG00000136731	UGGT1	4662	43.98	1936	1179	25.29	GC3	80	slow	90
ENSG00000136738_STAM	ENSG00000136738	STAM	1617	45.42	708	406	25.11	GC3		slow	90
ENSG00000136750_GAD2	ENSG00000136750	GAD2	1758	49.52	603	352	20.02	GC2		fast	90
ENSG00000136754_ABI1	ENSG00000136754	ABI1	1527	48.30	471	197	12.90	GC3		slow	80
ENSG00000136770_DNAJC1	ENSG00000136770	DNAJC1	1650	48.49	813	414	25.09	GC2	70	fast	90
ENSG00000136807_CDK9	ENSG00000136807	CDK9	1119	56.75	338	173	15.46			slow	80
ENSG00000136811_ODF2	ENSG00000136811	ODF2	2490	53.62	758	412	16.55	GC1	70	slow	80
ENSG00000136813_KIAA0368	ENSG00000136813	KIAA0368	5523	45.97	1977	1162	21.04	GC3	80	slow	90
ENSG00000136816_TOR1B	ENSG00000136816	TOR1B	1011	54.06	435	279	27.60	GC1		fast	80
ENSG00000136824_SMC2	ENSG00000136824	SMC2	3591	39.17	1432	708	19.72	GC3	80	slow	80
ENSG00000136827_TOR1A	ENSG00000136827	TOR1A	1002	51.56	361	200	19.96	GC1	70	fast	80
ENSG00000136828_RALGPS1	ENSG00000136828	RALGPS1	1674	51.11	427	207	12.37	GC2		fast	80
ENSG00000136830_FAM129B	ENSG00000136830	FAM129B	2241	61.98	1235	502	22.40			slow	80
ENSG00000136840_ST6GALNAC4	ENSG00000136840	ST6GALNAC4	909	63.95	360	210	23.10			slow	90
ENSG00000136842_TMOD1	ENSG00000136842	TMOD1	1080	53.35	328	198	18.33	GC1		slow	90
ENSG00000136848_DAB2IP	ENSG00000136848	DAB2IP	3486	62.50	1223	521	14.95			slow	70
ENSG00000136854_STXBP1	ENSG00000136854	STXBP1	1812	53.18	558	386	21.30	GC1		fast	90
ENSG00000136856_SLC2A8	ENSG00000136856	SLC2A8	1437	63.81	732	346	24.08		70	fast	80
ENSG00000136859_ANGPTL2	ENSG00000136859	ANGPTL2	1482	59.72	470	243	16.40			fast	90
ENSG00000136861_CDK5RAP2	ENSG00000136861	CDK5RAP2	5700	51.50	3777	2167	38.02	GC2	80	slow	70
ENSG00000136866_ZFP37	ENSG00000136866	ZFP37	1800	39.64	968	485	26.94	GC3	70	slow	70
ENSG00000136869_TLR4	ENSG00000136869	TLR4	2523	43.93	1634	1080	42.81	GC2	90	fast	90
ENSG00000136872_ALDOB	ENSG00000136872	ALDOB	1095	53.91	405	210	19.18	GC2	70	slow	80
ENSG00000136874_STX17	ENSG00000136874	STX17	909	44.17	310	144	15.84	GC3		slow	90
ENSG00000136875_PRPF4	ENSG00000136875	PRPF4	1566	49.24	448	257	16.41	GC2	70	slow	90
ENSG00000136877_FPGS	ENSG00000136877	FPGS	1764	63.64	922	485	27.49		80	fast	80
ENSG00000136878_USP20	ENSG00000136878	USP20	2745	61.06	1053	592	21.57		80	slow	90
ENSG00000136883_KIF12	ENSG00000136883	KIF12	1953	65.76	1110	590	30.21		70	slow	80
ENSG00000136891_TEX10	ENSG00000136891	TEX10	2790	42.88	970	469	16.81	GC3		slow	90
ENSG00000136895_GARNL3	ENSG00000136895	GARNL3	3006	50.43	1107	630	20.96	GC2	80	slow	90
ENSG00000136918_WDR38	ENSG00000136918	WDR38	945	59.62	613	356	37.67	GC1		fast	90
ENSG00000136925_TSTD2	ENSG00000136925	TSTD2	1545	48.49	832	483	31.26	GC2	80	slow	90
ENSG00000136928_GABBR2	ENSG00000136928	GABBR2	2598	53.83	887	437	16.82		70	fast	90
ENSG00000136929_HEMGN	ENSG00000136929	HEMGN	1428	43.19	1086	584	40.90	GC3	80	slow	80
ENSG00000136930_PSMB7	ENSG00000136930	PSMB7	834	50.04	275	156	18.71	GC2		slow	90
ENSG00000136931_NR5A1	ENSG00000136931	NR5A1	1386	63.38	480	207	14.94			fast	70
ENSG00000136932_C9orf156	ENSG00000136932	C9orf156	1326	51.40	875	581	43.82	GC2	70	fast	90
ENSG00000136933_RABEPK	ENSG00000136933	RABEPK	1119	51.62	586	312	27.88	GC2	70	slow	90
ENSG00000136935_GOLGA1	ENSG00000136935	GOLGA1	2304	49.78	1223	684	29.69	GC2	70	fast	90
ENSG00000136936_XPA	ENSG00000136936	XPA	822	45.93	369	208	25.30	GC3		fast	90
ENSG00000136937_NCBP1	ENSG00000136937	NCBP1	2373	43.84	766	435	18.33	GC3	70	slow	90
ENSG00000136938_ANP32B	ENSG00000136938	ANP32B	762	43.27	306	162	21.26	GC3		slow	90
ENSG00000136940_PDCL	ENSG00000136940	PDCL	906	52.17	409	231	25.50	GC1	70	slow	90
ENSG00000136944_LMX1B	ENSG00000136944	LMX1B	1209	62.71	263	118	9.76			fast	70
ENSG00000136960_ENPP2	ENSG00000136960	ENPP2	2748	45.73	1039	652	23.73	GC3	80	slow	90
ENSG00000136982_DSCC1	ENSG00000136982	DSCC1	1182	43.43	568	308	26.06	GC3		fast	90
ENSG00000136986_DERL1	ENSG00000136986	DERL1	756	50.14	291	141	18.65	GC2		fast	90
ENSG00000136997_MYC	ENSG00000136997	MYC	1341	59.98	534	246	18.34			slow	70
ENSG00000136999_NOV	ENSG00000136999	NOV	1074	58.61	620	401	37.34	GC1	90	fast	90
ENSG00000137033_IL33	ENSG00000137033	IL33	825	40.96	687	457	55.39	GC3		fast	90
ENSG00000137054_POLR1E	ENSG00000137054	POLR1E	1263	49.41	705	405	32.07	GC2		fast	90
ENSG00000137055_PLAA	ENSG00000137055	PLAA	2388	43.09	790	387	16.21	GC3	70	slow	90
ENSG00000137073_UBAP2	ENSG00000137073	UBAP2	3363	54.09	1614	807	24.00	GC2	80	slow	80
ENSG00000137074_APTX	ENSG00000137074	APTX	1047	49.64	481	265	25.31	GC2	70	slow	90
ENSG00000137075_RNF38	ENSG00000137075	RNF38	1545	49.57	381	181	11.72	GC3		slow	90
ENSG00000137076_TLN1	ENSG00000137076	TLN1	7626	58.74	2433	1357	17.79	GC1	80	fast	90
ENSG00000137094_DNAJB5	ENSG00000137094	DNAJB5	1149	55.24	348	173	15.06	GC1		slow	80
ENSG00000137101_CD72	ENSG00000137101	CD72	1074	54.19	845	581	54.10	GC1		fast	90
ENSG00000137103_TMEM8B	ENSG00000137103	TMEM8B	2355	61.41	924	398	16.90			fast	80
ENSG00000137106_GRHPR	ENSG00000137106	GRHPR	987	59.86	628	395	40.02	GC1		fast	90
ENSG00000137135_ARHGEF39	ENSG00000137135	ARHGEF39	1008	60.75	490	271	26.88	GC1	80	fast	90
ENSG00000137154_RPS6	ENSG00000137154	RPS6	750	49.10	256	148	19.73	GC2		slow	80
ENSG00000137161_CNPY3	ENSG00000137161	CNPY3	831	59.04	357	192	23.10			fast	90
ENSG00000137166_FOXP4	ENSG00000137166	FOXP4	2043	64.82	786	327	16.01			slow	70
ENSG00000137171_KLC4	ENSG00000137171	KLC4	1866	59.71	807	424	22.72	GC1	70	slow	90
ENSG00000137177_KIF13A	ENSG00000137177	KIF13A	5349	50.53	2109	1287	24.06	GC2	90	fast	90
ENSG00000137198_GMPR	ENSG00000137198	GMPR	1038	54.31	387	237	22.83	GC1		fast	90
ENSG00000137200_CMTR1	ENSG00000137200	CMTR1	2508	52.10	906	461	18.38	GC1		slow	90
ENSG00000137203_TFAP2A	ENSG00000137203	TFAP2A	1320	58.79	330	112	8.48	GC1		slow	80
ENSG00000137204_SLC22A7	ENSG00000137204	SLC22A7	1641	61.75	915	454	27.67		70	fast	80
ENSG00000137207_YIPF3	ENSG00000137207	YIPF3	1044	58.58	386	208	19.92	GC1		slow	90
ENSG00000137216_TMEM63B	ENSG00000137216	TMEM63B	2499	57.27	582	256	10.24			slow	70
ENSG00000137218_FRS3	ENSG00000137218	FRS3	1488	65.31	620	309	20.77			slow	80
ENSG00000137221_TJAP1	ENSG00000137221	TJAP1	1677	62.65	833	430	25.64	GC1		fast	80
ENSG00000137225_CAPN11	ENSG00000137225	CAPN11	2142	54.80	1311	769	35.90		80	fast	80
ENSG00000137251_TINAG	ENSG00000137251	TINAG	1431	44.37	738	399	27.88	GC3	70	slow	90
ENSG00000137252_HCRTR2	ENSG00000137252	HCRTR2	1335	49.95	482	272	20.37	GC2		fast	90
ENSG00000137265_IRF4	ENSG00000137265	IRF4	1356	56.50	505	321	23.67	GC1		fast	90
ENSG00000137266_SLC22A23	ENSG00000137266	SLC22A23	1617	60.27	554	308	19.05			fast	90
ENSG00000137269_LRRC1	ENSG00000137269	LRRC1	1575	47.38	583	318	20.19	GC2		fast	90
ENSG00000137270_GCM1	ENSG00000137270	GCM1	1311	51.49	830	510	38.90	GC2	70	fast	90
ENSG00000137274_BPHL	ENSG00000137274	BPHL	876	51.70	527	317	36.19	GC2		fast	80
ENSG00000137275_RIPK1	ENSG00000137275	RIPK1	2016	49.00	1348	871	43.20	GC2	80	fast	90
ENSG00000137310_TCF19	ENSG00000137310	TCF19	1038	61.65	585	331	31.89	GC1	70	fast	90
ENSG00000137312_FLOT1	ENSG00000137312	FLOT1	1284	57.98	421	226	17.60	GC1		slow	80
ENSG00000137337_MDC1	ENSG00000137337	MDC1	5757	55.69	4373	2602	45.20	GC2	90	fast	80
ENSG00000137338_PGBD1	ENSG00000137338	PGBD1	2427	46.78	1473	804	33.13	GC2	80	fast	80
ENSG00000137343_ATAT1	ENSG00000137343	ATAT1	1266	58.07	502	229	18.09	GC2	70	slow	70
ENSG00000137364_TPMT	ENSG00000137364	TPMT	738	41.04	448	294	39.84	GC3	70	fast	90
ENSG00000137393_RNF144B	ENSG00000137393	RNF144B	912	53.91	406	231	25.33	GC1		slow	90
ENSG00000137409_MTCH1	ENSG00000137409	MTCH1	1170	59.92	352	156	13.33			fast	70
ENSG00000137411_VARS2	ENSG00000137411	VARS2	3195	60.94	1610	896	28.04	GC1	70	slow	70
ENSG00000137413_TAF8	ENSG00000137413	TAF8	933	56.68	320	177	18.97	GC1		slow	90
ENSG00000137449_CPEB2	ENSG00000137449	CPEB2	1446	44.91	361	179	12.38	GC3		slow	90
ENSG00000137460_FHDC1	ENSG00000137460	FHDC1	3432	58.71	2341	1485	43.27	GC1	80	fast	90
ENSG00000137462_TLR2	ENSG00000137462	TLR2	2355	44.56	1377	878	37.28	GC2	80	fast	80
ENSG00000137463_MGARP	ENSG00000137463	MGARP	726	52.73	567	365	50.28	GC3		fast	80
ENSG00000137473_TTC29	ENSG00000137473	TTC29	1422	45.19	774	433	30.45	GC2		slow	70
ENSG00000137474_MYO7A	ENSG00000137474	MYO7A	6645	59.08	2031	1016	15.29		80	slow	70
ENSG00000137478_FCHSD2	ENSG00000137478	FCHSD2	2109	46.66	753	355	16.83	GC3	70	slow	90
ENSG00000137486_ARRB1	ENSG00000137486	ARRB1	1257	56.69	400	222	17.66			slow	80
ENSG00000137491_SLCO2B1	ENSG00000137491	SLCO2B1	2130	59.79	1368	724	33.99		80	fast	90
ENSG00000137492_PRKRIR	ENSG00000137492	PRKRIR	2286	41.24	851	373	16.32	GC3	70	slow	
ENSG00000137494_ANKRD42	ENSG00000137494	ANKRD42	1542	43.83	757	404	26.20	GC3	70	fast	90
ENSG00000137497_NUMA1	ENSG00000137497	NUMA1	6342	60.82	3227	1767	27.86		90	slow	80
ENSG00000137500_CCDC90B	ENSG00000137500	CCDC90B	765	40.93	345	192	25.10	GC3	70	slow	90
ENSG00000137501_SYTL2	ENSG00000137501	SYTL2	2850	44.82	1826	1369	48.04	GC3	80	fast	90
ENSG00000137502_RAB30	ENSG00000137502	RAB30	612	46.33	161	77	12.58	GC2		slow	90
ENSG00000137507_LRRC32	ENSG00000137507	LRRC32	1992	64.55	1006	549	27.56			slow	70
ENSG00000137509_PRCP	ENSG00000137509	PRCP	1491	45.81	829	532	35.68	GC3	80	fast	90
ENSG00000137522_RNF121	ENSG00000137522	RNF121	984	52.14	314	156	15.85	GC1		slow	90
ENSG00000137547_MRPL15	ENSG00000137547	MRPL15	891	49.51	386	254	28.51	GC3		slow	80
ENSG00000137558_PI15	ENSG00000137558	PI15	777	46.23	285	170	21.88	GC3		slow	90
ENSG00000137561_TTPA	ENSG00000137561	TTPA	837	47.65	463	260	31.06	GC2	70	fast	90
ENSG00000137563_GGH	ENSG00000137563	GGH	957	42.99	590	411	42.95	GC3	70	fast	90
ENSG00000137571_SLCO5A1	ENSG00000137571	SLCO5A1	2565	51.06	1227	660	25.73	GC2	70	slow	80
ENSG00000137573_SULF1	ENSG00000137573	SULF1	2610	49.42	1082	658	25.21	GC2	70	fast	90
ENSG00000137601_NEK1	ENSG00000137601	NEK1	3858	41.18	2105	1122	29.08	GC3	80	slow	80
ENSG00000137628_DDX60	ENSG00000137628	DDX60	5142	39.55	3037	1674	32.56	GC3	80	slow	
ENSG00000137642_SORL1	ENSG00000137642	SORL1	6636	54.19	2675	1633	24.61	GC1	80	fast	80
ENSG00000137656_BUD13	ENSG00000137656	BUD13	1878	52.08	1051	580	30.88	GC3	70	slow	90
ENSG00000137672_TRPC6	ENSG00000137672	TRPC6	2694	44.38	1070	667	24.76	GC2	80	slow	90
ENSG00000137674_MMP20	ENSG00000137674	MMP20	1452	50.87	695	413	28.44	GC2	70	fast	90
ENSG00000137691_C11orf70	ENSG00000137691	C11orf70	690	37.83	318	178	25.80	GC3		fast	90
ENSG00000137692_DCUN1D5	ENSG00000137692	DCUN1D5	714	40.84	200	60	8.40	GC3		fast	90
ENSG00000137693_YAP1	ENSG00000137693	YAP1	1296	53.64	514	295	22.76	GC2		fast	90
ENSG00000137699_TRIM29	ENSG00000137699	TRIM29	1764	60.75	816	412	23.36		80	slow	80
ENSG00000137700_SLC37A4	ENSG00000137700	SLC37A4	1356	57.77	500	264	19.47	GC1		fast	90
ENSG00000137707_BTG4	ENSG00000137707	BTG4	675	43.15	380	205	30.37	GC3		slow	80
ENSG00000137709_POU2F3	ENSG00000137709	POU2F3	1293	56.11	612	289	22.35	GC1	70	fast	90
ENSG00000137710_RDX	ENSG00000137710	RDX	1797	41.62	566	321	17.86	GC3		slow	90
ENSG00000137713_PPP2R1B	ENSG00000137713	PPP2R1B	2004	47.81	818	436	21.76	GC3		slow	80
ENSG00000137745_MMP13	ENSG00000137745	MMP13	1416	46.00	607	400	28.25	GC3		slow	90
ENSG00000137747_TMPRSS13	ENSG00000137747	TMPRSS13	1584	58.78	845	537	33.90	GC1	70	fast	80
ENSG00000137760_ALKBH8	ENSG00000137760	ALKBH8	1995	44.79	1169	666	33.38	GC3	70	fast	90
ENSG00000137764_MAP2K5	ENSG00000137764	MAP2K5	1347	45.59	331	154	11.43	GC3		fast	90
ENSG00000137766_UNC13C	ENSG00000137766	UNC13C	3573	42.57	1605	772	21.61	GC3		slow	80
ENSG00000137770_CTDSPL2	ENSG00000137770	CTDSPL2	1401	40.08	382	158	11.28	GC3		slow	90
ENSG00000137776_SLTM	ENSG00000137776	SLTM	3105	45.67	1244	621	20.00	GC3	80	slow	90
ENSG00000137801_THBS1	ENSG00000137801	THBS1	3513	55.64	1239	769	21.89	GC1	80	slow	90
ENSG00000137802_MAPKBP1	ENSG00000137802	MAPKBP1	4533	58.10	2017	1077	23.76	GC1	80	slow	80
ENSG00000137804_NUSAP1	ENSG00000137804	NUSAP1	1326	46.96	842	459	34.62	GC3	70	fast	80
ENSG00000137806_NDUFAF1	ENSG00000137806	NDUFAF1	987	45.25	475	265	26.85	GC3	70	slow	80
ENSG00000137807_KIF23	ENSG00000137807	KIF23	2886	44.70	1128	622	21.55	GC3	70	slow	90
ENSG00000137812_CASC5	ENSG00000137812	CASC5	6960	37.24	4180	1909	27.43	GC3	80	fast	70
ENSG00000137815_RTF1	ENSG00000137815	RTF1	2064	47.36	682	334	16.18	GC2		fast	90
ENSG00000137817_PARP6	ENSG00000137817	PARP6	1893	50.79	497	192	10.14	GC1		slow	90
ENSG00000137819_PAQR5	ENSG00000137819	PAQR5	993	55.12	444	258	25.98			fast	90
ENSG00000137821_LRRC49	ENSG00000137821	LRRC49	2061	41.32	866	452	21.93	GC3		slow	80
ENSG00000137822_TUBGCP4	ENSG00000137822	TUBGCP4	2004	49.99	689	403	20.11	GC2	80	slow	90
ENSG00000137824_RMDN3	ENSG00000137824	RMDN3	1416	57.49	722	381	26.91	GC1	90	slow	90
ENSG00000137825_ITPKA	ENSG00000137825	ITPKA	1386	66.16	601	229	16.52			fast	70
ENSG00000137831_UACA	ENSG00000137831	UACA	4242	43.67	2338	1471	34.68	GC2	70	fast	90
ENSG00000137841_PLCB2	ENSG00000137841	PLCB2	3552	57.23	1707	918	25.84		80	fast	90
ENSG00000137842_TMEM62	ENSG00000137842	TMEM62	1932	45.41	955	531	27.48	GC2	80	slow	90
ENSG00000137845_ADAM10	ENSG00000137845	ADAM10	2247	42.91	824	424	18.87	GC3		slow	90
ENSG00000137857_DUOX1	ENSG00000137857	DUOX1	4656	59.58	2435	1142	24.53		80	fast	90
ENSG00000137869_CYP19A1	ENSG00000137869	CYP19A1	1512	45.30	795	468	30.95	GC2	70	fast	90
ENSG00000137871_ZNF280D	ENSG00000137871	ZNF280D	2940	37.96	1619	798	27.14	GC3	90	fast	90
ENSG00000137872_SEMA6D	ENSG00000137872	SEMA6D	3222	47.58	1179	633	19.65	GC2	70	slow	90
ENSG00000137936_BCAR3	ENSG00000137936	BCAR3	2478	57.58	1239	687	27.72	GC1	70	fast	90
ENSG00000137941_TTLL7	ENSG00000137941	TTLL7	2664	41.83	1100	614	23.05	GC3	80	slow	90
ENSG00000137942_FNBP1L	ENSG00000137942	FNBP1L	1803	41.71	510	249	13.81	GC3		slow	90
ENSG00000137944_CCBL2	ENSG00000137944	CCBL2	1365	39.98	703	390	28.57	GC3		fast	90
ENSG00000137947_GTF2B	ENSG00000137947	GTF2B	951	44.29	300	170	17.88	GC3		slow	90
ENSG00000137948_BRDT	ENSG00000137948	BRDT	2844	39.27	1598	779	27.39	GC3	70	fast	80
ENSG00000137955_RABGGTB	ENSG00000137955	RABGGTB	996	41.60	315	185	18.57	GC3		slow	80
ENSG00000137959_IFI44L	ENSG00000137959	IFI44L	1356	39.04	964	630	46.46	GC3	70	fast	70
ENSG00000137960_GIPC2	ENSG00000137960	GIPC2	945	45.08	530	319	33.76	GC3		fast	90
ENSG00000137962_ARHGAP29	ENSG00000137962	ARHGAP29	3810	42.34	1883	1111	29.16	GC3	90	slow	90
ENSG00000137965_IFI44	ENSG00000137965	IFI44	1311	41.54	988	684	52.17	GC3	70	fast	80
ENSG00000137968_SLC44A5	ENSG00000137968	SLC44A5	2139	41.79	1213	736	34.41	GC3	80	fast	90
ENSG00000137975_CLCA2	ENSG00000137975	CLCA2	2832	43.87	1697	935	33.02	GC3	80	fast	90
ENSG00000137976_DNASE2B	ENSG00000137976	DNASE2B	1083	44.06	543	298	27.52	GC3		fast	90
ENSG00000137992_DBT	ENSG00000137992	DBT	1449	43.52	724	395	27.26	GC3	70	slow	90
ENSG00000137996_RTCA	ENSG00000137996	RTCA	1101	46.54	519	270	24.52	GC3	70	slow	90
ENSG00000138002_IFT172	ENSG00000138002	IFT172	5250	52.87	1801	995	18.95	GC1	70	fast	90
ENSG00000138018_EPT1	ENSG00000138018	EPT1	1161	43.31	500	267	23.00	GC3		slow	90
ENSG00000138028_CGREF1	ENSG00000138028	CGREF1	846	59.05	606	354	41.84	GC1	70	slow	80
ENSG00000138030_KHK	ENSG00000138030	KHK	897	60.29	414	259	28.87			slow	90
ENSG00000138031_ADCY3	ENSG00000138031	ADCY3	3438	58.51	1144	662	19.26		70	fast	90
ENSG00000138035_PNPT1	ENSG00000138035	PNPT1	2355	41.42	1057	563	23.91	GC3	70	slow	90
ENSG00000138050_THUMPD2	ENSG00000138050	THUMPD2	1425	42.22	905	496	34.81	GC3	80	fast	80
ENSG00000138069_RAB1A	ENSG00000138069	RAB1A	618	41.97	138	69	11.17	GC3		slow	90
ENSG00000138071_ACTR2	ENSG00000138071	ACTR2	1200	43.80	372	217	18.08	GC3	70	slow	90
ENSG00000138073_PREB	ENSG00000138073	PREB	1257	58.30	517	287	22.83	GC1		slow	90
ENSG00000138074_SLC5A6	ENSG00000138074	SLC5A6	1911	57.11	986	572	29.93	GC1	70	fast	90
ENSG00000138078_PREPL	ENSG00000138078	PREPL	2184	41.41	839	402	18.41	GC3	80	slow	90
ENSG00000138079_SLC3A1	ENSG00000138079	SLC3A1	2058	46.11	1091	656	31.88	GC2	90	slow	80
ENSG00000138080_EMILIN1	ENSG00000138080	EMILIN1	3054	66.97	1563	800	26.20		70	slow	90
ENSG00000138081_FBXO11	ENSG00000138081	FBXO11	2583	39.55	581	268	10.38	GC3	70	slow	90
ENSG00000138092_CENPO	ENSG00000138092	CENPO	903	47.42	569	314	34.77	GC2	70	fast	80
ENSG00000138095_LRPPRC	ENSG00000138095	LRPPRC	4188	43.33	2354	1425	34.03	GC3	80	fast	90
ENSG00000138100_TRIM54	ENSG00000138100	TRIM54	1083	59.65	439	200	18.47			fast	80
ENSG00000138101_DTNB	ENSG00000138101	DTNB	1884	52.59	579	285	15.13	GC2		slow	80
ENSG00000138107_ACTR1A	ENSG00000138107	ACTR1A	1131	53.63	300	185	16.36	GC1		slow	90
ENSG00000138111_TMEM180	ENSG00000138111	TMEM180	1554	62.28	715	349	22.46		70	slow	90
ENSG00000138119_MYOF	ENSG00000138119	MYOF	6186	47.70	2616	1457	23.55	GC2	80	slow	90
ENSG00000138131_LOXL4	ENSG00000138131	LOXL4	2271	62.33	989	544	23.95		80	slow	90
ENSG00000138134_STAMBPL1	ENSG00000138134	STAMBPL1	1311	46.92	617	431	32.88	GC2		slow	90
ENSG00000138135_CH25H	ENSG00000138135	CH25H	819	62.86	454	246	30.04			slow	70
ENSG00000138136_LBX1	ENSG00000138136	LBX1	846	67.15	227	89	10.52			slow	80
ENSG00000138138_ATAD1	ENSG00000138138	ATAD1	1086	42.10	318	184	16.94	GC3		slow	90
ENSG00000138152_BTBD16	ENSG00000138152	BTBD16	1518	51.80	981	591	38.93	GC1	70	fast	90
ENSG00000138160_KIF11	ENSG00000138160	KIF11	3171	39.16	1579	834	26.30	GC3	80	slow	90
ENSG00000138162_TACC2	ENSG00000138162	TACC2	8706	59.77	5979	3645	41.87	GC2	80	fast	
ENSG00000138166_DUSP5	ENSG00000138166	DUSP5	1155	61.00	424	219	18.96			fast	90
ENSG00000138172_CALHM2	ENSG00000138172	CALHM2	972	61.44	337	197	20.27			slow	80
ENSG00000138180_CEP55	ENSG00000138180	CEP55	1392	40.92	833	405	29.09	GC3	70	fast	90
ENSG00000138182_KIF20B	ENSG00000138182	KIF20B	5475	36.64	3186	1666	30.43	GC3	80	slow	80
ENSG00000138185_ENTPD1	ENSG00000138185	ENTPD1	1533	46.10	1015	752	49.05	GC2	80	fast	90
ENSG00000138190_EXOC6	ENSG00000138190	EXOC6	2415	38.80	881	415	17.18	GC3	70	fast	90
ENSG00000138193_PLCE1	ENSG00000138193	PLCE1	6912	48.21	3132	1820	26.33	GC2	90	fast	90
ENSG00000138207_RBP4	ENSG00000138207	RBP4	606	58.00	275	157	25.91			slow	90
ENSG00000138231_DBR1	ENSG00000138231	DBR1	1635	45.74	737	403	24.65	GC3	80	slow	90
ENSG00000138246_DNAJC13	ENSG00000138246	DNAJC13	6732	41.64	2292	1173	17.42	GC3	80	slow	90
ENSG00000138279_ANXA7	ENSG00000138279	ANXA7	1467	49.33	579	316	21.54	GC3		slow	90
ENSG00000138286_FAM149B1	ENSG00000138286	FAM149B1	1749	47.97	920	449	25.67	GC3	70	fast	90
ENSG00000138303_ASCC1	ENSG00000138303	ASCC1	1074	45.29	545	292	27.19	GC2		fast	90
ENSG00000138311_ZNF365	ENSG00000138311	ZNF365	1224	52.40	707	508	41.50	GC1		slow	90
ENSG00000138315_OIT3	ENSG00000138315	OIT3	1641	54.98	756	410	24.98	GC1		fast	90
ENSG00000138316_ADAMTS14	ENSG00000138316	ADAMTS14	3684	63.41	1870	1004	27.25		80	fast	80
ENSG00000138346_DNA2	ENSG00000138346	DNA2	3186	40.84	1621	782	24.54	GC3	80	slow	70
ENSG00000138347_MYPN	ENSG00000138347	MYPN	3963	50.10	1752	990	24.98	GC2	80	slow	90
ENSG00000138363_ATIC	ENSG00000138363	ATIC	1779	47.51	735	468	26.31	GC3	70	slow	90
ENSG00000138375_SMARCAL1	ENSG00000138375	SMARCAL1	2865	54.72	1637	1030	35.95	GC1	80	fast	90
ENSG00000138376_BARD1	ENSG00000138376	BARD1	2331	45.89	1514	879	37.71	GC3	70	fast	90
ENSG00000138379_MSTN	ENSG00000138379	MSTN	1128	42.25	363	182	16.13	GC3		slow	90
ENSG00000138380_CARF	ENSG00000138380	CARF	2178	42.34	1160	577	26.49	GC3	80	fast	90
ENSG00000138382_METTL5	ENSG00000138382	METTL5	630	38.32	228	115	18.25	GC3		slow	90
ENSG00000138385_SSB	ENSG00000138385	SSB	1218	36.52	526	226	18.56	GC3		slow	90
ENSG00000138386_NAB1	ENSG00000138386	NAB1	1464	51.39	634	393	26.84	GC2	80	slow	90
ENSG00000138395_CDK15	ENSG00000138395	CDK15	1308	51.07	536	281	21.48	GC2	70	fast	90
ENSG00000138398_PPIG	ENSG00000138398	PPIG	2268	39.22	782	395	17.42	GC3	70	slow	90
ENSG00000138399_FASTKD1	ENSG00000138399	FASTKD1	2520	37.52	1621	865	34.33	GC3	80	slow	80
ENSG00000138400_MDH1B	ENSG00000138400	MDH1B	1557	46.09	982	663	42.58	GC2	70	fast	90
ENSG00000138411_HECW2	ENSG00000138411	HECW2	4719	52.98	1999	1137	24.09	GC2	80	fast	90
ENSG00000138413_IDH1	ENSG00000138413	IDH1	1245	46.23	476	271	21.77	GC2		slow	90
ENSG00000138430_OLA1	ENSG00000138430	OLA1	1191	40.08	268	108	9.07	GC3		slow	80
ENSG00000138434_SSFA2	ENSG00000138434	SSFA2	3780	46.60	1944	1114	29.47	GC3	80	fast	90
ENSG00000138435_CHRNA1	ENSG00000138435	CHRNA1	1374	52.10	503	254	18.49	GC1		slow	80
ENSG00000138439_FAM117B	ENSG00000138439	FAM117B	1170	50.66	396	221	18.89	GC2		fast	90
ENSG00000138442_WDR12	ENSG00000138442	WDR12	1272	44.89	467	255	20.05	GC3		slow	90
ENSG00000138443_ABI2	ENSG00000138443	ABI2	1518	50.44	450	201	13.24	GC3		slow	90
ENSG00000138448_ITGAV	ENSG00000138448	ITGAV	3147	45.67	1187	689	21.89	GC3	80	fast	90
ENSG00000138449_SLC40A1	ENSG00000138449	SLC40A1	1728	46.97	756	419	24.25	GC2	80	slow	90
ENSG00000138459_SLC35A5	ENSG00000138459	SLC35A5	1278	43.20	620	378	29.58	GC2	80	slow	90
ENSG00000138463_DIRC2	ENSG00000138463	DIRC2	1434	50.47	570	272	18.97	GC2	70	slow	90
ENSG00000138468_SENP7	ENSG00000138468	SENP7	3108	38.53	1735	836	26.90	GC3	80	fast	90
ENSG00000138483_CCDC54	ENSG00000138483	CCDC54	987	39.10	661	341	34.55	GC3	70	slow	
ENSG00000138496_PARP9	ENSG00000138496	PARP9	2577	43.53	1880	1181	45.83	GC3	80	fast	80
ENSG00000138587_MNS1	ENSG00000138587	MNS1	1488	39.50	851	538	36.16	GC3		slow	90
ENSG00000138592_USP8	ENSG00000138592	USP8	3357	41.92	1519	773	23.03	GC3	80	slow	90
ENSG00000138593_SECISBP2L	ENSG00000138593	SECISBP2L	3306	44.83	1358	759	22.96	GC3	80	slow	90
ENSG00000138594_TMOD3	ENSG00000138594	TMOD3	1059	41.93	432	220	20.77	GC3		fast	90
ENSG00000138600_SPPL2A	ENSG00000138600	SPPL2A	1527	40.53	809	363	23.77	GC3	70	slow	90
ENSG00000138604_GLCE	ENSG00000138604	GLCE	1857	46.21	655	361	19.44	GC2		slow	90
ENSG00000138606_SHF	ENSG00000138606	SHF	1200	61.80	524	305	25.42	GC1		fast	80
ENSG00000138614_VWA9	ENSG00000138614	VWA9	1557	48.53	508	326	20.94	GC2		slow	90
ENSG00000138615_CILP	ENSG00000138615	CILP	3555	57.11	1542	884	24.87	GC1	90	slow	90
ENSG00000138617_PARP16	ENSG00000138617	PARP16	972	55.50	350	187	19.24	GC1	70	slow	80
ENSG00000138621_PPCDC	ENSG00000138621	PPCDC	615	56.92	263	165	26.83	GC1		fast	90
ENSG00000138623_SEMA7A	ENSG00000138623	SEMA7A	1995	60.88	914	530	26.57		90	slow	80
ENSG00000138629_UBL7	ENSG00000138629	UBL7	1143	59.38	357	195	17.06	GC1	70	slow	90
ENSG00000138639_ARHGAP24	ENSG00000138639	ARHGAP24	2250	50.51	940	521	23.16	GC1	70	slow	90
ENSG00000138640_FAM13A	ENSG00000138640	FAM13A	3072	49.21	1607	814	26.50	GC2	70	fast	70
ENSG00000138641_HERC3	ENSG00000138641	HERC3	3153	47.42	994	574	18.20	GC2	70	slow	90
ENSG00000138642_HERC6	ENSG00000138642	HERC6	3066	44.19	2013	1206	39.33	GC3	80	slow	70
ENSG00000138658_ZGRF1	ENSG00000138658	ZGRF1	2778	43.76	1629	1018	36.65	GC3	80	fast	80
ENSG00000138660_AP1AR	ENSG00000138660	AP1AR	909	44.63	366	193	21.23	GC3		slow	90
ENSG00000138663_COPS4	ENSG00000138663	COPS4	1221	42.75	284	144	11.79	GC3	70	slow	90
ENSG00000138668_HNRNPD	ENSG00000138668	HNRNPD	1068	47.48	295	91	8.52	GC3		slow	90
ENSG00000138669_PRKG2	ENSG00000138669	PRKG2	2289	46.03	797	470	20.53	GC2	70	slow	90
ENSG00000138670_RASGEF1B	ENSG00000138670	RASGEF1B	1422	45.90	516	298	20.96	GC2		slow	90
ENSG00000138674_SEC31A	ENSG00000138674	SEC31A	3663	48.20	1584	853	23.29	GC3	80	slow	90
ENSG00000138675_FGF5	ENSG00000138675	FGF5	807	53.71	422	221	27.39	GC1		fast	90
ENSG00000138678_AGPAT9	ENSG00000138678	AGPAT9	1305	47.84	546	310	23.75	GC2		fast	90
ENSG00000138686_BBS7	ENSG00000138686	BBS7	2148	41.34	867	474	22.07	GC3		slow	90
ENSG00000138688_KIAA1109	ENSG00000138688	KIAA1109	15018	43.00	4830	2474	16.47	GC3	90	slow	70
ENSG00000138696_BMPR1B	ENSG00000138696	BMPR1B	1509	47.11	612	353	23.39	GC2		slow	90
ENSG00000138698_RAP1GDS1	ENSG00000138698	RAP1GDS1	1821	41.87	559	275	15.10	GC3		slow	90
ENSG00000138722_MMRN1	ENSG00000138722	MMRN1	3651	40.47	2411	1435	39.30	GC3	90	fast	90
ENSG00000138735_PDE5A	ENSG00000138735	PDE5A	2598	45.18	927	509	19.59	GC2	80	slow	90
ENSG00000138738_PRDM5	ENSG00000138738	PRDM5	1803	46.02	887	513	28.45	GC2	70	slow	90
ENSG00000138741_TRPC3	ENSG00000138741	TRPC3	2550	50.16	905	501	19.65	GC1	70	slow	90
ENSG00000138750_NUP54	ENSG00000138750	NUP54	1527	42.90	540	247	16.18	GC3		slow	80
ENSG00000138756_BMP2K	ENSG00000138756	BMP2K	3237	47.50	1523	781	24.13	GC3	80	fast	80
ENSG00000138757_G3BP2	ENSG00000138757	G3BP2	1449	45.55	363	185	12.77	GC3	70	slow	90
ENSG00000138758_SEPT11	ENSG00000138758	SEPT11	1290	47.26	411	255	19.77	GC2		slow	90
ENSG00000138759_FRAS1	ENSG00000138759	FRAS1	12021	52.91	6079	3482	28.97	GC2	90	fast	90
ENSG00000138760_SCARB2	ENSG00000138760	SCARB2	1437	45.65	779	440	30.62	GC2	70	fast	90
ENSG00000138764_CCNG2	ENSG00000138764	CCNG2	1035	41.48	412	205	19.81	GC3	70	slow	90
ENSG00000138767_CNOT6L	ENSG00000138767	CNOT6L	1668	43.10	364	76	4.56	GC3		fast	90
ENSG00000138768_USO1	ENSG00000138768	USO1	2889	40.60	1295	691	23.92	GC3		fast	90
ENSG00000138769_CDKL2	ENSG00000138769	CDKL2	1710	40.44	819	380	22.22	GC3	70	slow	80
ENSG00000138772_ANXA3	ENSG00000138772	ANXA3	972	45.24	499	295	30.35	GC3		fast	90
ENSG00000138780_GSTCD	ENSG00000138780	GSTCD	1896	45.05	946	499	26.32	GC3	80	slow	80
ENSG00000138785_INTS12	ENSG00000138785	INTS12	1389	45.06	512	287	20.66	GC3	70	slow	80
ENSG00000138792_ENPEP	ENSG00000138792	ENPEP	2865	46.07	1649	1044	36.44	GC2	80	fast	90
ENSG00000138794_CASP6	ENSG00000138794	CASP6	843	46.79	381	258	30.60	GC2	70	slow	90
ENSG00000138795_LEF1	ENSG00000138795	LEF1	1200	52.08	409	198	16.50	GC2	70	slow	90
ENSG00000138796_HADH	ENSG00000138796	HADH	945	52.66	459	285	30.16	GC1		fast	90
ENSG00000138798_EGF	ENSG00000138798	EGF	3618	48.10	2151	1203	33.25	GC3	80	fast	70
ENSG00000138801_PAPSS1	ENSG00000138801	PAPSS1	1875	48.76	586	366	19.52	GC2		slow	80
ENSG00000138802_SEC24B	ENSG00000138802	SEC24B	3654	45.54	1672	941	25.75	GC3	80	slow	90
ENSG00000138813_C4orf17	ENSG00000138813	C4orf17	1062	46.37	786	468	44.07	GC3	80	fast	80
ENSG00000138823_MTTP	ENSG00000138823	MTTP	2685	46.18	1344	818	30.47	GC2	90	slow	90
ENSG00000138829_FBN2	ENSG00000138829	FBN2	8739	50.63	3265	1834	20.99	GC2	90	slow	90
ENSG00000138834_MAPK8IP3	ENSG00000138834	MAPK8IP3	4014	62.32	1635	846	21.08		80	fast	70
ENSG00000138835_RGS3	ENSG00000138835	RGS3	3225	60.51	1571	816	25.30		70	slow	70
ENSG00000138892_TTLL8	ENSG00000138892	TTLL8	2187	58.69	1404	812	37.13		80	fast	70
ENSG00000138944_KIAA1644	ENSG00000138944	KIAA1644	600	60.93	303	142	23.67			slow	70
ENSG00000138964_PARVG	ENSG00000138964	PARVG	996	57.23	542	306	30.72		70	fast	70
ENSG00000139044_B4GALNT3	ENSG00000139044	B4GALNT3	2910	58.93	1572	915	31.44	GC1	80	fast	80
ENSG00000139055_ERP27	ENSG00000139055	ERP27	822	46.31	536	346	42.09	GC2	80	fast	90
ENSG00000139083_ETV6	ENSG00000139083	ETV6	1359	54.65	430	186	13.69	GC1		slow	90
ENSG00000139144_PIK3C2G	ENSG00000139144	PIK3C2G	4461	40.39	2408	1301	29.16	GC3	90	fast	90
ENSG00000139151_PLCZ1	ENSG00000139151	PLCZ1	1857	36.79	1005	604	32.53	GC3	80	slow	80
ENSG00000139154_AEBP2	ENSG00000139154	AEBP2	1365	51.32	278	84	6.15	GC2		fast	80
ENSG00000139155_SLCO1C1	ENSG00000139155	SLCO1C1	2097	42.45	1024	610	29.09	GC3	80	slow	90
ENSG00000139160_METTL20	ENSG00000139160	METTL20	789	48.24	366	172	21.80	GC2	80	slow	70
ENSG00000139163_ETNK1	ENSG00000139163	ETNK1	1350	48.61	530	213	15.78	GC2		slow	
ENSG00000139168_ZCRB1	ENSG00000139168	ZCRB1	654	39.14	177	90	13.76	GC3		slow	70
ENSG00000139173_TMEM117	ENSG00000139173	TMEM117	1545	43.00	566	297	19.22	GC2		fast	90
ENSG00000139174_PRICKLE1	ENSG00000139174	PRICKLE1	2499	50.50	922	560	22.41	GC2		slow	80
ENSG00000139178_C1RL	ENSG00000139178	C1RL	1464	62.43	877	531	36.27		80	fast	70
ENSG00000139182_CLSTN3	ENSG00000139182	CLSTN3	2874	58.63	978	546	19.00			slow	90
ENSG00000139192_TAPBPL	ENSG00000139192	TAPBPL	1392	59.36	974	553	39.73	GC1	70	slow	70
ENSG00000139197_PEX5	ENSG00000139197	PEX5	1923	57.90	610	337	17.52	GC1	70	slow	80
ENSG00000139209_SLC38A4	ENSG00000139209	SLC38A4	1644	43.48	776	423	25.73	GC3	70	slow	90
ENSG00000139218_SCAF11	ENSG00000139218	SCAF11	4389	41.45	2638	1390	31.67	GC3	80	fast	90
ENSG00000139219_COL2A1	ENSG00000139219	COL2A1	4467	64.43	1597	819	18.33	GC2	70	slow	90
ENSG00000139220_PPFIA2	ENSG00000139220	PPFIA2	3672	45.56	1119	570	15.52	GC3	80	slow	80
ENSG00000139263_LRIG3	ENSG00000139263	LRIG3	3336	49.96	1490	899	26.95	GC2	80	slow	90
ENSG00000139266_MARCH9	ENSG00000139266	MARCH9	849	62.01	283	108	12.72			slow	90
ENSG00000139269_INHBE	ENSG00000139269	INHBE	1056	61.81	593	360	34.09	GC1	80	slow	80
ENSG00000139278_GLIPR1	ENSG00000139278	GLIPR1	801	44.35	551	376	46.94	GC3	70	slow	90
ENSG00000139287_TPH2	ENSG00000139287	TPH2	1476	47.73	689	363	24.59	GC2		fast	90
ENSG00000139291_TMEM19	ENSG00000139291	TMEM19	1011	45.39	514	258	25.52	GC3	70	slow	90
ENSG00000139292_LGR5	ENSG00000139292	LGR5	2724	49.43	1228	663	24.34	GC2	80	slow	70
ENSG00000139318_DUSP6	ENSG00000139318	DUSP6	1146	57.79	360	161	14.05			slow	90
ENSG00000139323_POC1B	ENSG00000139323	POC1B	1437	42.94	606	352	24.50	GC3	80	fast	90
ENSG00000139324_TMTC3	ENSG00000139324	TMTC3	2748	37.76	1083	555	20.20	GC3	80	slow	90
ENSG00000139329_LUM	ENSG00000139329	LUM	1017	42.87	457	316	31.07	GC2	70	slow	90
ENSG00000139330_KERA	ENSG00000139330	KERA	1059	42.18	470	307	28.99	GC3	70	slow	90
ENSG00000139344_AMDHD1	ENSG00000139344	AMDHD1	1281	53.35	579	345	26.93	GC2		fast	90
ENSG00000139350_NEDD1	ENSG00000139350	NEDD1	1983	40.80	945	432	21.79	GC3	80	slow	90
ENSG00000139354_GAS2L3	ENSG00000139354	GAS2L3	2091	45.51	1257	755	36.11	GC3	70	slow	90
ENSG00000139370_SLC15A4	ENSG00000139370	SLC15A4	1479	55.38	784	492	33.27	GC1		fast	90
ENSG00000139372_TDG	ENSG00000139372	TDG	1233	43.39	539	319	25.87	GC3		fast	90
ENSG00000139405_RITA1	ENSG00000139405	RITA1	810	63.37	565	295	36.42	GC1		fast	70
ENSG00000139428_MMAB	ENSG00000139428	MMAB	726	56.55	377	222	30.58	GC1		fast	90
ENSG00000139436_GIT2	ENSG00000139436	GIT2	2280	51.30	794	440	19.30	GC2		slow	90
ENSG00000139496_NUPL1	ENSG00000139496	NUPL1	1800	48.06	705	364	20.22	GC3		slow	80
ENSG00000139505_MTMR6	ENSG00000139505	MTMR6	1866	42.92	817	507	27.17	GC3		slow	90
ENSG00000139508_SLC46A3	ENSG00000139508	SLC46A3	1386	42.00	855	597	43.07	GC3	70	fast	90
ENSG00000139514_SLC7A1	ENSG00000139514	SLC7A1	1890	55.54	870	529	27.99	GC1	70	fast	80
ENSG00000139515_PDX1	ENSG00000139515	PDX1	852	69.37	369	200	23.47			fast	70
ENSG00000139517_LNX2	ENSG00000139517	LNX2	2070	52.62	1128	729	35.22	GC2	80	slow	90
ENSG00000139531_SUOX	ENSG00000139531	SUOX	1638	56.17	815	486	29.67	GC2	80	slow	90
ENSG00000139537_CCDC65	ENSG00000139537	CCDC65	1464	47.36	740	416	28.42	GC1		fast	90
ENSG00000139540_SLC39A5	ENSG00000139540	SLC39A5	1626	63.61	879	444	27.31	GC1	70	fast	90
ENSG00000139546_TARBP2	ENSG00000139546	TARBP2	1101	60.85	319	158	14.35	GC1		slow	80
ENSG00000139549_DHH	ENSG00000139549	DHH	1191	68.51	496	230	19.31			fast	90
ENSG00000139567_ACVRL1	ENSG00000139567	ACVRL1	1515	62.04	672	343	22.64			slow	90
ENSG00000139572_GPR84	ENSG00000139572	GPR84	1191	58.06	564	317	26.62	GC1	70	slow	70
ENSG00000139597_N4BP2L1	ENSG00000139597	N4BP2L1	723	51.79	386	172	23.79	GC2		fast	70
ENSG00000139610_CELA1	ENSG00000139610	CELA1	792	56.92	347	195	24.62	GC1		fast	80
ENSG00000139613_SMARCC2	ENSG00000139613	SMARCC2	3630	56.36	1087	611	16.83	GC1	70	slow	90
ENSG00000139618_BRCA2	ENSG00000139618	BRCA2	10332	38.42	7957	4972	48.12	GC3	90	fast	90
ENSG00000139620_KANSL2	ENSG00000139620	KANSL2	1479	49.84	487	233	15.75	GC3	70	fast	90
ENSG00000139624_CERS5	ENSG00000139624	CERS5	1179	49.20	503	221	18.74	GC2		fast	90
ENSG00000139625_MAP3K12	ENSG00000139625	MAP3K12	2682	59.66	864	495	18.46	GC1	80	slow	80
ENSG00000139626_ITGB7	ENSG00000139626	ITGB7	2397	60.48	1375	830	34.63	GC1	80	fast	90
ENSG00000139629_GALNT6	ENSG00000139629	GALNT6	1869	57.47	817	459	24.56		80	slow	80
ENSG00000139631_CSAD	ENSG00000139631	CSAD	1503	59.13	693	343	22.82	GC1	80	slow	80
ENSG00000139636_LMBR1L	ENSG00000139636	LMBR1L	1470	56.57	503	261	17.76			slow	90
ENSG00000139637_C12orf10	ENSG00000139637	C12orf10	1131	61.07	505	285	25.20	GC1		fast	80
ENSG00000139641_ESYT1	ENSG00000139641	ESYT1	3315	56.85	1763	865	26.09	GC1	80	fast	90
ENSG00000139644_TMBIM6	ENSG00000139644	TMBIM6	714	48.28	256	136	19.05	GC2		slow	90
ENSG00000139645_ANKRD52	ENSG00000139645	ANKRD52	3231	57.86	708	361	11.17	GC1		slow	80
ENSG00000139668_WDFY2	ENSG00000139668	WDFY2	1203	53.23	348	201	16.71	GC1		fast	90
ENSG00000139679_LPAR6	ENSG00000139679	LPAR6	1035	36.40	433	261	25.22	GC3	70	slow	90
ENSG00000139684_ESD	ENSG00000139684	ESD	849	43.14	324	178	20.97	GC3		slow	90
ENSG00000139687_RB1	ENSG00000139687	RB1	2781	39.43	1127	545	19.60	GC3	80	slow	90
ENSG00000139697_SBNO1	ENSG00000139697	SBNO1	4179	41.62	1470	816	19.53	GC3	80	slow	90
ENSG00000139714_MORN3	ENSG00000139714	MORN3	723	55.79	331	178	24.62	GC1		fast	70
ENSG00000139734_DIAPH3	ENSG00000139734	DIAPH3	3570	42.12	1646	856	23.98	GC3	90	fast	90
ENSG00000139737_SLAIN1	ENSG00000139737	SLAIN1	1314	51.99	562	317	24.12	GC2		fast	90
ENSG00000139746_RBM26	ENSG00000139746	RBM26	3024	42.75	901	460	15.21	GC3	80	slow	90
ENSG00000139767_SRRM4	ENSG00000139767	SRRM4	1806	62.73	1068	515	28.52		70	fast	90
ENSG00000139780_METTL21C	ENSG00000139780	METTL21C	795	49.07	451	304	38.24	GC2	70	fast	90
ENSG00000139793_MBNL2	ENSG00000139793	MBNL2	1122	51.61	392	228	20.32	GC2		slow	90
ENSG00000139842_CUL4A	ENSG00000139842	CUL4A	2280	45.41	972	667	29.25	GC2	70	fast	90
ENSG00000139874_SSTR1	ENSG00000139874	SSTR1	1176	61.85	304	149	12.67			slow	70
ENSG00000139890_REM2	ENSG00000139890	REM2	1023	63.16	512	215	21.02	GC1		fast	90
ENSG00000139899_CBLN3	ENSG00000139899	CBLN3	618	62.67	258	154	24.92	GC1		slow	90
ENSG00000139908_TSSK4	ENSG00000139908	TSSK4	1017	54.04	399	200	19.67	GC1		slow	90
ENSG00000139910_NOVA1	ENSG00000139910	NOVA1	1524	49.35	222	81	5.31	GC3		slow	90
ENSG00000139914_FITM1	ENSG00000139914	FITM1	879	64.27	342	143	16.27			slow	90
ENSG00000139915_MDGA2	ENSG00000139915	MDGA2	2853	43.33	766	358	12.55	GC3	70	slow	70
ENSG00000139921_TMX1	ENSG00000139921	TMX1	837	45.45	418	231	27.60	GC3		slow	90
ENSG00000139926_FRMD6	ENSG00000139926	FRMD6	1869	49.60	608	351	18.78	GC1	70	slow	90
ENSG00000139946_PELI2	ENSG00000139946	PELI2	1263	55.82	460	272	21.54	GC1		fast	90
ENSG00000139971_C14orf37	ENSG00000139971	C14orf37	2325	49.58	1746	1104	47.48	GC3	90	fast	90
ENSG00000139973_SYT16	ENSG00000139973	SYT16	1938	50.09	1084	554	28.59	GC2	80	fast	90
ENSG00000139974_SLC38A6	ENSG00000139974	SLC38A6	1371	40.25	641	322	23.49	GC3		slow	90
ENSG00000139977_NAA30	ENSG00000139977	NAA30	1080	57.37	380	140	12.96	GC1		fast	90
ENSG00000139988_RDH12	ENSG00000139988	RDH12	951	55.41	451	247	25.97	GC1		slow	90
ENSG00000139990_DCAF5	ENSG00000139990	DCAF5	2844	55.65	1089	604	21.24	GC1	70	slow	90
ENSG00000140006_WDR89	ENSG00000140006	WDR89	1164	39.85	563	310	26.63	GC3	80	slow	80
ENSG00000140009_ESR2	ENSG00000140009	ESR2	1593	53.41	742	421	26.43	GC1		slow	90
ENSG00000140022_STON2	ENSG00000140022	STON2	2697	53.39	1305	801	29.70	GC1		slow	90
ENSG00000140030_GPR65	ENSG00000140030	GPR65	1014	40.86	571	379	37.38	GC2	70	slow	80
ENSG00000140057_AK7	ENSG00000140057	AK7	2172	47.94	1139	716	32.97	GC2	70	fast	90
ENSG00000140092_FBLN5	ENSG00000140092	FBLN5	1347	54.14	432	260	19.30	GC1	80	slow	80
ENSG00000140105_WARS	ENSG00000140105	WARS	1428	54.77	605	399	27.94			fast	90
ENSG00000140107_SLC25A47	ENSG00000140107	SLC25A47	924	67.09	468	246	26.62			slow	80
ENSG00000140157_NIPA2	ENSG00000140157	NIPA2	1083	43.20	434	216	19.94	GC3		slow	80
ENSG00000140254_DUOXA1	ENSG00000140254	DUOXA1	1167	58.72	686	387	33.16	GC1		fast	80
ENSG00000140262_TCF12	ENSG00000140262	TCF12	2121	48.04	654	305	14.38	GC3	70	slow	90
ENSG00000140263_SORD	ENSG00000140263	SORD	1074	54.39	471	253	23.56	GC2		fast	80
ENSG00000140265_ZSCAN29	ENSG00000140265	ZSCAN29	2565	50.57	1269	653	25.46	GC2	80	slow	90
ENSG00000140274_DUOXA2	ENSG00000140274	DUOXA2	963	60.30	612	371	38.53		80	fast	90
ENSG00000140279_DUOX2	ENSG00000140279	DUOX2	4638	59.10	2310	1225	26.41		80	fast	80
ENSG00000140280_LYSMD2	ENSG00000140280	LYSMD2	648	52.92	346	146	22.53	GC2		fast	80
ENSG00000140284_SLC27A2	ENSG00000140284	SLC27A2	1863	48.67	943	561	30.11	GC2	70	slow	90
ENSG00000140287_HDC	ENSG00000140287	HDC	1989	54.44	1017	559	28.10	GC1	80	fast	90
ENSG00000140299_BNIP2	ENSG00000140299	BNIP2	945	40.70	348	171	18.10	GC3		slow	80
ENSG00000140320_BAHD1	ENSG00000140320	BAHD1	2340	64.04	1035	602	25.73	GC1	80	slow	90
ENSG00000140323_DISP2	ENSG00000140323	DISP2	4203	64.83	2173	1137	27.05		80	fast	90
ENSG00000140326_CDAN1	ENSG00000140326	CDAN1	3693	60.56	1772	910	24.64	GC1	80	fast	90
ENSG00000140332_TLE3	ENSG00000140332	TLE3	2319	60.86	679	349	15.05			slow	80
ENSG00000140367_UBE2Q2	ENSG00000140367	UBE2Q2	1122	43.36	317	110	9.80	GC3		fast	80
ENSG00000140374_ETFA	ENSG00000140374	ETFA	1002	45.77	370	181	18.06	GC3		slow	80
ENSG00000140382_HMG20A	ENSG00000140382	HMG20A	1044	48.76	364	180	17.24	GC2		slow	90
ENSG00000140386_SCAPER	ENSG00000140386	SCAPER	4203	44.86	1770	921	21.91	GC3	80	fast	90
ENSG00000140391_TSPAN3	ENSG00000140391	TSPAN3	762	48.85	282	166	21.78	GC2		slow	90
ENSG00000140395_WDR61	ENSG00000140395	WDR61	918	47.92	303	153	16.67	GC2		slow	90
ENSG00000140396_NCOA2	ENSG00000140396	NCOA2	4392	52.33	1387	822	18.72	GC2	80	slow	80
ENSG00000140398_NEIL1	ENSG00000140398	NEIL1	1173	62.91	658	375	31.97		70	fast	80
ENSG00000140400_MAN2C1	ENSG00000140400	MAN2C1	3123	62.32	1395	729	23.34		70	fast	80
ENSG00000140416_TPM1	ENSG00000140416	TPM1	981	53.13	224	97	9.89	GC1		fast	
ENSG00000140443_IGF1R	ENSG00000140443	IGF1R	4011	55.76	1424	818	20.39		80	fast	80
ENSG00000140450_ARRDC4	ENSG00000140450	ARRDC4	1242	53.53	670	352	28.34	GC2	70	fast	90
ENSG00000140451_PIF1	ENSG00000140451	PIF1	1926	65.14	1066	589	30.58			fast	90
ENSG00000140455_USP3	ENSG00000140455	USP3	1563	44.63	600	320	20.47	GC3		slow	90
ENSG00000140463_BBS4	ENSG00000140463	BBS4	1560	47.99	744	422	27.05	GC2	70	fast	90
ENSG00000140464_PML	ENSG00000140464	PML	2637	64.04	1712	995	37.73		90	fast	90
ENSG00000140470_ADAMTS17	ENSG00000140470	ADAMTS17	3240	60.41	1441	793	24.48		70	slow	70
ENSG00000140471_LINS	ENSG00000140471	LINS	2277	41.39	1599	987	43.35	GC3	80	fast	90
ENSG00000140479_PCSK6	ENSG00000140479	PCSK6	2616	56.89	1185	721	27.56	GC1	80	fast	90
ENSG00000140506_LMAN1L	ENSG00000140506	LMAN1L	1581	62.24	1105	629	39.78	GC1	70	fast	90
ENSG00000140519_RHCG	ENSG00000140519	RHCG	1380	57.94	702	455	32.97			fast	90
ENSG00000140521_POLG	ENSG00000140521	POLG	3672	62.85	1570	810	22.06		70	fast	90
ENSG00000140522_RLBP1	ENSG00000140522	RLBP1	954	58.05	394	226	23.69			slow	80
ENSG00000140525_FANCI	ENSG00000140525	FANCI	3975	44.89	2054	1170	29.43	GC2	90	fast	90
ENSG00000140526_ABHD2	ENSG00000140526	ABHD2	1278	55.01	369	237	18.54		70	slow	90
ENSG00000140527_WDR93	ENSG00000140527	WDR93	2067	50.50	1537	959	46.40	GC2	80	fast	90
ENSG00000140534_TICRR	ENSG00000140534	TICRR	5748	53.44	3979	2483	43.20	GC2	90	fast	90
ENSG00000140543_DET1	ENSG00000140543	DET1	1653	53.78	529	337	20.39	GC1	70	slow	90
ENSG00000140545_MFGE8	ENSG00000140545	MFGE8	1290	59.29	725	433	33.57		70	fast	80
ENSG00000140548_ZNF710	ENSG00000140548	ZNF710	1998	63.93	710	349	17.47			slow	90
ENSG00000140553_UNC45A	ENSG00000140553	UNC45A	2835	60.77	1110	622	21.94		80	slow	90
ENSG00000140557_ST8SIA2	ENSG00000140557	ST8SIA2	1128	55.24	393	219	19.41			slow	90
ENSG00000140563_MCTP2	ENSG00000140563	MCTP2	2637	46.99	1188	720	27.30	GC2	80	fast	90
ENSG00000140564_FURIN	ENSG00000140564	FURIN	2385	63.26	819	438	18.36		70	fast	80
ENSG00000140575_IQGAP1	ENSG00000140575	IQGAP1	4974	47.59	1876	1097	22.05	GC2	80	slow	90
ENSG00000140577_CRTC3	ENSG00000140577	CRTC3	1728	58.05	1008	540	31.25	GC1	80	fast	90
ENSG00000140598_EFTUD1	ENSG00000140598	EFTUD1	3363	48.78	1435	851	25.30	GC2	80	fast	80
ENSG00000140600_SH3GL3	ENSG00000140600	SH3GL3	1029	44.87	433	245	23.81	GC3		fast	80
ENSG00000140632_GLYR1	ENSG00000140632	GLYR1	1662	53.52	456	243	14.62	GC1	70	slow	90
ENSG00000140650_PMM2	ENSG00000140650	PMM2	741	49.03	296	188	25.37	GC2		fast	80
ENSG00000140675_SLC5A2	ENSG00000140675	SLC5A2	2022	61.21	823	472	23.34			fast	80
ENSG00000140678_ITGAX	ENSG00000140678	ITGAX	3483	55.06	2203	1317	37.81	GC1	80	fast	
ENSG00000140682_TGFB1I1	ENSG00000140682	TGFB1I1	1386	62.03	629	312	22.51	GC1	70	fast	80
ENSG00000140688_C16orf58	ENSG00000140688	C16orf58	1407	60.03	707	433	30.77	GC1	70	fast	80
ENSG00000140691_ARMC5	ENSG00000140691	ARMC5	2805	67.02	1272	678	24.17	GC1	80	fast	80
ENSG00000140694_PARN	ENSG00000140694	PARN	1917	43.03	757	440	22.95	GC3	80	fast	90
ENSG00000140718_FTO	ENSG00000140718	FTO	1518	52.01	720	416	27.40	GC2	80	fast	80
ENSG00000140740_UQCRC2	ENSG00000140740	UQCRC2	1362	47.03	664	360	26.43	GC3	70	fast	80
ENSG00000140743_CDR2	ENSG00000140743	CDR2	1371	54.59	709	340	24.80	GC1	70	slow	70
ENSG00000140749_IGSF6	ENSG00000140749	IGSF6	723	49.03	541	382	52.84	GC2	70	fast	80
ENSG00000140750_ARHGAP17	ENSG00000140750	ARHGAP17	2643	55.95	1270	722	27.32	GC2	70	slow	70
ENSG00000140795_MYLK3	ENSG00000140795	MYLK3	2463	57.37	1559	955	38.77	GC1	70	fast	80
ENSG00000140798_ABCC12	ENSG00000140798	ABCC12	4077	51.00	2111	1127	27.64	GC1	80	fast	80
ENSG00000140807_NKD1	ENSG00000140807	NKD1	1389	64.19	678	308	22.17			fast	80
ENSG00000140829_DHX38	ENSG00000140829	DHX38	3684	56.04	1153	616	16.72	GC1	70	slow	70
ENSG00000140832_MARVELD3	ENSG00000140832	MARVELD3	1152	60.20	615	329	28.56	GC1		fast	70
ENSG00000140835_CHST4	ENSG00000140835	CHST4	1161	55.91	671	423	36.43		80	slow	80
ENSG00000140836_ZFHX3	ENSG00000140836	ZFHX3	11058	56.79	3320	1881	17.01	GC1	80	slow	90
ENSG00000140848_CPNE2	ENSG00000140848	CPNE2	1647	56.78	689	325	19.73			fast	90
ENSG00000140853_NLRC5	ENSG00000140853	NLRC5	5589	60.50	3694	2103	37.63		80	fast	80
ENSG00000140854_KATNB1	ENSG00000140854	KATNB1	1968	62.13	716	326	16.57		70	slow	80
ENSG00000140859_KIFC3	ENSG00000140859	KIFC3	2475	64.60	1044	455	18.38		70	slow	80
ENSG00000140873_ADAMTS18	ENSG00000140873	ADAMTS18	3666	52.98	1700	951	25.94	GC2	80	slow	80
ENSG00000140876_NUDT7	ENSG00000140876	NUDT7	717	46.98	489	297	41.42	GC2		slow	70
ENSG00000140937_CDH11	ENSG00000140937	CDH11	2391	51.63	745	431	18.03	GC2		slow	90
ENSG00000140943_MBTPS1	ENSG00000140943	MBTPS1	3159	54.80	1114	755	23.90	GC1	70	slow	80
ENSG00000140945_CDH13	ENSG00000140945	CDH13	1827	52.37	632	368	20.14	GC1	70	fast	90
ENSG00000140948_ZCCHC14	ENSG00000140948	ZCCHC14	2793	60.17	1335	845	30.25	GC1	70	fast	90
ENSG00000140950_TLDC1	ENSG00000140950	TLDC1	1371	60.44	852	556	40.55		80	fast	90
ENSG00000140955_ADAD2	ENSG00000140955	ADAD2	1749	66.91	1114	658	37.62		70	fast	70
ENSG00000140961_OSGIN1	ENSG00000140961	OSGIN1	1467	65.75	696	367	25.02		70	slow	70
ENSG00000140968_IRF8	ENSG00000140968	IRF8	1281	59.34	620	329	25.68		70	fast	70
ENSG00000140992_PDPK1	ENSG00000140992	PDPK1	1653	50.41	667	407	24.62	GC2	70	fast	80
ENSG00000140995_DEF8	ENSG00000140995	DEF8	1365	60.28	668	348	25.49		70	slow	80
ENSG00000141002_TCF25	ENSG00000141002	TCF25	2031	59.64	1064	684	33.68		70	fast	90
ENSG00000141012_GALNS	ENSG00000141012	GALNS	1569	60.62	769	474	30.21		70	fast	80
ENSG00000141013_GAS8	ENSG00000141013	GAS8	1437	58.15	649	356	24.77			fast	90
ENSG00000141027_NCOR1	ENSG00000141027	NCOR1	7362	51.20	3169	1973	26.80	GC3	90	fast	90
ENSG00000141030_COPS3	ENSG00000141030	COPS3	1272	45.84	391	280	22.01	GC2		slow	90
ENSG00000141034_GID4	ENSG00000141034	GID4	678	52.37	266	117	17.26	GC1		slow	
ENSG00000141040_ZNF287	ENSG00000141040	ZNF287	2265	43.09	1031	627	27.68	GC3	80	slow	80
ENSG00000141052_MYOCD	ENSG00000141052	MYOCD	2961	55.59	1650	999	33.74	GC1	80	fast	90
ENSG00000141068_KSR1	ENSG00000141068	KSR1	2544	60.61	1260	608	23.90		70	slow	80
ENSG00000141084_RANBP10	ENSG00000141084	RANBP10	1863	58.15	519	275	14.76	GC1		slow	90
ENSG00000141096_DPEP3	ENSG00000141096	DPEP3	1500	57.47	987	591	39.40	GC1		fast	90
ENSG00000141098_GFOD2	ENSG00000141098	GFOD2	1158	60.50	410	239	20.64			slow	90
ENSG00000141101_NOB1	ENSG00000141101	NOB1	1242	54.40	594	354	28.50	GC1	70	fast	90
ENSG00000141127_PRPSAP2	ENSG00000141127	PRPSAP2	1110	48.54	428	246	22.16	GC2		fast	90
ENSG00000141161_UNC45B	ENSG00000141161	UNC45B	2793	57.70	1007	589	21.09		80	fast	90
ENSG00000141179_PCTP	ENSG00000141179	PCTP	645	52.76	421	241	37.36	GC1		fast	80
ENSG00000141194_OR4D1	ENSG00000141194	OR4D1	936	51.36	415	201	21.47	GC1		slow	
ENSG00000141200_KIF2B	ENSG00000141200	KIF2B	2022	52.02	1136	704	34.82	GC1	80	fast	70
ENSG00000141219_C17orf80	ENSG00000141219	C17orf80	1761	47.90	1494	1034	58.72	GC3	80	fast	90
ENSG00000141252_VPS53	ENSG00000141252	VPS53	2499	49.89	797	468	18.73	GC2	70	slow	90
ENSG00000141255_SPATA22	ENSG00000141255	SPATA22	1092	37.22	625	291	26.65	GC3		fast	70
ENSG00000141258_SGSM2	ENSG00000141258	SGSM2	3159	59.11	1636	809	25.61		70	fast	90
ENSG00000141279_NPEPPS	ENSG00000141279	NPEPPS	2505	44.63	624	269	10.74	GC3	70	slow	90
ENSG00000141293_SKAP1	ENSG00000141293	SKAP1	1032	47.50	479	243	23.55	GC2		slow	80
ENSG00000141294_LRRC46	ENSG00000141294	LRRC46	969	57.43	589	334	34.47	GC1	70	slow	80
ENSG00000141295_SCRN2	ENSG00000141295	SCRN2	1278	64.02	609	338	26.45			slow	90
ENSG00000141298_SSH2	ENSG00000141298	SSH2	4272	50.80	2194	1276	29.87	GC2	90	slow	90
ENSG00000141314_RHBDL3	ENSG00000141314	RHBDL3	1107	58.64	438	217	19.60			slow	90
ENSG00000141337_ARSG	ENSG00000141337	ARSG	1578	58.44	842	563	35.68	GC1	80	fast	90
ENSG00000141338_ABCA8	ENSG00000141338	ABCA8	4869	43.31	2909	1603	32.92	GC3	70	slow	
ENSG00000141349_G6PC3	ENSG00000141349	G6PC3	1041	60.02	439	224	21.52			slow	80
ENSG00000141367_CLTC	ENSG00000141367	CLTC	5028	42.65	1342	711	14.14	GC3	70	slow	90
ENSG00000141371_C17orf64	ENSG00000141371	C17orf64	711	55.53	457	233	32.77	GC1		fast	90
ENSG00000141376_BCAS3	ENSG00000141376	BCAS3	2637	49.11	1047	493	18.70	GC3	80	fast	90
ENSG00000141380_SS18	ENSG00000141380	SS18	1257	51.17	318	169	13.44	GC3		slow	90
ENSG00000141384_TAF4B	ENSG00000141384	TAF4B	2589	47.38	1358	649	25.07	GC3	80	fast	90
ENSG00000141385_AFG3L2	ENSG00000141385	AFG3L2	2394	48.92	1028	643	26.86	GC2	80	fast	90
ENSG00000141401_IMPA2	ENSG00000141401	IMPA2	855	57.45	442	265	30.99	GC1		fast	90
ENSG00000141404_GNAL	ENSG00000141404	GNAL	1143	48.79	406	287	25.11	GC1		fast	90
ENSG00000141424_SLC39A6	ENSG00000141424	SLC39A6	2226	43.68	1043	592	26.59	GC3	80	slow	90
ENSG00000141425_RPRD1A	ENSG00000141425	RPRD1A	939	45.93	232	121	12.89	GC3		slow	90
ENSG00000141428_C18orf21	ENSG00000141428	C18orf21	666	42.87	404	212	31.83	GC3		fast	80
ENSG00000141429_GALNT1	ENSG00000141429	GALNT1	1680	42.60	508	237	14.11	GC3		slow	90
ENSG00000141434_MEP1B	ENSG00000141434	MEP1B	2109	44.99	1235	840	39.83	GC3	70	fast	90
ENSG00000141441_GAREM	ENSG00000141441	GAREM	2514	55.12	1074	675	26.85	GC1	80	fast	90
ENSG00000141446_ESCO1	ENSG00000141446	ESCO1	2541	37.15	1361	696	27.39	GC3	90	slow	90
ENSG00000141447_OSBPL1A	ENSG00000141447	OSBPL1A	2853	44.63	1100	615	21.56	GC3	80	slow	80
ENSG00000141452_C18orf8	ENSG00000141452	C18orf8	1974	48.85	781	490	24.82	GC2	80	fast	90
ENSG00000141456_PELP1	ENSG00000141456	PELP1	3384	63.24	1706	1011	29.88	GC1	80	fast	80
ENSG00000141458_NPC1	ENSG00000141458	NPC1	3834	52.25	1844	1191	31.06	GC1	90	fast	90
ENSG00000141469_SLC14A1	ENSG00000141469	SLC14A1	1155	52.56	609	372	32.21	GC1	80	slow	90
ENSG00000141480_ARRB2	ENSG00000141480	ARRB2	1230	57.07	403	191	15.53			slow	80
ENSG00000141485_SLC13A5	ENSG00000141485	SLC13A5	1716	56.54	899	528	30.77		70	fast	90
ENSG00000141497_ZMYND15	ENSG00000141497	ZMYND15	2217	61.67	1088	551	24.85	GC1		fast	90
ENSG00000141499_WRAP53	ENSG00000141499	WRAP53	1623	59.14	876	525	32.35	GC1	70	fast	90
ENSG00000141503_MINK1	ENSG00000141503	MINK1	3951	61.07	1288	693	17.54		70	slow	90
ENSG00000141506_PIK3R5	ENSG00000141506	PIK3R5	2637	62.80	1531	766	29.05		70	fast	90
ENSG00000141510_TP53	ENSG00000141510	TP53	1161	56.65	632	394	33.94	GC1	80	fast	70
ENSG00000141519_CCDC40	ENSG00000141519	CCDC40	3354	59.02	2246	1408	41.98		80	fast	80
ENSG00000141522_ARHGDIA	ENSG00000141522	ARHGDIA	615	56.50	279	128	20.81			slow	
ENSG00000141524_TMC6	ENSG00000141524	TMC6	2424	64.40	1616	842	34.74		70	fast	70
ENSG00000141526_SLC16A3	ENSG00000141526	SLC16A3	1401	64.67	623	397	28.34		70	slow	90
ENSG00000141527_CARD14	ENSG00000141527	CARD14	3012	63.13	1751	935	31.04		80	fast	70
ENSG00000141540_TTYH2	ENSG00000141540	TTYH2	1605	62.61	839	425	26.48		80	fast	90
ENSG00000141543_EIF4A3	ENSG00000141543	EIF4A3	1236	53.96	557	279	22.57	GC1		fast	90
ENSG00000141551_CSNK1D	ENSG00000141551	CSNK1D	1248	56.39	424	276	22.12	GC1		slow	80
ENSG00000141556_TBCD	ENSG00000141556	TBCD	3405	58.69	1793	1113	32.69	GC1	70	fast	70
ENSG00000141560_FN3KRP	ENSG00000141560	FN3KRP	930	58.33	466	294	31.61	GC1		slow	80
ENSG00000141562_NARF	ENSG00000141562	NARF	1371	56.92	721	444	32.39	GC1	70	fast	70
ENSG00000141564_RPTOR	ENSG00000141564	RPTOR	4008	59.43	1183	754	18.81		70	fast	70
ENSG00000141568_FOXK2	ENSG00000141568	FOXK2	1644	58.75	812	415	25.24	GC1	70	fast	80
ENSG00000141569_TRIM65	ENSG00000141569	TRIM65	1548	66.27	882	448	28.94			slow	
ENSG00000141570_CBX8	ENSG00000141570	CBX8	1140	62.38	456	245	21.49	GC1		slow	80
ENSG00000141576_RNF157	ENSG00000141576	RNF157	1986	57.21	856	512	25.78	GC1	70	fast	90
ENSG00000141577_CEP131	ENSG00000141577	CEP131	3225	65.93	2039	1206	37.40		70	fast	80
ENSG00000141579_ZNF750	ENSG00000141579	ZNF750	2178	60.77	1442	997	45.78	GC1	80	fast	80
ENSG00000141580_WDR45B	ENSG00000141580	WDR45B	1035	49.93	371	221	21.35	GC2		fast	90
ENSG00000141622_RNF165	ENSG00000141622	RNF165	1029	60.78	337	165	16.03			slow	90
ENSG00000141627_DYM	ENSG00000141627	DYM	2010	44.19	731	401	19.95	GC2	70	fast	90
ENSG00000141639_MAPK4	ENSG00000141639	MAPK4	1764	63.26	670	334	18.93			fast	90
ENSG00000141642_ELAC1	ENSG00000141642	ELAC1	1092	49.29	442	262	23.99	GC2		slow	90
ENSG00000141644_MBD1	ENSG00000141644	MBD1	1818	60.79	996	580	31.90	GC1	80	fast	90
ENSG00000141646_SMAD4	ENSG00000141646	SMAD4	1659	48.27	417	218	13.14	GC3		slow	90
ENSG00000141655_TNFRSF11A	ENSG00000141655	TNFRSF11A	1773	59.01	1156	656	37.00	GC1	80	fast	80
ENSG00000141664_ZCCHC2	ENSG00000141664	ZCCHC2	2694	50.72	1274	694	25.76	GC2	80	slow	80
ENSG00000141665_FBXO15	ENSG00000141665	FBXO15	1305	47.69	905	590	45.21	GC2	70	fast	90
ENSG00000141698_NT5C3B	ENSG00000141698	NT5C3B	879	51.64	378	199	22.64	GC1		fast	80
ENSG00000141699_FAM134C	ENSG00000141699	FAM134C	1401	57.70	572	300	21.41	GC1		slow	90
ENSG00000141736_ERBB2	ENSG00000141736	ERBB2	3768	61.06	1674	816	21.66		70	fast	90
ENSG00000141738_GRB7	ENSG00000141738	GRB7	1596	60.37	663	352	22.06		70	fast	90
ENSG00000141750_STAC2	ENSG00000141750	STAC2	1233	61.14	567	249	20.19			slow	80
ENSG00000141753_IGFBP4	ENSG00000141753	IGFBP4	777	67.04	288	129	16.60			fast	90
ENSG00000141756_FKBP10	ENSG00000141756	FKBP10	1749	61.40	790	389	22.24		70	fast	90
ENSG00000141873_SLC39A3	ENSG00000141873	SLC39A3	945	63.47	384	227	24.02			slow	70
ENSG00000141934_PPAP2C	ENSG00000141934	PPAP2C	864	61.71	535	270	31.25			fast	70
ENSG00000141968_VAV1	ENSG00000141968	VAV1	2538	55.71	1092	584	23.01		70	fast	80
ENSG00000141971_MVB12A	ENSG00000141971	MVB12A	822	63.15	394	202	24.57		70	slow	70
ENSG00000141985_SH3GL1	ENSG00000141985	SH3GL1	1107	61.29	453	201	18.16			slow	80
ENSG00000141994_DUS3L	ENSG00000141994	DUS3L	1965	64.90	1041	580	29.52		70	fast	70
ENSG00000142025_DMRTC2	ENSG00000142025	DMRTC2	1116	62.38	613	321	28.76	GC2	70	fast	90
ENSG00000142039_CCDC97	ENSG00000142039	CCDC97	1032	65.78	561	261	25.29			fast	80
ENSG00000142065_ZFP14	ENSG00000142065	ZFP14	1599	40.39	563	264	16.51	GC3		slow	
ENSG00000142082_SIRT3	ENSG00000142082	SIRT3	1002	58.54	567	369	36.83	GC1		fast	80
ENSG00000142186_SCYL1	ENSG00000142186	SCYL1	2418	62.01	1032	548	22.66		70	fast	80
ENSG00000142192_APP	ENSG00000142192	APP	2313	53.40	729	482	20.84	GC1	70	slow	90
ENSG00000142197_DOPEY2	ENSG00000142197	DOPEY2	6894	54.46	3378	2189	31.75	GC1	90	fast	90
ENSG00000142207_URB1	ENSG00000142207	URB1	6813	58.22	3883	2385	35.01		90	fast	80
ENSG00000142208_AKT1	ENSG00000142208	AKT1	1443	61.13	426	177	12.27		70	fast	
ENSG00000142230_SAE1	ENSG00000142230	SAE1	1041	51.42	387	214	20.56	GC2		slow	90
ENSG00000142233_NTN5	ENSG00000142233	NTN5	1467	70.00	772	432	29.45		70	fast	80
ENSG00000142273_CBLC	ENSG00000142273	CBLC	1419	63.66	868	458	32.28			fast	70
ENSG00000142279_WTIP	ENSG00000142279	WTIP	807	61.22	256	118	14.62			fast	70
ENSG00000142459_EVI5L	ENSG00000142459	EVI5L	2418	63.12	715	348	14.39			fast	80
ENSG00000142494_SLC47A1	ENSG00000142494	SLC47A1	1710	54.26	1043	670	39.18	GC1	80	fast	70
ENSG00000142507_PSMB6	ENSG00000142507	PSMB6	720	56.82	344	149	20.69	GC1		fast	90
ENSG00000142528_ZNF473	ENSG00000142528	ZNF473	2619	49.93	2047	1277	48.76	GC2	80	fast	
ENSG00000142549_IGLON5	ENSG00000142549	IGLON5	990	64.76	437	195	19.70			slow	
ENSG00000142552_RCN3	ENSG00000142552	RCN3	987	63.61	348	174	17.63			fast	
ENSG00000142583_SLC2A5	ENSG00000142583	SLC2A5	1506	55.91	717	439	29.15		70	fast	
ENSG00000142599_RERE	ENSG00000142599	RERE	4677	60.34	1768	922	19.71	GC1	70	fast	80
ENSG00000142606_MMEL1	ENSG00000142606	MMEL1	2340	58.95	1318	683	29.19		70	fast	80
ENSG00000142609_CFAP74	ENSG00000142609	CFAP74	2250	57.31	1715	916	40.71		70	fast	
ENSG00000142611_PRDM16	ENSG00000142611	PRDM16	3657	63.54	1891	903	24.69		70	fast	80
ENSG00000142619_PADI3	ENSG00000142619	PADI3	1995	60.74	959	486	24.36		70	fast	80
ENSG00000142623_PADI1	ENSG00000142623	PADI1	1992	59.92	1135	650	32.63		80	fast	80
ENSG00000142632_ARHGEF19	ENSG00000142632	ARHGEF19	2421	64.75	1352	730	30.15		70	fast	80
ENSG00000142634_EFHD2	ENSG00000142634	EFHD2	720	62.77	201	88	12.22			fast	70
ENSG00000142655_PEX14	ENSG00000142655	PEX14	1125	61.12	476	238	21.16			fast	90
ENSG00000142675_CNKSR1	ENSG00000142675	CNKSR1	2145	61.09	1265	737	34.36	GC1	80	fast	90
ENSG00000142677_IL22RA1	ENSG00000142677	IL22RA1	1725	58.77	1209	734	42.55	GC1	70	fast	80
ENSG00000142686_C1orf216	ENSG00000142686	C1orf216	690	61.62	362	201	29.13	GC1	70	slow	70
ENSG00000142687_KIAA0319L	ENSG00000142687	KIAA0319L	3153	50.38	1503	786	24.93	GC2	80	slow	90
ENSG00000142698_C1orf94	ENSG00000142698	C1orf94	1413	58.93	847	434	30.71	GC1	80	slow	80
ENSG00000142731_PLK4	ENSG00000142731	PLK4	2916	39.94	1563	816	27.98	GC3	80	slow	90
ENSG00000142733_MAP3K6	ENSG00000142733	MAP3K6	3873	62.74	1966	1016	26.23		80	fast	80
ENSG00000142765_SYTL1	ENSG00000142765	SYTL1	1695	65.42	1051	536	31.62		70	fast	90
ENSG00000142784_WDTC1	ENSG00000142784	WDTC1	2034	57.57	639	297	14.60	GC1		slow	90
ENSG00000142864_SERBP1	ENSG00000142864	SERBP1	1224	50.27	369	154	12.58	GC3		slow	90
ENSG00000142867_BCL10	ENSG00000142867	BCL10	702	43.11	237	123	17.52	GC3		slow	80
ENSG00000142871_CYR61	ENSG00000142871	CYR61	1146	56.92	456	246	21.47	GC1		slow	90
ENSG00000142875_PRKACB	ENSG00000142875	PRKACB	1194	40.06	319	140	11.73	GC3		slow	80
ENSG00000142892_PIGK	ENSG00000142892	PIGK	1188	41.06	403	203	17.09	GC3	70	slow	90
ENSG00000142910_TINAGL1	ENSG00000142910	TINAGL1	1404	62.77	629	319	22.72			slow	80
ENSG00000142920_AZIN2	ENSG00000142920	AZIN2	1389	58.81	810	343	24.69			fast	90
ENSG00000142937_RPS8	ENSG00000142937	RPS8	627	53.24	217	110	17.54	GC1		fast	90
ENSG00000142945_KIF2C	ENSG00000142945	KIF2C	2178	51.06	871	463	21.26	GC2	70	slow	90
ENSG00000142949_PTPRF	ENSG00000142949	PTPRF	5724	61.96	2064	1022	17.85		80	slow	80
ENSG00000143028_SYPL2	ENSG00000143028	SYPL2	795	59.39	369	176	22.14			fast	90
ENSG00000143033_MTF2	ENSG00000143033	MTF2	1782	41.51	312	109	6.12	GC3		slow	90
ENSG00000143036_SLC44A3	ENSG00000143036	SLC44A3	1962	46.84	1081	613	31.24	GC2	70	fast	90
ENSG00000143061_IGSF3	ENSG00000143061	IGSF3	3576	61.65	1405	828	23.15			fast	90
ENSG00000143079_CTTNBP2NL	ENSG00000143079	CTTNBP2NL	1920	53.96	839	499	25.99	GC2	80	slow	90
ENSG00000143093_STRIP1	ENSG00000143093	STRIP1	2514	56.25	841	476	18.93		70	slow	90
ENSG00000143107_FNDC7	ENSG00000143107	FNDC7	2202	50.86	1113	652	29.61	GC2	70	fast	90
ENSG00000143119_CD53	ENSG00000143119	CD53	660	47.70	347	217	32.88	GC1		fast	90
ENSG00000143126_CELSR2	ENSG00000143126	CELSR2	8763	62.04	2931	1567	17.88		80	fast	70
ENSG00000143127_ITGA10	ENSG00000143127	ITGA10	3504	56.39	1634	882	25.17	GC2	80	fast	80
ENSG00000143149_ALDH9A1	ENSG00000143149	ALDH9A1	1557	52.52	708	445	28.58	GC2		fast	90
ENSG00000143153_ATP1B1	ENSG00000143153	ATP1B1	912	49.80	429	248	27.19	GC1	70	fast	90
ENSG00000143155_TIPRL	ENSG00000143155	TIPRL	819	42.22	309	160	19.54	GC3		slow	90
ENSG00000143156_NME7	ENSG00000143156	NME7	1131	41.93	477	268	23.70	GC3	70	fast	90
ENSG00000143162_CREG1	ENSG00000143162	CREG1	663	61.40	398	231	34.84		70	fast	80
ENSG00000143164_DCAF6	ENSG00000143164	DCAF6	2856	46.43	1100	617	21.60	GC3	80	slow	90
ENSG00000143167_GPA33	ENSG00000143167	GPA33	957	56.55	659	424	44.31	GC1		fast	90
ENSG00000143171_RXRG	ENSG00000143171	RXRG	1392	55.91	529	302	21.70	GC1	70	fast	90
ENSG00000143178_TBX19	ENSG00000143178	TBX19	1347	57.41	674	344	25.54	GC1		slow	90
ENSG00000143179_UCK2	ENSG00000143179	UCK2	786	54.29	343	185	23.54	GC1		fast	90
ENSG00000143190_POU2F1	ENSG00000143190	POU2F1	2274	55.87	715	412	18.12	GC2	70	slow	90
ENSG00000143194_MAEL	ENSG00000143194	MAEL	1305	47.27	621	289	22.15	GC3	70	slow	90
ENSG00000143195_ILDR2	ENSG00000143195	ILDR2	1920	60.55	882	439	22.86		70	fast	80
ENSG00000143199_ADCY10	ENSG00000143199	ADCY10	4833	46.25	2790	1683	34.82	GC2	90	fast	90
ENSG00000143207_RFWD2	ENSG00000143207	RFWD2	2196	45.39	646	313	14.25	GC2	70	fast	90
ENSG00000143217_PVRL4	ENSG00000143217	PVRL4	1530	63.67	620	353	23.07		70	slow	80
ENSG00000143224_PPOX	ENSG00000143224	PPOX	1434	60.66	690	397	27.68	GC1	80	slow	80
ENSG00000143228_NUF2	ENSG00000143228	NUF2	1395	40.00	761	417	29.89	GC3	70	fast	90
ENSG00000143257_NR1I3	ENSG00000143257	NR1I3	1047	56.50	591	352	33.62	GC1	70	fast	90
ENSG00000143278_F13B	ENSG00000143278	F13B	1986	40.51	1217	782	39.38	GC3	80	fast	90
ENSG00000143294_PRCC	ENSG00000143294	PRCC	1476	59.97	741	339	22.97	GC1		slow	90
ENSG00000143303_RRNAD1	ENSG00000143303	RRNAD1	1428	62.81	660	339	23.74			fast	90
ENSG00000143314_MRPL24	ENSG00000143314	MRPL24	651	55.51	281	170	26.11	GC1	70	slow	80
ENSG00000143318_CASQ1	ENSG00000143318	CASQ1	1197	53.42	497	266	22.22	GC1		slow	80
ENSG00000143319_ISG20L2	ENSG00000143319	ISG20L2	1050	53.34	567	313	29.81	GC1		slow	80
ENSG00000143322_ABL2	ENSG00000143322	ABL2	3549	52.85	1298	712	20.06	GC2		slow	90
ENSG00000143324_XPR1	ENSG00000143324	XPR1	2091	45.45	549	246	11.76	GC2	80	slow	90
ENSG00000143333_RGS16	ENSG00000143333	RGS16	609	56.98	289	156	25.62	GC1		slow	80
ENSG00000143337_TOR1AIP1	ENSG00000143337	TOR1AIP1	1755	51.49	1152	668	38.06	GC2	70	slow	70
ENSG00000143344_RGL1	ENSG00000143344	RGL1	2412	51.71	813	465	19.28	GC1	70	slow	90
ENSG00000143353_LYPLAL1	ENSG00000143353	LYPLAL1	717	44.43	390	255	35.56	GC3		slow	90
ENSG00000143355_LHX9	ENSG00000143355	LHX9	1194	58.65	344	158	13.23			slow	90
ENSG00000143363_PRUNE	ENSG00000143363	PRUNE	1362	53.08	712	398	29.22	GC1	70	slow	90
ENSG00000143368_SF3B4	ENSG00000143368	SF3B4	1275	58.53	415	200	15.69	GC2		slow	80
ENSG00000143369_ECM1	ENSG00000143369	ECM1	1635	58.85	998	542	33.15	GC1	70	fast	80
ENSG00000143373_ZNF687	ENSG00000143373	ZNF687	3720	62.45	1732	998	26.83	GC1	80	fast	90
ENSG00000143374_TARS2	ENSG00000143374	TARS2	2157	57.29	1079	598	27.72	GC2	80	fast	90
ENSG00000143375_CGN	ENSG00000143375	CGN	3606	60.69	1832	1039	28.81	GC1	80	fast	90
ENSG00000143376_SNX27	ENSG00000143376	SNX27	1620	48.67	513	228	14.07	GC2		slow	90
ENSG00000143379_SETDB1	ENSG00000143379	SETDB1	3879	51.90	1545	829	21.37	GC2	80	slow	90
ENSG00000143382_ADAMTSL4	ENSG00000143382	ADAMTSL4	3219	63.81	1837	1007	31.28	GC1	70	fast	90
ENSG00000143387_CTSK	ENSG00000143387	CTSK	990	49.13	438	218	22.02	GC2		slow	90
ENSG00000143390_RFX5	ENSG00000143390	RFX5	1851	56.66	1075	568	30.69	GC2	80	slow	90
ENSG00000143393_PI4KB	ENSG00000143393	PI4KB	2478	55.93	775	433	17.47	GC1		slow	90
ENSG00000143398_PIP5K1A	ENSG00000143398	PIP5K1A	1647	49.86	654	368	22.34	GC2		fast	90
ENSG00000143401_ANP32E	ENSG00000143401	ANP32E	798	42.84	275	126	15.79	GC3		slow	80
ENSG00000143409_FAM63A	ENSG00000143409	FAM63A	1404	56.87	698	400	28.49	GC1	70	fast	90
ENSG00000143412_ANXA9	ENSG00000143412	ANXA9	1038	56.84	666	360	34.68	GC1	70	fast	90
ENSG00000143418_CERS2	ENSG00000143418	CERS2	1143	52.20	458	221	19.34	GC1		slow	80
ENSG00000143434_SEMA6C	ENSG00000143434	SEMA6C	2889	63.66	1544	742	25.68	GC1		fast	90
ENSG00000143437_ARNT	ENSG00000143437	ARNT	2373	51.01	958	472	19.89	GC2	70	slow	90
ENSG00000143442_POGZ	ENSG00000143442	POGZ	4242	52.64	1623	909	21.43	GC2	80	slow	90
ENSG00000143443_C1orf56	ENSG00000143443	C1orf56	1023	63.37	683	447	43.70		70	fast	70
ENSG00000143452_HORMAD1	ENSG00000143452	HORMAD1	1188	37.03	576	255	21.46	GC3		slow	90
ENSG00000143457_GOLPH3L	ENSG00000143457	GOLPH3L	858	47.12	331	172	20.05	GC2		slow	90
ENSG00000143458_GABPB2	ENSG00000143458	GABPB2	1350	50.50	746	357	26.44	GC2	70	slow	90
ENSG00000143476_DTL	ENSG00000143476	DTL	2193	47.53	1045	563	25.67	GC3	80	slow	90
ENSG00000143479_DYRK3	ENSG00000143479	DYRK3	1764	49.44	786	460	26.08	GC2		slow	90
ENSG00000143486_EIF2D	ENSG00000143486	EIF2D	1758	53.79	820	428	24.35	GC1	80	slow	80
ENSG00000143493_INTS7	ENSG00000143493	INTS7	2889	47.36	1124	652	22.57	GC2		fast	90
ENSG00000143498_TAF1A	ENSG00000143498	TAF1A	1353	42.13	741	474	35.03	GC3	70	slow	90
ENSG00000143499_SMYD2	ENSG00000143499	SMYD2	1299	51.65	731	347	26.71	GC1		fast	80
ENSG00000143502_SUSD4	ENSG00000143502	SUSD4	1476	58.56	680	350	23.71	GC1		fast	80
ENSG00000143507_DUSP10	ENSG00000143507	DUSP10	1449	54.96	452	231	15.94	GC1		slow	80
ENSG00000143514_TP53BP2	ENSG00000143514	TP53BP2	3405	55.02	1692	1152	33.83	GC2	80	fast	90
ENSG00000143515_ATP8B2	ENSG00000143515	ATP8B2	3609	56.03	1359	733	20.31			fast	90
ENSG00000143536_CRNN	ENSG00000143536	CRNN	1479	57.28	1178	743	50.24	GC2	70	fast	80
ENSG00000143537_ADAM15	ENSG00000143537	ADAM15	2595	63.94	1486	891	34.34	GC1	80	fast	80
ENSG00000143545_RAB13	ENSG00000143545	RAB13	612	51.19	216	119	19.44	GC1		slow	80
ENSG00000143552_NUP210L	ENSG00000143552	NUP210L	5664	46.70	3073	1587	28.02	GC3	80	fast	90
ENSG00000143554_SLC27A3	ENSG00000143554	SLC27A3	2040	64.70	1094	559	27.40		70	fast	80
ENSG00000143569_UBAP2L	ENSG00000143569	UBAP2L	3264	53.55	953	422	12.93	GC2	70	slow	90
ENSG00000143570_SLC39A1	ENSG00000143570	SLC39A1	975	62.10	429	241	24.72	GC1		slow	90
ENSG00000143578_CREB3L4	ENSG00000143578	CREB3L4	1188	56.49	742	420	35.35	GC1	80	fast	90
ENSG00000143603_KCNN3	ENSG00000143603	KCNN3	2166	59.39	594	329	15.19			fast	80
ENSG00000143612_C1orf43	ENSG00000143612	C1orf43	762	51.65	266	109	14.30	GC2		slow	
ENSG00000143614_GATAD2B	ENSG00000143614	GATAD2B	1782	52.54	601	297	16.67	GC2	70	slow	90
ENSG00000143621_ILF2	ENSG00000143621	ILF2	1173	49.96	381	216	18.41	GC2		fast	90
ENSG00000143622_RIT1	ENSG00000143622	RIT1	672	49.80	299	163	24.26	GC2		slow	90
ENSG00000143624_INTS3	ENSG00000143624	INTS3	3123	54.42	1057	546	17.48	GC1	80	slow	90
ENSG00000143627_PKLR	ENSG00000143627	PKLR	1725	61.58	816	452	26.20		70	slow	80
ENSG00000143630_HCN3	ENSG00000143630	HCN3	2325	63.86	948	486	20.90			fast	90
ENSG00000143632_ACTA1	ENSG00000143632	ACTA1	1134	61.53	346	132	11.64			slow	80
ENSG00000143633_C1orf131	ENSG00000143633	C1orf131	867	47.78	585	381	43.94	GC2		slow	80
ENSG00000143643_TTC13	ENSG00000143643	TTC13	2574	46.27	991	507	19.70	GC2	70	slow	80
ENSG00000143653_SCCPDH	ENSG00000143653	SCCPDH	1290	46.11	676	363	28.14	GC3		fast	90
ENSG00000143669_LYST	ENSG00000143669	LYST	11406	43.76	6223	3547	31.10	GC3	90	fast	90
ENSG00000143674_NONAME	ENSG00000143674	NONAME	2694	55.09	1790	1144	42.46	GC2	80	fast	90
ENSG00000143702_CEP170	ENSG00000143702	CEP170	4755	44.97	1873	1039	21.85	GC3	90	slow	80
ENSG00000143748_NVL	ENSG00000143748	NVL	2571	48.28	1278	819	31.86	GC3	80	fast	90
ENSG00000143751_SDE2	ENSG00000143751	SDE2	1362	56.18	899	677	49.71	GC2	70	fast	90
ENSG00000143756_FBXO28	ENSG00000143756	FBXO28	1107	51.48	460	231	20.87	GC2		slow	90
ENSG00000143772_ITPKB	ENSG00000143772	ITPKB	2835	62.64	1824	921	32.49		80	fast	70
ENSG00000143774_GUK1	ENSG00000143774	GUK1	642	60.62	412	259	40.34			fast	70
ENSG00000143776_CDC42BPA	ENSG00000143776	CDC42BPA	5262	43.11	1791	1013	19.25	GC3	70	slow	90
ENSG00000143797_MBOAT2	ENSG00000143797	MBOAT2	1491	41.81	716	404	27.10	GC3	70	fast	90
ENSG00000143799_PARP1	ENSG00000143799	PARP1	3045	53.92	1323	831	27.29	GC1	80	fast	90
ENSG00000143801_PSEN2	ENSG00000143801	PSEN2	1347	59.25	510	255	18.93			slow	80
ENSG00000143815_LBR	ENSG00000143815	LBR	1854	49.66	1091	700	37.76	GC2	70	fast	90
ENSG00000143819_EPHX1	ENSG00000143819	EPHX1	1368	55.87	695	420	30.70			fast	90
ENSG00000143839_REN	ENSG00000143839	REN	1224	57.10	676	353	28.84		80	slow	
ENSG00000143842_SOX13	ENSG00000143842	SOX13	1866	62.39	1024	487	26.10		70	fast	90
ENSG00000143845_ETNK2	ENSG00000143845	ETNK2	1161	57.58	544	304	26.18			fast	80
ENSG00000143847_PPFIA4	ENSG00000143847	PPFIA4	3558	61.60	1646	781	21.95			slow	70
ENSG00000143850_PLEKHA6	ENSG00000143850	PLEKHA6	3207	62.66	1477	694	21.64		70	slow	80
ENSG00000143851_PTPN7	ENSG00000143851	PTPN7	1260	62.46	614	301	23.89			slow	
ENSG00000143867_OSR1	ENSG00000143867	OSR1	801	58.80	338	166	20.72	GC1		slow	80
ENSG00000143882_ATP6V1C2	ENSG00000143882	ATP6V1C2	1284	50.25	569	339	26.40	GC1		fast	90
ENSG00000143889_HNRNPLL	ENSG00000143889	HNRNPLL	1623	43.18	516	223	13.74	GC3		slow	90
ENSG00000143924_EML4	ENSG00000143924	EML4	2946	44.55	1185	660	22.40	GC3	70	slow	90
ENSG00000143951_WDPCP	ENSG00000143951	WDPCP	2166	45.00	1018	449	20.73	GC3	80	fast	90
ENSG00000143952_VPS54	ENSG00000143952	VPS54	2934	38.40	878	358	12.20	GC3	70	slow	90
ENSG00000143970_ASXL2	ENSG00000143970	ASXL2	4278	50.27	2181	1118	26.13	GC3	90	fast	90
ENSG00000143971_ETAA1	ENSG00000143971	ETAA1	2721	38.14	2040	1229	45.17	GC3	80	slow	90
ENSG00000143995_MEIS1	ENSG00000143995	MEIS1	1395	50.99	222	111	7.96	GC2		slow	90
ENSG00000144021_CIAO1	ENSG00000144021	CIAO1	1020	58.16	384	212	20.78	GC1		slow	80
ENSG00000144029_MRPS5	ENSG00000144029	MRPS5	1293	51.36	744	410	31.71	GC2		fast	80
ENSG00000144031_ANKRD53	ENSG00000144031	ANKRD53	1521	59.30	1139	708	46.55		80	fast	80
ENSG00000144036_EXOC6B	ENSG00000144036	EXOC6B	2421	43.92	709	347	14.33	GC3		fast	80
ENSG00000144040_SFXN5	ENSG00000144040	SFXN5	1023	57.80	353	177	17.30	GC1		fast	90
ENSG00000144045_DQX1	ENSG00000144045	DQX1	2160	57.18	968	500	23.15	GC2	80	fast	80
ENSG00000144048_DUSP11	ENSG00000144048	DUSP11	999	43.86	647	385	38.54	GC3	70	fast	90
ENSG00000144057_ST6GAL2	ENSG00000144057	ST6GAL2	1590	58.51	1060	687	43.21	GC1	70	fast	90
ENSG00000144061_NPHP1	ENSG00000144061	NPHP1	2034	46.37	1178	700	34.41	GC3	70	fast	90
ENSG00000144115_THNSL2	ENSG00000144115	THNSL2	1455	57.54	777	452	31.07	GC1	70	fast	90
ENSG00000144118_RALB	ENSG00000144118	RALB	621	50.57	198	140	22.54	GC1		slow	90
ENSG00000144136_SLC20A1	ENSG00000144136	SLC20A1	2040	50.73	867	519	25.44	GC2	80	slow	80
ENSG00000144152_FBLN7	ENSG00000144152	FBLN7	1320	62.23	631	313	23.71			fast	80
ENSG00000144161_ZC3H8	ENSG00000144161	ZC3H8	921	39.66	529	329	35.72	GC3		fast	90
ENSG00000144182_LIPT1	ENSG00000144182	LIPT1	1122	40.25	544	264	23.53	GC3	80	slow	
ENSG00000144224_UBXN4	ENSG00000144224	UBXN4	1527	43.94	706	328	21.48	GC3	70	slow	90
ENSG00000144227_NXPH2	ENSG00000144227	NXPH2	795	46.64	296	162	20.38	GC2		slow	80
ENSG00000144228_SPOPL	ENSG00000144228	SPOPL	1179	40.43	279	125	10.60	GC3		slow	90
ENSG00000144230_GPR17	ENSG00000144230	GPR17	1038	62.45	430	245	23.60			slow	70
ENSG00000144233_AMMECR1L	ENSG00000144233	AMMECR1L	933	51.37	193	84	9.00	GC2		slow	80
ENSG00000144278_GALNT13	ENSG00000144278	GALNT13	1671	42.76	561	289	17.30	GC3		fast	90
ENSG00000144283_PKP4	ENSG00000144283	PKP4	3579	50.76	1223	551	15.40	GC2		fast	90
ENSG00000144285_SCN1A	ENSG00000144285	SCN1A	6030	43.03	1876	980	16.25	GC3	80	slow	90
ENSG00000144290_SLC4A10	ENSG00000144290	SLC4A10	3330	43.85	1098	541	16.25	GC3		slow	90
ENSG00000144306_SCRN3	ENSG00000144306	SCRN3	1269	40.39	546	268	21.12	GC3	70	slow	90
ENSG00000144320_KIAA1715	ENSG00000144320	KIAA1715	1293	41.93	625	253	19.57	GC3	70	slow	90
ENSG00000144331_ZNF385B	ENSG00000144331	ZNF385B	1416	49.95	551	251	17.73	GC2		fast	90
ENSG00000144339_TMEFF2	ENSG00000144339	TMEFF2	1125	47.68	299	160	14.22	GC2		slow	90
ENSG00000144355_DLX1	ENSG00000144355	DLX1	768	61.68	171	87	11.33			slow	80
ENSG00000144366_GULP1	ENSG00000144366	GULP1	915	39.97	251	116	12.68	GC3		slow	80
ENSG00000144369_FAM171B	ENSG00000144369	FAM171B	2466	44.94	1124	612	24.82	GC3	80	slow	90
ENSG00000144381_HSPD1	ENSG00000144381	HSPD1	1722	42.33	474	217	12.60	GC3		slow	
ENSG00000144395_CCDC150	ENSG00000144395	CCDC150	3312	44.22	1826	941	28.41	GC2	70	slow	70
ENSG00000144401_METTL21A	ENSG00000144401	METTL21A	657	49.96	316	167	25.42	GC2		slow	90
ENSG00000144407_PTH2R	ENSG00000144407	PTH2R	1650	50.03	849	497	30.12	GC2	70	fast	90
ENSG00000144426_NBEAL1	ENSG00000144426	NBEAL1	7362	40.19	2917	1277	17.35	GC3	80	fast	90
ENSG00000144445_KANSL1L	ENSG00000144445	KANSL1L	2970	40.83	1486	719	24.21	GC3	90	slow	90
ENSG00000144452_ABCA12	ENSG00000144452	ABCA12	7788	43.62	3602	2117	27.18	GC3	90	slow	90
ENSG00000144455_SUMF1	ENSG00000144455	SUMF1	1125	59.01	593	395	35.11	GC1		fast	90
ENSG00000144460_NYAP2	ENSG00000144460	NYAP2	1962	57.55	801	479	24.41	GC1	80	fast	80
ENSG00000144468_RHBDD1	ENSG00000144468	RHBDD1	951	48.87	567	369	38.80	GC2		fast	90
ENSG00000144481_TRPM8	ENSG00000144481	TRPM8	3315	51.72	1262	753	22.71	GC1	80	fast	90
ENSG00000144524_COPS7B	ENSG00000144524	COPS7B	771	51.47	252	114	14.79	GC1		fast	90
ENSG00000144535_DIS3L2	ENSG00000144535	DIS3L2	2640	54.32	1169	623	23.60	GC1	80	fast	80
ENSG00000144550_CPNE9	ENSG00000144550	CPNE9	1662	54.52	533	223	13.42	GC1		fast	80
ENSG00000144554_FANCD2	ENSG00000144554	FANCD2	4350	45.52	2589	1472	33.84	GC2	80	slow	80
ENSG00000144559_TAMM41	ENSG00000144559	TAMM41	1014	46.94	495	307	30.28	GC2		fast	80
ENSG00000144560_VGLL4	ENSG00000144560	VGLL4	891	64.37	424	255	28.62			fast	80
ENSG00000144566_RAB5A	ENSG00000144566	RAB5A	648	42.72	178	86	13.27	GC3		slow	90
ENSG00000144567_FAM134A	ENSG00000144567	FAM134A	1629	61.12	767	354	21.73	GC1	70	fast	90
ENSG00000144580_RQCD1	ENSG00000144580	RQCD1	900	48.16	270	136	15.11	GC2		slow	90
ENSG00000144583_MARCH4	ENSG00000144583	MARCH4	1236	60.69	430	210	16.99	GC1		fast	90
ENSG00000144589_STK11IP	ENSG00000144589	STK11IP	3237	61.84	1800	1018	31.45	GC1	70	fast	80
ENSG00000144596_GRIP2	ENSG00000144596	GRIP2	3123	63.61	1415	760	24.34			fast	80
ENSG00000144597_EAF1	ENSG00000144597	EAF1	807	55.48	294	172	21.31	GC2		slow	80
ENSG00000144619_CNTN4	ENSG00000144619	CNTN4	3081	47.35	1178	702	22.78	GC3	90	fast	90
ENSG00000144635_DYNC1LI1	ENSG00000144635	DYNC1LI1	1575	45.61	663	352	22.35	GC3		slow	90
ENSG00000144644_GADL1	ENSG00000144644	GADL1	1509	47.95	553	295	19.55	GC2	70	fast	90
ENSG00000144645_OSBPL10	ENSG00000144645	OSBPL10	2100	56.65	853	459	21.86	GC1	70	fast	90
ENSG00000144647_POMGNT2	ENSG00000144647	POMGNT2	1743	63.96	590	314	18.01			slow	
ENSG00000144648_ACKR2	ENSG00000144648	ACKR2	1155	56.88	676	386	33.42		80	slow	70
ENSG00000144649_FAM198A	ENSG00000144649	FAM198A	1734	63.36	1111	655	37.77	GC1	80	fast	80
ENSG00000144659_SLC25A38	ENSG00000144659	SLC25A38	915	56.32	460	278	30.38	GC1		fast	90
ENSG00000144668_ITGA9	ENSG00000144668	ITGA9	2922	53.69	1180	672	23.00	GC1	70	fast	90
ENSG00000144671_SLC22A14	ENSG00000144671	SLC22A14	1752	54.88	1433	942	53.77			fast	90
ENSG00000144674_GOLGA4	ENSG00000144674	GOLGA4	6723	41.00	3790	2066	30.73	GC3	80	fast	90
ENSG00000144681_STAC	ENSG00000144681	STAC	1209	52.41	572	292	24.15	GC2		fast	90
ENSG00000144711_IQSEC1	ENSG00000144711	IQSEC1	2916	62.33	1068	614	21.06		70	slow	
ENSG00000144724_PTPRG	ENSG00000144724	PTPRG	4251	51.35	1541	816	19.20	GC2	70	fast	90
ENSG00000144730_IL17RD	ENSG00000144730	IL17RD	2220	55.91	1141	641	28.87	GC1	80	fast	90
ENSG00000144736_SHQ1	ENSG00000144736	SHQ1	1734	47.98	989	610	35.18	GC3		fast	90
ENSG00000144741_SLC25A26	ENSG00000144741	SLC25A26	825	49.11	377	187	22.67	GC3		fast	90
ENSG00000144744_UBA3	ENSG00000144744	UBA3	1392	41.88	383	186	13.36	GC3		slow	90
ENSG00000144747_TMF1	ENSG00000144747	TMF1	3282	41.11	1479	765	23.31	GC3	80	slow	90
ENSG00000144749_LRIG1	ENSG00000144749	LRIG1	3258	58.29	1641	1018	31.25	GC1	80	fast	90
ENSG00000144771_LRTM1	ENSG00000144771	LRTM1	1038	53.85	668	409	39.40	GC2	70	fast	80
ENSG00000144802_NFKBIZ	ENSG00000144802	NFKBIZ	2160	53.13	1135	643	29.77	GC2	80	slow	90
ENSG00000144810_COL8A1	ENSG00000144810	COL8A1	2235	61.21	911	534	23.89	GC2	80	fast	90
ENSG00000144815_NXPE3	ENSG00000144815	NXPE3	1680	49.69	786	423	25.18	GC2		slow	90
ENSG00000144820_GPR128	ENSG00000144820	GPR128	2397	42.09	1690	1151	48.02	GC3	70	fast	90
ENSG00000144821_MYH15	ENSG00000144821	MYH15	5829	47.34	3066	1252	21.48	GC2	80	slow	
ENSG00000144824_PHLDB2	ENSG00000144824	PHLDB2	3762	49.52	1711	1026	27.27	GC2	80	slow	90
ENSG00000144827_ABHD10	ENSG00000144827	ABHD10	921	46.81	527	304	33.01	GC3		fast	90
ENSG00000144834_TAGLN3	ENSG00000144834	TAGLN3	600	55.58	178	108	18.00	GC1		slow	90
ENSG00000144837_PLA1A	ENSG00000144837	PLA1A	1371	51.48	759	450	32.82	GC2	80	fast	90
ENSG00000144840_RABL3	ENSG00000144840	RABL3	711	43.07	231	112	15.75	GC3		slow	90
ENSG00000144843_ADPRH	ENSG00000144843	ADPRH	1074	54.37	549	312	29.05	GC1		fast	90
ENSG00000144847_IGSF11	ENSG00000144847	IGSF11	1296	51.98	548	314	24.23	GC2	70	slow	90
ENSG00000144852_NR1I2	ENSG00000144852	NR1I2	1326	56.98	850	437	32.96			fast	90
ENSG00000144857_BOC	ENSG00000144857	BOC	3351	60.86	1699	985	29.39	GC1	70	fast	90
ENSG00000144868_TMEM108	ENSG00000144868	TMEM108	1725	60.93	974	484	28.06	GC1	80	fast	70
ENSG00000144893_MED12L	ENSG00000144893	MED12L	6441	50.49	2648	1519	23.58	GC2	80	slow	80
ENSG00000144895_EIF2A	ENSG00000144895	EIF2A	1758	42.70	758	443	25.20	GC3	70	slow	90
ENSG00000144908_ALDH1L1	ENSG00000144908	ALDH1L1	2709	57.27	1256	682	25.18	GC1	80	slow	70
ENSG00000144909_OSBPL11	ENSG00000144909	OSBPL11	2256	46.15	863	434	19.24	GC3	70	fast	90
ENSG00000144935_TRPC1	ENSG00000144935	TRPC1	2382	41.54	782	418	17.55	GC3	70	slow	90
ENSG00000144959_NCEH1	ENSG00000144959	NCEH1	1233	51.27	649	364	29.52	GC2		fast	90
ENSG00000144962_SPATA16	ENSG00000144962	SPATA16	1713	43.99	952	427	24.93	GC3	70	fast	90
ENSG00000145012_LPP	ENSG00000145012	LPP	1839	55.17	819	501	27.24	GC2	80	slow	90
ENSG00000145016_KIAA0226	ENSG00000145016	KIAA0226	2919	55.47	1307	672	23.02	GC1		slow	90
ENSG00000145020_AMT	ENSG00000145020	AMT	1212	59.20	543	336	27.72	GC1	70	fast	80
ENSG00000145029_NICN1	ENSG00000145029	NICN1	642	58.09	259	155	24.14	GC1		slow	90
ENSG00000145041_VPRBP	ENSG00000145041	VPRBP	4524	48.88	1460	878	19.41	GC2	90	slow	90
ENSG00000145075_CCDC39	ENSG00000145075	CCDC39	2823	37.29	1603	817	28.94	GC3		fast	90
ENSG00000145087_STXBP5L	ENSG00000145087	STXBP5L	3561	42.73	1082	496	13.93	GC3	70	slow	80
ENSG00000145088_EAF2	ENSG00000145088	EAF2	792	43.03	377	192	24.24	GC3		fast	90
ENSG00000145103_ILDR1	ENSG00000145103	ILDR1	1635	60.84	884	499	30.52		80	slow	90
ENSG00000145147_SLIT2	ENSG00000145147	SLIT2	4410	48.18	1590	964	21.86	GC2	80	fast	90
ENSG00000145191_EIF2B5	ENSG00000145191	EIF2B5	2166	52.81	1084	595	27.47	GC1	70	fast	90
ENSG00000145192_AHSG	ENSG00000145192	AHSG	1092	57.50	792	542	49.63	GC1	70	fast	90
ENSG00000145194_ECE2	ENSG00000145194	ECE2	2652	57.81	1093	536	20.21			fast	90
ENSG00000145198_VWA5B2	ENSG00000145198	VWA5B2	3435	65.50	1930	1111	32.34	GC1	80	fast	90
ENSG00000145214_DGKQ	ENSG00000145214	DGKQ	2688	65.78	1634	844	31.40		80	fast	70
ENSG00000145216_FIP1L1	ENSG00000145216	FIP1L1	1785	47.44	686	252	14.12	GC3		slow	70
ENSG00000145217_SLC26A1	ENSG00000145217	SLC26A1	2121	68.20	1089	664	31.31		80	slow	
ENSG00000145220_LYAR	ENSG00000145220	LYAR	1140	46.40	653	448	39.30	GC2		fast	80
ENSG00000145241_CENPC	ENSG00000145241	CENPC	2844	37.13	2120	1224	43.04	GC3	80	fast	90
ENSG00000145242_EPHA5	ENSG00000145242	EPHA5	3117	47.17	778	374	12.00	GC3	70	slow	80
ENSG00000145244_CORIN	ENSG00000145244	CORIN	3129	50.79	1624	946	30.23	GC2	80	fast	90
ENSG00000145283_SLC10A6	ENSG00000145283	SLC10A6	1134	51.82	666	398	35.10	GC1		fast	90
ENSG00000145293_ENOPH1	ENSG00000145293	ENOPH1	786	50.72	397	208	26.46	GC2		slow	90
ENSG00000145321_GC	ENSG00000145321	GC	1425	44.65	885	576	40.42	GC3	80	fast	90
ENSG00000145331_TRMT10A	ENSG00000145331	TRMT10A	1020	40.26	505	274	26.86	GC3	70	slow	90
ENSG00000145332_KLHL8	ENSG00000145332	KLHL8	1860	45.24	669	362	19.46	GC3	80	slow	80
ENSG00000145348_TBCK	ENSG00000145348	TBCK	2682	43.04	1029	563	20.99	GC3	80	fast	90
ENSG00000145349_CAMK2D	ENSG00000145349	CAMK2D	1500	46.49	467	271	18.07	GC2		slow	90
ENSG00000145362_ANK2	ENSG00000145362	ANK2	11874	51.63	6246	3910	32.93	GC2	90	fast	70
ENSG00000145375_SPATA5	ENSG00000145375	SPATA5	2679	45.18	1254	658	24.56	GC3	80	fast	80
ENSG00000145386_CCNA2	ENSG00000145386	CCNA2	1299	45.94	506	262	20.17	GC3		fast	90
ENSG00000145388_METTL14	ENSG00000145388	METTL14	1371	44.65	497	281	20.50	GC3	80	fast	90
ENSG00000145390_USP53	ENSG00000145390	USP53	3243	41.82	1934	1073	33.09	GC3	80	fast	90
ENSG00000145391_SETD7	ENSG00000145391	SETD7	1101	52.10	399	237	21.53	GC2		slow	90
ENSG00000145414_NAF1	ENSG00000145414	NAF1	1446	47.40	922	535	37.00	GC3	70	fast	90
ENSG00000145416_MARCH1	ENSG00000145416	MARCH1	870	51.74	400	246	28.28	GC1		fast	80
ENSG00000145423_SFRP2	ENSG00000145423	SFRP2	888	57.86	257	113	12.73			slow	80
ENSG00000145431_PDGFC	ENSG00000145431	PDGFC	1038	47.25	427	246	23.70	GC3		slow	90
ENSG00000145439_CBR4	ENSG00000145439	CBR4	714	45.41	344	208	29.13	GC3	70	slow	90
ENSG00000145451_GLRA3	ENSG00000145451	GLRA3	1395	41.84	519	293	21.00	GC3		fast	90
ENSG00000145476_CYP4V2	ENSG00000145476	CYP4V2	1578	44.43	859	487	30.86	GC3	80	fast	70
ENSG00000145495_MARCH6	ENSG00000145495	MARCH6	2733	49.73	1087	703	25.72	GC2	80	slow	90
ENSG00000145526_CDH18	ENSG00000145526	CDH18	2373	46.59	805	436	18.37	GC3		slow	90
ENSG00000145569_FAM105A	ENSG00000145569	FAM105A	1059	46.84	588	381	35.98	GC2	70	fast	90
ENSG00000145604_SKP2	ENSG00000145604	SKP2	1272	49.79	683	446	35.06	GC2		fast	90
ENSG00000145623_OSMR	ENSG00000145623	OSMR	2928	46.48	2276	1518	51.84	GC2	80	fast	90
ENSG00000145632_PLK2	ENSG00000145632	PLK2	2058	46.72	635	358	17.40	GC2		slow	90
ENSG00000145649_GZMA	ENSG00000145649	GZMA	783	43.65	479	297	37.93	GC3		slow	80
ENSG00000145675_PIK3R1	ENSG00000145675	PIK3R1	2175	44.83	709	463	21.29	GC3	70	slow	90
ENSG00000145681_HAPLN1	ENSG00000145681	HAPLN1	1065	50.05	410	216	20.28	GC2		slow	90
ENSG00000145685_LHFPL2	ENSG00000145685	LHFPL2	687	57.78	307	166	24.16			fast	80
ENSG00000145687_SSBP2	ENSG00000145687	SSBP2	1110	49.74	205	75	6.76	GC3		fast	90
ENSG00000145703_IQGAP2	ENSG00000145703	IQGAP2	4680	43.59	2270	1385	29.59	GC2	90	fast	90
ENSG00000145708_CRHBP	ENSG00000145708	CRHBP	969	52.92	566	297	30.65	GC1	70	fast	90
ENSG00000145715_RASA1	ENSG00000145715	RASA1	3123	43.91	989	493	15.79	GC3	80	slow	90
ENSG00000145721_LIX1	ENSG00000145721	LIX1	849	51.32	301	167	19.67	GC1	70	slow	90
ENSG00000145723_GIN1	ENSG00000145723	GIN1	1569	38.26	724	366	23.33	GC3		slow	90
ENSG00000145725_PPIP5K2	ENSG00000145725	PPIP5K2	3732	40.66	1081	601	16.10	GC3	70	slow	90
ENSG00000145730_PAM	ENSG00000145730	PAM	2934	46.12	1325	702	23.93	GC3	80	slow	90
ENSG00000145734_BDP1	ENSG00000145734	BDP1	7344	41.31	5259	2992	40.74	GC3	90	slow	80
ENSG00000145740_SLC30A5	ENSG00000145740	SLC30A5	2295	42.09	790	409	17.82	GC3	70	slow	90
ENSG00000145757_SPATA9	ENSG00000145757	SPATA9	768	41.32	438	226	29.43	GC3		slow	90
ENSG00000145780_FEM1C	ENSG00000145780	FEM1C	1854	44.39	603	372	20.06	GC3	70	slow	90
ENSG00000145781_COMMD10	ENSG00000145781	COMMD10	609	44.83	278	141	23.15	GC3		slow	90
ENSG00000145794_MEGF10	ENSG00000145794	MEGF10	3417	54.26	1216	698	20.43	GC2	80	slow	80
ENSG00000145808_ADAMTS19	ENSG00000145808	ADAMTS19	3615	50.13	1477	688	19.03	GC2	80	fast	80
ENSG00000145817_YIPF5	ENSG00000145817	YIPF5	774	42.47	305	159	20.54	GC3		slow	90
ENSG00000145819_ARHGAP26	ENSG00000145819	ARHGAP26	2445	49.38	756	400	16.36	GC2	70	slow	90
ENSG00000145832_SLC25A48	ENSG00000145832	SLC25A48	936	60.64	563	333	35.58			fast	80
ENSG00000145833_DDX46	ENSG00000145833	DDX46	3099	43.19	887	517	16.68	GC3	80	slow	90
ENSG00000145860_RNF145	ENSG00000145860	RNF145	2004	46.43	754	477	23.80	GC2	70	fast	90
ENSG00000145861_C1QTNF2	ENSG00000145861	C1QTNF2	885	63.33	325	185	20.90			slow	80
ENSG00000145868_FBXO38	ENSG00000145868	FBXO38	3570	47.38	1041	568	15.91	GC3	80	slow	90
ENSG00000145882_PCYOX1L	ENSG00000145882	PCYOX1L	1485	61.05	577	331	22.29		80	slow	90
ENSG00000145888_GLRA1	ENSG00000145888	GLRA1	1350	53.34	456	252	18.67	GC1		slow	90
ENSG00000145901_TNIP1	ENSG00000145901	TNIP1	1911	59.26	917	508	26.58	GC1	70	slow	80
ENSG00000145907_G3BP1	ENSG00000145907	G3BP1	1398	49.89	613	278	19.89	GC3		slow	90
ENSG00000145911_N4BP3	ENSG00000145911	N4BP3	1626	67.35	751	429	26.38		70	fast	90
ENSG00000145934_TENM2	ENSG00000145934	TENM2	7824	55.97	2489	1477	18.88	GC1	80	slow	80
ENSG00000145949_MYLK4	ENSG00000145949	MYLK4	1170	49.43	620	371	31.71	GC1		fast	80
ENSG00000145975_FAM217A	ENSG00000145975	FAM217A	1521	42.75	1133	705	46.35	GC3	70	fast	90
ENSG00000145979_TBC1D7	ENSG00000145979	TBC1D7	882	46.96	363	216	24.49	GC2		slow	90
ENSG00000145982_FARS2	ENSG00000145982	FARS2	1356	55.80	716	436	32.15	GC1	70	fast	90
ENSG00000145990_GFOD1	ENSG00000145990	GFOD1	1173	64.23	309	126	10.74			slow	70
ENSG00000145996_CDKAL1	ENSG00000145996	CDKAL1	1737	44.08	727	451	25.96	GC3		fast	90
ENSG00000146005_PSD2	ENSG00000146005	PSD2	2322	59.25	1204	483	20.80	GC1	70	fast	70
ENSG00000146006_LRRTM2	ENSG00000146006	LRRTM2	1551	44.88	278	118	7.61	GC2		slow	80
ENSG00000146007_ZMAT2	ENSG00000146007	ZMAT2	600	46.77	151	81	13.50	GC1		slow	90
ENSG00000146013_GFRA3	ENSG00000146013	GFRA3	1194	58.26	723	418	35.01	GC1		fast	90
ENSG00000146021_KLHL3	ENSG00000146021	KLHL3	1764	54.64	554	331	18.76	GC1		slow	90
ENSG00000146038_DCDC2	ENSG00000146038	DCDC2	1431	50.11	744	420	29.35	GC2	70	fast	80
ENSG00000146039_SLC17A4	ENSG00000146039	SLC17A4	1494	49.04	1153	831	55.62	GC2	80	fast	90
ENSG00000146067_FAM193B	ENSG00000146067	FAM193B	2367	60.69	1110	507	21.42	GC1	70	fast	90
ENSG00000146083_RNF44	ENSG00000146083	RNF44	1299	64.61	448	254	19.55			slow	80
ENSG00000146085_MUT	ENSG00000146085	MUT	2253	44.15	822	465	20.64	GC3	80	slow	90
ENSG00000146090_RASGEF1C	ENSG00000146090	RASGEF1C	1401	57.61	583	251	17.92			fast	80
ENSG00000146109_ABT1	ENSG00000146109	ABT1	822	61.78	413	259	31.51	GC1	80	slow	80
ENSG00000146122_DAAM2	ENSG00000146122	DAAM2	3204	56.89	1152	587	18.32		70	fast	90
ENSG00000146143_PRIM2	ENSG00000146143	PRIM2	1521	44.11	627	373	24.52	GC3	70	fast	80
ENSG00000146147_MLIP	ENSG00000146147	MLIP	2790	48.48	1628	834	29.89	GC3	70	fast	80
ENSG00000146151_HMGCLL1	ENSG00000146151	HMGCLL1	1023	45.85	467	230	22.48	GC3		fast	90
ENSG00000146166_LGSN	ENSG00000146166	LGSN	1530	45.33	979	540	35.29	GC3	70	fast	90
ENSG00000146192_FGD2	ENSG00000146192	FGD2	1971	62.12	1003	535	27.14			fast	90
ENSG00000146197_SCUBE3	ENSG00000146197	SCUBE3	2982	57.59	918	489	16.40	GC1	80	slow	90
ENSG00000146215_CRIP3	ENSG00000146215	CRIP3	615	59.01	287	141	22.93	GC1		slow	80
ENSG00000146221_TCTE1	ENSG00000146221	TCTE1	1506	61.25	815	474	31.47			fast	80
ENSG00000146232_NFKBIE	ENSG00000146232	NFKBIE	1176	65.46	747	358	30.44			fast	80
ENSG00000146233_CYP39A1	ENSG00000146233	CYP39A1	1410	40.07	837	462	32.77	GC3	80	fast	90
ENSG00000146243_IRAK1BP1	ENSG00000146243	IRAK1BP1	783	49.16	406	206	26.31	GC3		slow	90
ENSG00000146247_PHIP	ENSG00000146247	PHIP	5340	41.30	1679	847	15.86	GC3	80	slow	90
ENSG00000146250_PRSS35	ENSG00000146250	PRSS35	1242	50.92	680	434	34.94	GC2	80	slow	80
ENSG00000146263_MMS22L	ENSG00000146263	MMS22L	3732	41.06	1866	953	25.54	GC3	80	slow	80
ENSG00000146267_FAXC	ENSG00000146267	FAXC	1230	49.17	293	132	10.73	GC2		slow	80
ENSG00000146276_GABRR1	ENSG00000146276	GABRR1	1422	53.64	543	300	21.10			slow	80
ENSG00000146281_PM20D2	ENSG00000146281	PM20D2	1302	51.98	607	307	23.58	GC2		fast	90
ENSG00000146282_RARS2	ENSG00000146282	RARS2	1737	42.80	773	416	23.95	GC3	70	slow	90
ENSG00000146285_SCML4	ENSG00000146285	SCML4	1245	59.65	591	302	24.26	GC1		fast	80
ENSG00000146350_TBC1D32	ENSG00000146350	TBC1D32	3900	38.93	1898	937	24.03	GC3	80	fast	90
ENSG00000146352_CLVS2	ENSG00000146352	CLVS2	984	48.77	301	168	17.07	GC2		slow	90
ENSG00000146373_RNF217	ENSG00000146373	RNF217	768	44.00	246	149	19.40	GC3		slow	90
ENSG00000146374_RSPO3	ENSG00000146374	RSPO3	840	43.90	293	135	16.07	GC3		fast	90
ENSG00000146376_ARHGAP18	ENSG00000146376	ARHGAP18	1998	44.64	1040	550	27.53	GC3	70	fast	90
ENSG00000146409_SLC18B1	ENSG00000146409	SLC18B1	1371	45.47	754	473	34.50	GC3	70	fast	90
ENSG00000146411_SLC2A12	ENSG00000146411	SLC2A12	1866	49.10	994	610	32.69	GC2	70	slow	90
ENSG00000146414_SHPRH	ENSG00000146414	SHPRH	5058	45.43	2559	1513	29.91	GC3	80	fast	90
ENSG00000146426_TIAM2	ENSG00000146426	TIAM2	5175	55.32	2761	1702	32.89	GC1	80	fast	90
ENSG00000146433_TMEM181	ENSG00000146433	TMEM181	1554	49.56	709	395	25.42	GC1	70	fast	90
ENSG00000146453_PNLDC1	ENSG00000146453	PNLDC1	1596	52.09	784	486	30.45	GC1		fast	90
ENSG00000146463_ZMYM4	ENSG00000146463	ZMYM4	4653	42.50	1333	670	14.40	GC3	80	slow	90
ENSG00000146476_C6orf211	ENSG00000146476	C6orf211	1326	41.98	730	461	34.77	GC3	70	fast	90
ENSG00000146477_SLC22A3	ENSG00000146477	SLC22A3	1515	51.75	657	392	25.87	GC2		fast	90
ENSG00000146535_GNA12	ENSG00000146535	GNA12	918	55.55	318	171	18.63			slow	80
ENSG00000146555_SDK1	ENSG00000146555	SDK1	6327	61.14	3039	1681	26.57		90	slow	
ENSG00000146576_C7orf26	ENSG00000146576	C7orf26	1350	59.49	534	299	22.15			fast	90
ENSG00000146592_CREB5	ENSG00000146592	CREB5	1524	55.73	401	218	14.30	GC1		fast	90
ENSG00000146648_EGFR	ENSG00000146648	EGFR	3633	53.93	1665	1058	29.12	GC1	80	fast	90
ENSG00000146670_CDCA5	ENSG00000146670	CDCA5	780	58.74	541	372	47.69	GC1		fast	80
ENSG00000146674_IGFBP3	ENSG00000146674	IGFBP3	867	64.05	480	249	28.72			fast	80
ENSG00000146678_IGFBP1	ENSG00000146678	IGFBP1	792	62.89	594	416	52.53		70	fast	70
ENSG00000146700_SSC4D	ENSG00000146700	SSC4D	1728	67.43	973	504	29.17		70	fast	80
ENSG00000146729_GBAS	ENSG00000146729	GBAS	771	45.89	289	164	21.27	GC2		slow	90
ENSG00000146731_CCT6A	ENSG00000146731	CCT6A	1596	44.48	660	358	22.43	GC3		slow	70
ENSG00000146733_PSPH	ENSG00000146733	PSPH	678	47.34	241	142	20.94	GC3		fast	80
ENSG00000146776_ATXN7L1	ENSG00000146776	ATXN7L1	2520	52.50	775	386	15.32	GC2	80	slow	90
ENSG00000146802_TMEM168	ENSG00000146802	TMEM168	2094	39.49	722	369	17.62	GC3		slow	90
ENSG00000146809_ASB15	ENSG00000146809	ASB15	1767	45.34	837	457	25.86	GC3	70	slow	90
ENSG00000146828_SLC12A9	ENSG00000146828	SLC12A9	2748	64.47	1215	673	24.49		70	slow	90
ENSG00000146842_TMEM209	ENSG00000146842	TMEM209	1683	45.21	685	372	22.10	GC3		slow	90
ENSG00000146856_AGBL3	ENSG00000146856	AGBL3	2106	42.32	948	488	23.17	GC3	80	fast	80
ENSG00000146857_STRA8	ENSG00000146857	STRA8	945	54.09	545	312	33.02	GC1		slow	70
ENSG00000146872_TLK2	ENSG00000146872	TLK2	2253	44.07	459	213	9.45	GC3	80	slow	90
ENSG00000146918_NCAPG2	ENSG00000146918	NCAPG2	3423	44.58	1894	1203	35.14	GC2	80	fast	90
ENSG00000146950_SHROOM2	ENSG00000146950	SHROOM2	4710	63.95	3295	2144	45.52		80	fast	70
ENSG00000146955_RAB19	ENSG00000146955	RAB19	654	55.86	332	208	31.80			slow	90
ENSG00000146966_DENND2A	ENSG00000146966	DENND2A	3045	57.18	1669	926	30.41	GC1	70	fast	90
ENSG00000147003_TMEM27	ENSG00000147003	TMEM27	669	44.14	361	191	28.55	GC3		fast	80
ENSG00000147010_SH3KBP1	ENSG00000147010	SH3KBP1	1995	51.28	659	372	18.65	GC2	70	fast	90
ENSG00000147036_LANCL3	ENSG00000147036	LANCL3	1263	58.35	490	205	16.23	GC1		fast	80
ENSG00000147041_SYTL5	ENSG00000147041	SYTL5	2265	47.09	1190	620	27.37	GC2	80	fast	90
ENSG00000147044_CASK	ENSG00000147044	CASK	2781	44.91	592	306	11.00	GC3	80	slow	90
ENSG00000147050_KDM6A	ENSG00000147050	KDM6A	4203	44.46	1047	317	7.54	GC3	70	slow	90
ENSG00000147065_MSN	ENSG00000147065	MSN	1734	51.66	597	328	18.92	GC1	70	fast	90
ENSG00000147081_AKAP4	ENSG00000147081	AKAP4	2565	46.09	1437	756	29.47	GC2		fast	80
ENSG00000147082_CCNB3	ENSG00000147082	CCNB3	3696	44.35	2962	1760	47.62	GC2	70	fast	70
ENSG00000147099_HDAC8	ENSG00000147099	HDAC8	1134	48.99	347	156	13.76	GC2		fast	80
ENSG00000147100_SLC16A2	ENSG00000147100	SLC16A2	1602	56.26	607	290	18.10	GC1	80	slow	90
ENSG00000147113_CXorf36	ENSG00000147113	CXorf36	1302	58.03	638	372	28.57	GC1	80	fast	80
ENSG00000147118_ZNF182	ENSG00000147118	ZNF182	1866	40.82	747	354	18.97	GC3	70	slow	80
ENSG00000147130_ZMYM3	ENSG00000147130	ZMYM3	4122	56.04	1433	648	15.72	GC1	70	slow	80
ENSG00000147144_CCDC120	ENSG00000147144	CCDC120	1899	67.88	832	429	22.59	GC1		slow	80
ENSG00000147145_LPAR4	ENSG00000147145	LPAR4	1113	42.30	343	165	14.82	GC2		slow	70
ENSG00000147160_AWAT2	ENSG00000147160	AWAT2	1002	51.07	719	370	36.93	GC1		fast	80
ENSG00000147162_OGT	ENSG00000147162	OGT	3141	45.20	774	428	13.63	GC3	80	slow	90
ENSG00000147166_ITGB1BP2	ENSG00000147166	ITGB1BP2	1047	52.22	363	160	15.28	GC2		slow	90
ENSG00000147180_ZNF711	ENSG00000147180	ZNF711	2421	40.23	702	263	10.86	GC3		slow	90
ENSG00000147202_DIAPH2	ENSG00000147202	DIAPH2	3282	40.54	1334	617	18.80	GC3	70	fast	80
ENSG00000147231_CXorf57	ENSG00000147231	CXorf57	2574	42.65	1536	818	31.78	GC3	80	fast	80
ENSG00000147234_FRMPD3	ENSG00000147234	FRMPD3	5277	59.08	1824	812	15.39	GC1	70	slow	
ENSG00000147246_HTR2C	ENSG00000147246	HTR2C	1377	45.33	556	292	21.21	GC2		slow	80
ENSG00000147251_DOCK11	ENSG00000147251	DOCK11	6132	40.95	2125	1164	18.98	GC3	80	slow	90
ENSG00000147255_IGSF1	ENSG00000147255	IGSF1	4011	51.44	2054	996	24.83	GC2	80	slow	80
ENSG00000147256_ARHGAP36	ENSG00000147256	ARHGAP36	1644	52.26	793	374	22.75	GC2	70	slow	90
ENSG00000147257_GPC3	ENSG00000147257	GPC3	1740	48.81	589	295	16.95	GC2		fast	90
ENSG00000147262_GPR119	ENSG00000147262	GPR119	1008	55.87	513	290	28.77	GC1		slow	80
ENSG00000147316_MCPH1	ENSG00000147316	MCPH1	2526	49.98	1855	1321	52.30	GC2	80	fast	
ENSG00000147324_MFHAS1	ENSG00000147324	MFHAS1	3159	62.05	1155	604	19.12			fast	80
ENSG00000147364_FBXO25	ENSG00000147364	FBXO25	1104	47.24	475	335	30.34	GC2	70	fast	80
ENSG00000147383_NSDHL	ENSG00000147383	NSDHL	1095	53.07	523	305	27.85	GC1		fast	80
ENSG00000147394_ZNF185	ENSG00000147394	ZNF185	1968	56.86	1310	703	35.72	GC1	80	fast	
ENSG00000147408_CSGALNACT1	ENSG00000147408	CSGALNACT1	1599	56.56	737	477	29.83		70	fast	90
ENSG00000147416_ATP6V1B2	ENSG00000147416	ATP6V1B2	1536	47.80	482	288	18.75	GC3	70	slow	90
ENSG00000147421_HMBOX1	ENSG00000147421	HMBOX1	1263	47.52	374	177	14.01	GC3		slow	90
ENSG00000147432_CHRNB3	ENSG00000147432	CHRNB3	1377	45.83	681	470	34.13	GC2		slow	90
ENSG00000147434_CHRNA6	ENSG00000147434	CHRNA6	1485	44.31	763	479	32.26	GC2		slow	90
ENSG00000147443_DOK2	ENSG00000147443	DOK2	1239	63.90	780	437	35.27		70	fast	80
ENSG00000147454_SLC25A37	ENSG00000147454	SLC25A37	1017	58.95	423	205	20.16		70	slow	90
ENSG00000147457_CHMP7	ENSG00000147457	CHMP7	1362	56.68	443	217	15.93	GC1		slow	70
ENSG00000147459_DOCK5	ENSG00000147459	DOCK5	5568	48.55	2271	1332	23.92	GC1	80	slow	80
ENSG00000147465_STAR	ENSG00000147465	STAR	858	58.05	397	234	27.27	GC1		fast	90
ENSG00000147475_ERLIN2	ENSG00000147475	ERLIN2	1020	50.79	342	222	21.76	GC1		slow	90
ENSG00000147481_SNTG1	ENSG00000147481	SNTG1	1554	47.09	639	378	24.32	GC2		slow	70
ENSG00000147488_ST18	ENSG00000147488	ST18	3144	49.95	1537	935	29.74	GC2	80	fast	90
ENSG00000147526_TACC1	ENSG00000147526	TACC1	2418	51.85	1356	882	36.48	GC2	80	fast	90
ENSG00000147535_PPAPDC1B	ENSG00000147535	PPAPDC1B	786	55.41	379	225	28.63	GC1		fast	80
ENSG00000147536_GINS4	ENSG00000147536	GINS4	672	48.42	303	191	28.42	GC2	70	slow	90
ENSG00000147548_WHSC1L1	ENSG00000147548	WHSC1L1	4317	46.96	1623	899	20.82	GC3	70	slow	90
ENSG00000147570_DNAJC5B	ENSG00000147570	DNAJC5B	600	44.52	234	134	22.33	GC3		slow	90
ENSG00000147573_TRIM55	ENSG00000147573	TRIM55	1638	50.42	754	411	25.09	GC2	80	slow	90
ENSG00000147576_ADHFE1	ENSG00000147576	ADHFE1	1404	50.62	673	379	26.99	GC2	70	slow	90
ENSG00000147592_LACTB2	ENSG00000147592	LACTB2	867	40.81	427	246	28.37	GC3		fast	90
ENSG00000147596_PRDM14	ENSG00000147596	PRDM14	1710	54.76	1055	664	38.83	GC1	70	fast	90
ENSG00000147601_TERF1	ENSG00000147601	TERF1	1311	44.04	803	462	35.24	GC3	70	fast	90
ENSG00000147606_SLC26A7	ENSG00000147606	SLC26A7	1971	43.77	986	573	29.07	GC3	70	fast	90
ENSG00000147614_ATP6V0D2	ENSG00000147614	ATP6V0D2	1056	46.33	463	314	29.73	GC2	70	slow	90
ENSG00000147642_SYBU	ENSG00000147642	SYBU	1989	57.24	1077	667	33.53	GC1	70	fast	90
ENSG00000147647_DPYS	ENSG00000147647	DPYS	1560	54.17	709	419	26.86	GC2	70	slow	80
ENSG00000147649_MTDH	ENSG00000147649	MTDH	1749	47.71	638	309	17.67	GC3	70	slow	90
ENSG00000147650_LRP12	ENSG00000147650	LRP12	2580	47.35	1009	629	24.38	GC3	70	slow	90
ENSG00000147654_EBAG9	ENSG00000147654	EBAG9	642	41.30	204	119	18.54	GC3		slow	90
ENSG00000147655_RSPO2	ENSG00000147655	RSPO2	732	46.16	296	132	18.03	GC3		slow	90
ENSG00000147677_EIF3H	ENSG00000147677	EIF3H	1059	47.84	306	179	16.90	GC2		slow	80
ENSG00000147679_UTP23	ENSG00000147679	UTP23	747	44.89	314	159	21.29	GC2		slow	80
ENSG00000147687_TATDN1	ENSG00000147687	TATDN1	894	38.19	368	182	20.36	GC3		fast	90
ENSG00000147689_FAM83A	ENSG00000147689	FAM83A	1308	63.19	662	360	27.52			fast	80
ENSG00000147724_FAM135B	ENSG00000147724	FAM135B	4218	52.98	2339	1473	34.92	GC2	90	fast	80
ENSG00000147799_ARHGAP39	ENSG00000147799	ARHGAP39	3345	64.04	1658	916	27.38		90	fast	80
ENSG00000147804_SLC39A4	ENSG00000147804	SLC39A4	1956	66.26	1314	781	39.93		70	fast	80
ENSG00000147852_VLDLR	ENSG00000147852	VLDLR	2622	50.66	1100	644	24.56	GC2		slow	90
ENSG00000147854_UHRF2	ENSG00000147854	UHRF2	2412	44.38	816	403	16.71	GC3	80	slow	90
ENSG00000147862_NFIB	ENSG00000147862	NFIB	1713	48.74	305	114	6.65	GC3		slow	90
ENSG00000147869_CER1	ENSG00000147869	CER1	804	54.54	520	329	40.92	GC1	70	fast	80
ENSG00000147872_PLIN2	ENSG00000147872	PLIN2	1314	50.84	690	436	33.18	GC2	70	fast	90
ENSG00000147874_HAUS6	ENSG00000147874	HAUS6	2877	39.17	1807	997	34.65	GC3	90	fast	90
ENSG00000147894_C9orf72	ENSG00000147894	C9orf72	1446	42.39	506	290	20.06	GC3	70	slow	90
ENSG00000147896_IFNK	ENSG00000147896	IFNK	627	44.96	457	278	44.34	GC2	70	fast	80
ENSG00000147905_ZCCHC7	ENSG00000147905	ZCCHC7	1635	44.01	882	440	26.91	GC3	70	fast	80
ENSG00000147912_FBXO10	ENSG00000147912	FBXO10	2871	57.15	1037	626	21.80	GC1	70	fast	90
ENSG00000147955_SIGMAR1	ENSG00000147955	SIGMAR1	672	63.96	238	118	17.56			fast	90
ENSG00000148019_CEP78	ENSG00000148019	CEP78	2070	45.46	1205	607	29.32	GC3	70	fast	90
ENSG00000148053_NTRK2	ENSG00000148053	NTRK2	2517	49.83	893	485	19.27	GC2	80	slow	80
ENSG00000148082_SHC3	ENSG00000148082	SHC3	1704	58.40	854	464	27.23	GC1		slow	70
ENSG00000148120_C9orf3	ENSG00000148120	C9orf3	2460	51.32	1185	590	23.98	GC2	70	fast	70
ENSG00000148123_NONAME	ENSG00000148123	NONAME	978	50.00	327	166	16.97	GC2		slow	90
ENSG00000148143_ZNF462	ENSG00000148143	ZNF462	7512	53.48	2516	1512	20.13	GC1	80	slow	90
ENSG00000148154_UGCG	ENSG00000148154	UGCG	1185	42.97	361	206	17.38	GC3		slow	90
ENSG00000148158_SNX30	ENSG00000148158	SNX30	1314	51.17	455	247	18.80	GC1		fast	90
ENSG00000148175_STOM	ENSG00000148175	STOM	855	51.27	362	238	27.84	GC2		fast	90
ENSG00000148180_GSN	ENSG00000148180	GSN	2349	61.46	1068	544	23.16		70	fast	90
ENSG00000148187_MRRF	ENSG00000148187	MRRF	789	47.20	352	193	24.46	GC2		fast	90
ENSG00000148200_NR6A1	ENSG00000148200	NR6A1	1341	50.59	389	211	15.73	GC1		slow	90
ENSG00000148218_ALAD	ENSG00000148218	ALAD	993	60.45	422	254	25.58	GC1		slow	80
ENSG00000148288_GBGT1	ENSG00000148288	GBGT1	1044	59.88	537	309	29.60		80	slow	70
ENSG00000148290_SURF1	ENSG00000148290	SURF1	903	58.92	463	277	30.68	GC1		fast	
ENSG00000148291_SURF2	ENSG00000148291	SURF2	771	62.25	512	309	40.08		70	fast	
ENSG00000148297_MED22	ENSG00000148297	MED22	603	60.43	210	111	18.41			fast	70
ENSG00000148300_REXO4	ENSG00000148300	REXO4	1263	59.29	953	605	47.90	GC1	80	fast	80
ENSG00000148308_GTF3C5	ENSG00000148308	GTF3C5	1554	58.27	724	449	28.89		70	fast	80
ENSG00000148331_ASB6	ENSG00000148331	ASB6	1266	61.15	577	297	23.46			fast	90
ENSG00000148334_PTGES2	ENSG00000148334	PTGES2	1131	63.99	504	281	24.85			fast	80
ENSG00000148335_NTMT1	ENSG00000148335	NTMT1	672	58.86	218	129	19.20		70	slow	80
ENSG00000148337_CIZ1	ENSG00000148337	CIZ1	2559	61.59	1682	969	37.87	GC1	80	fast	90
ENSG00000148339_SLC25A25	ENSG00000148339	SLC25A25	1545	59.32	566	341	22.07			slow	80
ENSG00000148341_SH3GLB2	ENSG00000148341	SH3GLB2	1215	60.89	429	230	18.93			slow	90
ENSG00000148343_FAM73B	ENSG00000148343	FAM73B	1782	61.93	676	385	21.60		80	slow	90
ENSG00000148356_LRSAM1	ENSG00000148356	LRSAM1	2172	56.47	1044	542	24.95			fast	90
ENSG00000148358_GPR107	ENSG00000148358	GPR107	1725	47.93	810	444	25.74	GC2	80	fast	80
ENSG00000148362_C9orf142	ENSG00000148362	C9orf142	615	65.02	368	197	32.03	GC1	70	fast	70
ENSG00000148384_INPP5E	ENSG00000148384	INPP5E	1935	63.99	1119	661	34.16		70	fast	
ENSG00000148396_SEC16A	ENSG00000148396	SEC16A	6552	59.63	4479	3037	46.35	GC1	90	fast	80
ENSG00000148400_NOTCH1	ENSG00000148400	NOTCH1	7650	66.04	3177	1586	20.73		70	slow	
ENSG00000148411_NACC2	ENSG00000148411	NACC2	1761	67.08	700	355	20.16		70	slow	70
ENSG00000148426_PROSER2	ENSG00000148426	PROSER2	1371	61.81	950	649	47.34	GC1	70	fast	90
ENSG00000148429_USP6NL	ENSG00000148429	USP6NL	2499	46.90	1362	928	37.13	GC3	70	fast	90
ENSG00000148459_PDSS1	ENSG00000148459	PDSS1	1224	46.94	557	327	26.72	GC3	70	fast	90
ENSG00000148468_FAM171A1	ENSG00000148468	FAM171A1	2580	57.22	1101	699	27.09	GC1	80	slow	90
ENSG00000148481_FAM188A	ENSG00000148481	FAM188A	1338	42.60	419	219	16.37	GC3		slow	90
ENSG00000148482_SLC39A12	ENSG00000148482	SLC39A12	2076	46.57	1185	696	33.53	GC2	80	fast	90
ENSG00000148483_TMEM236	ENSG00000148483	TMEM236	1056	47.92	683	462	43.75	GC2	70	fast	70
ENSG00000148484_RSU1	ENSG00000148484	RSU1	834	49.08	336	206	24.70	GC1		fast	80
ENSG00000148488_ST8SIA6	ENSG00000148488	ST8SIA6	1095	45.10	645	435	39.73	GC2	80	fast	90
ENSG00000148498_PARD3	ENSG00000148498	PARD3	3942	50.85	1671	980	24.86	GC2	80	fast	90
ENSG00000148516_ZEB1	ENSG00000148516	ZEB1	3330	46.73	1366	801	24.05	GC3	70	fast	90
ENSG00000148541_FAM13C	ENSG00000148541	FAM13C	1755	50.26	910	513	29.23	GC2	70	fast	90
ENSG00000148572_NRBF2	ENSG00000148572	NRBF2	867	48.00	427	246	28.37	GC3		slow	90
ENSG00000148584_A1CF	ENSG00000148584	A1CF	1788	48.67	813	482	26.96	GC3		slow	90
ENSG00000148600_CDHR1	ENSG00000148600	CDHR1	2583	58.20	1421	779	30.16	GC1	70	fast	90
ENSG00000148602_LRIT1	ENSG00000148602	LRIT1	1872	66.08	1172	683	36.49		80	fast	90
ENSG00000148604_RGR	ENSG00000148604	RGR	876	61.37	535	319	36.42		70	fast	90
ENSG00000148606_POLR3A	ENSG00000148606	POLR3A	4173	50.26	1271	761	18.24	GC1	70	slow	80
ENSG00000148634_HERC4	ENSG00000148634	HERC4	3174	39.48	925	392	12.35	GC3	80	slow	90
ENSG00000148655_C10orf11	ENSG00000148655	C10orf11	648	51.45	377	183	28.24	GC1		fast	90
ENSG00000148660_CAMK2G	ENSG00000148660	CAMK2G	1653	53.89	541	229	13.85	GC1		slow	90
ENSG00000148677_ANKRD1	ENSG00000148677	ANKRD1	960	47.56	399	211	21.98	GC2		slow	90
ENSG00000148680_HTR7	ENSG00000148680	HTR7	1437	57.82	662	380	26.44			fast	80
ENSG00000148688_RPP30	ENSG00000148688	RPP30	807	43.95	341	176	21.81	GC3		slow	90
ENSG00000148690_FRA10AC1	ENSG00000148690	FRA10AC1	948	35.42	391	179	18.88	GC3		slow	90
ENSG00000148700_ADD3	ENSG00000148700	ADD3	2121	45.05	771	408	19.24	GC3	80	slow	90
ENSG00000148702_HABP2	ENSG00000148702	HABP2	1677	52.82	968	606	36.14	GC1	70	fast	90
ENSG00000148704_VAX1	ENSG00000148704	VAX1	1002	68.18	640	206	20.56			slow	
ENSG00000148719_DNAJB12	ENSG00000148719	DNAJB12	1131	57.15	403	228	20.16	GC1		slow	80
ENSG00000148735_PLEKHS1	ENSG00000148735	PLEKHS1	1329	46.01	1053	711	53.50	GC3		fast	90
ENSG00000148737_TCF7L2	ENSG00000148737	TCF7L2	1416	57.37	419	246	17.37	GC1		fast	90
ENSG00000148795_CYP17A1	ENSG00000148795	CYP17A1	1527	52.76	937	606	39.69	GC1	80	fast	80
ENSG00000148798_INA	ENSG00000148798	INA	1500	62.38	462	230	15.33			slow	80
ENSG00000148832_PAOX	ENSG00000148832	PAOX	1536	62.19	1039	583	37.96			fast	80
ENSG00000148834_GSTO1	ENSG00000148834	GSTO1	726	49.30	428	218	30.03	GC2		fast	80
ENSG00000148835_TAF5	ENSG00000148835	TAF5	2403	48.66	820	352	14.65	GC3	70	slow	90
ENSG00000148840_PPRC1	ENSG00000148840	PPRC1	4983	58.04	2690	1501	30.12	GC2	90	slow	90
ENSG00000148843_PDCD11	ENSG00000148843	PDCD11	5619	53.48	2870	1695	30.17	GC1	80	fast	90
ENSG00000148848_ADAM12	ENSG00000148848	ADAM12	2649	56.36	1487	881	33.26	GC1	80	fast	80
ENSG00000148925_BTBD10	ENSG00000148925	BTBD10	1428	43.69	434	248	17.37	GC3		slow	90
ENSG00000148935_GAS2	ENSG00000148935	GAS2	942	47.08	349	172	18.26	GC2		slow	90
ENSG00000148942_SLC5A12	ENSG00000148942	SLC5A12	1860	48.16	890	530	28.49	GC2	70	fast	90
ENSG00000148948_LRRC4C	ENSG00000148948	LRRC4C	1923	47.19	403	219	11.39	GC2	70	slow	70
ENSG00000148985_PGAP2	ENSG00000148985	PGAP2	948	56.52	300	153	16.14			slow	80
ENSG00000149084_HSD17B12	ENSG00000149084	HSD17B12	939	46.22	470	257	27.37	GC2		fast	80
ENSG00000149089_APIP	ENSG00000149089	APIP	729	46.02	312	195	26.75	GC3		fast	90
ENSG00000149090_PAMR1	ENSG00000149090	PAMR1	2187	56.17	987	572	26.15	GC1	80	fast	90
ENSG00000149091_DGKZ	ENSG00000149091	DGKZ	3354	63.66	1629	719	21.44		70	fast	80
ENSG00000149100_EIF3M	ENSG00000149100	EIF3M	1125	40.92	315	173	15.38	GC3		slow	90
ENSG00000149124_GLYAT	ENSG00000149124	GLYAT	891	48.76	508	283	31.76	GC1		fast	
ENSG00000149131_SERPING1	ENSG00000149131	SERPING1	1446	54.99	1007	677	46.82	GC1	70	fast	90
ENSG00000149136_SSRP1	ENSG00000149136	SSRP1	2130	53.52	745	400	18.78	GC1		fast	90
ENSG00000149150_SLC43A1	ENSG00000149150	SLC43A1	1680	58.74	807	436	25.95		70	fast	80
ENSG00000149177_PTPRJ	ENSG00000149177	PTPRJ	3672	48.57	2469	1701	46.32	GC2	80	fast	90
ENSG00000149179_C11orf49	ENSG00000149179	C11orf49	999	54.98	454	279	27.93	GC1		fast	90
ENSG00000149182_ARFGAP2	ENSG00000149182	ARFGAP2	1563	56.33	679	347	22.20	GC1		fast	90
ENSG00000149187_CELF1	ENSG00000149187	CELF1	1521	51.17	387	187	12.29	GC2		slow	90
ENSG00000149212_SESN3	ENSG00000149212	SESN3	1479	44.94	547	270	18.26	GC3	70	slow	90
ENSG00000149231_CCDC82	ENSG00000149231	CCDC82	1566	39.79	1027	609	38.89	GC3		slow	90
ENSG00000149243_KLHL35	ENSG00000149243	KLHL35	1479	66.75	706	356	24.07			fast	90
ENSG00000149256_TENM4	ENSG00000149256	TENM4	8310	57.47	2938	1539	18.52		80	slow	80
ENSG00000149257_SERPINH1	ENSG00000149257	SERPINH1	1257	62.17	398	230	18.30			slow	80
ENSG00000149260_CAPN5	ENSG00000149260	CAPN5	1941	61.16	921	447	23.03		80	slow	80
ENSG00000149269_PAK1	ENSG00000149269	PAK1	1635	48.10	572	318	19.45	GC2		slow	90
ENSG00000149289_ZC3H12C	ENSG00000149289	ZC3H12C	2631	50.39	1194	707	26.87	GC2		fast	90
ENSG00000149292_TTC12	ENSG00000149292	TTC12	2118	52.10	1322	805	38.01	GC1	70	fast	90
ENSG00000149294_NCAM1	ENSG00000149294	NCAM1	2547	55.84	811	463	18.18	GC1		fast	90
ENSG00000149295_DRD2	ENSG00000149295	DRD2	1332	57.69	450	226	16.97			slow	90
ENSG00000149308_NPAT	ENSG00000149308	NPAT	4314	41.62	2566	1441	33.40	GC3	90	fast	90
ENSG00000149311_ATM	ENSG00000149311	ATM	9174	40.43	4365	2490	27.14	GC3	90	fast	90
ENSG00000149313_AASDHPPT	ENSG00000149313	AASDHPPT	930	43.63	388	194	20.86	GC3		fast	90
ENSG00000149328_GLB1L2	ENSG00000149328	GLB1L2	1911	53.58	1103	709	37.10	GC1	70	fast	90
ENSG00000149346_SLX4IP	ENSG00000149346	SLX4IP	1227	47.96	800	444	36.19	GC3	70	fast	80
ENSG00000149380_P4HA3	ENSG00000149380	P4HA3	1635	56.32	804	454	27.77	GC1	70	fast	90
ENSG00000149403_GRIK4	ENSG00000149403	GRIK4	2871	57.78	692	349	12.16		70	slow	70
ENSG00000149418_ST14	ENSG00000149418	ST14	2562	60.69	1486	869	33.92		80	fast	80
ENSG00000149428_HYOU1	ENSG00000149428	HYOU1	3000	56.36	1320	785	26.17	GC1	80	fast	90
ENSG00000149451_ADAM33	ENSG00000149451	ADAM33	2442	64.53	1534	884	36.20		80	slow	70
ENSG00000149474_CSRP2BP	ENSG00000149474	CSRP2BP	2349	50.88	920	617	26.27	GC2	70	slow	90
ENSG00000149476_DAK	ENSG00000149476	DAK	1731	63.42	906	490	28.31	GC1		slow	90
ENSG00000149480_MTA2	ENSG00000149480	MTA2	2007	55.15	690	385	19.18	GC1	70	slow	90
ENSG00000149488_TMC2	ENSG00000149488	TMC2	2640	52.00	1206	626	23.71	GC1	70	fast	80
ENSG00000149489_ROM1	ENSG00000149489	ROM1	1056	63.83	520	283	26.80	GC1	70	slow	80
ENSG00000149499_EML3	ENSG00000149499	EML3	2694	62.36	1082	570	21.16	GC1	70	fast	90
ENSG00000149503_INCENP	ENSG00000149503	INCENP	2676	62.49	1488	720	26.91			fast	70
ENSG00000149532_CPSF7	ENSG00000149532	CPSF7	1416	55.43	408	215	15.18	GC2		slow	90
ENSG00000149534_MS4A2	ENSG00000149534	MS4A2	732	44.30	530	351	47.95	GC3		fast	70
ENSG00000149541_B3GAT3	ENSG00000149541	B3GAT3	1008	64.60	365	196	19.44	GC1	70	slow	80
ENSG00000149547_EI24	ENSG00000149547	EI24	1038	47.55	319	168	16.18	GC2		slow	80
ENSG00000149548_CCDC15	ENSG00000149548	CCDC15	2475	43.40	1767	1027	41.49	GC3	90	slow	80
ENSG00000149554_CHEK1	ENSG00000149554	CHEK1	1431	42.62	581	347	24.25	GC3		fast	90
ENSG00000149557_FEZ1	ENSG00000149557	FEZ1	1179	52.83	413	231	19.59	GC1		fast	90
ENSG00000149564_ESAM	ENSG00000149564	ESAM	1182	60.46	705	419	35.45	GC1	70	fast	70
ENSG00000149571_KIRREL3	ENSG00000149571	KIRREL3	2238	60.84	641	338	15.10			fast	70
ENSG00000149573_MPZL2	ENSG00000149573	MPZL2	648	51.94	307	185	28.55	GC2		slow	90
ENSG00000149575_SCN2B	ENSG00000149575	SCN2B	648	56.99	258	120	18.52			slow	80
ENSG00000149577_SIDT2	ENSG00000149577	SIDT2	2562	56.45	899	488	19.05			slow	80
ENSG00000149582_TMEM25	ENSG00000149582	TMEM25	1101	61.72	536	256	23.25	GC1		slow	90
ENSG00000149591_TAGLN	ENSG00000149591	TAGLN	606	57.33	169	94	15.51			slow	80
ENSG00000149600_COMMD7	ENSG00000149600	COMMD7	603	48.57	221	91	15.09	GC2		fast	80
ENSG00000149633_KIAA1755	ENSG00000149633	KIAA1755	3603	61.62	2494	1516	42.08	GC1	80	fast	90
ENSG00000149634_SPATA25	ENSG00000149634	SPATA25	687	64.41	394	194	28.24	GC1		slow	80
ENSG00000149636_DSN1	ENSG00000149636	DSN1	1065	45.42	634	361	33.90	GC3	70	fast	90
ENSG00000149639_SOGA1	ENSG00000149639	SOGA1	4320	62.73	1730	973	22.52		80	slow	90
ENSG00000149646_CNBD2	ENSG00000149646	CNBD2	1725	49.53	1132	712	41.28	GC1	80	fast	90
ENSG00000149654_CDH22	ENSG00000149654	CDH22	2451	65.10	1084	399	16.28			slow	
ENSG00000149657_LSM14B	ENSG00000149657	LSM14B	1050	56.46	491	306	29.14	GC1		fast	80
ENSG00000149658_YTHDF1	ENSG00000149658	YTHDF1	1680	58.15	714	475	28.27	GC1	80	slow	70
ENSG00000149679_CABLES2	ENSG00000149679	CABLES2	1341	60.34	709	464	34.60			fast	90
ENSG00000149743_TRPT1	ENSG00000149743	TRPT1	762	61.58	402	208	27.30	GC1		slow	80
ENSG00000149761_NUDT22	ENSG00000149761	NUDT22	909	63.74	513	272	29.92	GC1		slow	70
ENSG00000149781_FERMT3	ENSG00000149781	FERMT3	1992	62.56	712	332	16.67			slow	70
ENSG00000149782_PLCB3	ENSG00000149782	PLCB3	3705	61.53	1512	794	21.43		70	fast	90
ENSG00000149798_CDC42EP2	ENSG00000149798	CDC42EP2	633	65.42	261	132	20.85			slow	80
ENSG00000149809_TM7SF2	ENSG00000149809	TM7SF2	1257	61.97	640	366	29.12		70	slow	90
ENSG00000149922_TBX6	ENSG00000149922	TBX6	1311	63.65	556	302	23.04	GC1		slow	80
ENSG00000149923_PPP4C	ENSG00000149923	PPP4C	924	56.72	229	138	14.94			slow	80
ENSG00000149927_DOC2A	ENSG00000149927	DOC2A	1206	60.54	504	254	21.06			slow	80
ENSG00000149929_HIRIP3	ENSG00000149929	HIRIP3	1659	57.73	1214	695	41.89	GC1	80	fast	90
ENSG00000149930_TAOK2	ENSG00000149930	TAOK2	3708	60.83	1186	512	13.81	GC1	70	slow	
ENSG00000149932_TMEM219	ENSG00000149932	TMEM219	723	57.92	383	191	26.42	GC1		slow	90
ENSG00000149970_CNKSR2	ENSG00000149970	CNKSR2	3105	45.24	842	421	13.56	GC3	70	slow	90
ENSG00000149972_CNTN5	ENSG00000149972	CNTN5	3255	46.72	1243	658	20.22	GC3		slow	70
ENSG00000150054_MPP7	ENSG00000150054	MPP7	1731	44.59	690	399	23.05	GC3		fast	90
ENSG00000150093_ITGB1	ENSG00000150093	ITGB1	2397	43.17	956	591	24.66	GC3		fast	90
ENSG00000150275_PCDH15	ENSG00000150275	PCDH15	5580	46.20	2917	1918	34.37	GC3	80	fast	90
ENSG00000150281_CTF1	ENSG00000150281	CTF1	606	74.50	263	87	14.36			slow	
ENSG00000150347_ARID5B	ENSG00000150347	ARID5B	3567	52.55	1446	903	25.32	GC2	80	slow	90
ENSG00000150361_KLHL1	ENSG00000150361	KLHL1	2247	46.77	734	402	17.89	GC3	70	fast	80
ENSG00000150394_CDH8	ENSG00000150394	CDH8	2400	45.51	714	367	15.29	GC3	70	slow	80
ENSG00000150403_TMCO3	ENSG00000150403	TMCO3	2034	51.66	1022	775	38.10	GC1	80	fast	80
ENSG00000150455_TIRAP	ENSG00000150455	TIRAP	666	64.93	399	264	39.64			fast	90
ENSG00000150456_N6AMT2	ENSG00000150456	N6AMT2	645	48.30	358	253	39.22	GC2		fast	90
ENSG00000150457_LATS2	ENSG00000150457	LATS2	3240	60.24	1818	1269	39.17		80	fast	80
ENSG00000150471_LPHN3	ENSG00000150471	LPHN3	4335	47.19	1456	707	16.31	GC2	70	fast	80
ENSG00000150510_FAM124A	ENSG00000150510	FAM124A	1572	63.01	902	533	33.91		70	fast	70
ENSG00000150540_HNMT	ENSG00000150540	HNMT	879	40.86	409	205	23.32	GC3		slow	90
ENSG00000150593_PDCD4	ENSG00000150593	PDCD4	1410	41.29	459	222	15.74	GC3		slow	90
ENSG00000150625_GPM6A	ENSG00000150625	GPM6A	837	48.57	258	161	19.24	GC2		slow	80
ENSG00000150627_WDR17	ENSG00000150627	WDR17	3969	44.10	1941	1179	29.71	GC3	70	fast	90
ENSG00000150628_SPATA4	ENSG00000150628	SPATA4	918	43.97	600	377	41.07	GC3		slow	80
ENSG00000150630_VEGFC	ENSG00000150630	VEGFC	1260	48.69	555	332	26.35	GC2		fast	90
ENSG00000150637_CD226	ENSG00000150637	CD226	1008	45.80	755	515	51.09	GC2	70	fast	80
ENSG00000150656_CNDP1	ENSG00000150656	CNDP1	1521	52.05	800	545	35.83	GC1		fast	90
ENSG00000150667_FSIP1	ENSG00000150667	FSIP1	1749	41.21	1244	662	37.85	GC3	70	fast	90
ENSG00000150676_CCDC83	ENSG00000150676	CCDC83	1242	40.40	819	480	38.65	GC3		fast	90
ENSG00000150681_RGS18	ENSG00000150681	RGS18	708	38.46	346	185	26.13	GC3		slow	90
ENSG00000150712_MTMR12	ENSG00000150712	MTMR12	2244	48.39	1001	562	25.04	GC2	80	slow	90
ENSG00000150753_CCT5	ENSG00000150753	CCT5	1626	52.76	614	423	26.01	GC1	70	slow	90
ENSG00000150764_DIXDC1	ENSG00000150764	DIXDC1	2052	52.13	880	449	21.88	GC2	70	slow	90
ENSG00000150768_DLAT	ENSG00000150768	DLAT	1944	49.38	786	377	19.39	GC3		fast	80
ENSG00000150773_PIH1D2	ENSG00000150773	PIH1D2	948	40.18	566	299	31.54	GC3	80	slow	90
ENSG00000150776_C11orf57	ENSG00000150776	C11orf57	882	40.67	334	145	16.44	GC3		slow	90
ENSG00000150893_FREM2	ENSG00000150893	FREM2	9519	51.61	4810	2804	29.46	GC2	90	fast	80
ENSG00000150961_SEC24D	ENSG00000150961	SEC24D	3102	50.46	1423	857	27.63	GC2	80	fast	90
ENSG00000150967_ABCB9	ENSG00000150967	ABCB9	2301	62.02	1123	430	18.69		70	fast	80
ENSG00000150977_RILPL2	ENSG00000150977	RILPL2	630	60.92	312	180	28.57			slow	80
ENSG00000150990_DHX37	ENSG00000150990	DHX37	3462	61.39	1866	1004	29.00		70	fast	70
ENSG00000151012_SLC7A11	ENSG00000151012	SLC7A11	1512	47.04	621	318	21.03	GC2		slow	90
ENSG00000151023_ENKUR	ENSG00000151023	ENKUR	768	41.10	408	226	29.43	GC3		slow	90
ENSG00000151025_GPR158	ENSG00000151025	GPR158	3645	52.12	1649	862	23.65	GC2		slow	
ENSG00000151065_DCP1B	ENSG00000151065	DCP1B	1842	55.98	1157	746	40.50	GC1	70	fast	90
ENSG00000151067_CACNA1C	ENSG00000151067	CACNA1C	5982	55.65	2077	1202	20.09		70	slow	80
ENSG00000151079_KCNA6	ENSG00000151079	KCNA6	1593	61.33	519	278	17.45		70	slow	
ENSG00000151090_THRB	ENSG00000151090	THRB	1428	49.90	576	388	27.17	GC2		slow	90
ENSG00000151092_NGLY1	ENSG00000151092	NGLY1	1965	43.76	955	521	26.51	GC3	80	fast	90
ENSG00000151093_OXSM	ENSG00000151093	OXSM	1386	48.01	648	418	30.16	GC3	80	slow	90
ENSG00000151116_UEVLD	ENSG00000151116	UEVLD	1416	42.54	618	330	23.31	GC3		fast	90
ENSG00000151117_TMEM86A	ENSG00000151117	TMEM86A	723	59.31	311	172	23.79			slow	90
ENSG00000151136_BTBD11	ENSG00000151136	BTBD11	3216	58.92	792	356	11.07			fast	80
ENSG00000151148_UBE3B	ENSG00000151148	UBE3B	3207	53.10	1225	723	22.54	GC1		slow	90
ENSG00000151164_RAD9B	ENSG00000151164	RAD9B	1245	40.72	774	453	36.39	GC3	70	fast	90
ENSG00000151208_DLG5	ENSG00000151208	DLG5	5478	59.16	2267	1260	23.00		80	fast	80
ENSG00000151224_MAT1A	ENSG00000151224	MAT1A	1191	57.81	442	273	22.92			fast	80
ENSG00000151229_SLC2A13	ENSG00000151229	SLC2A13	1944	51.25	751	326	16.77	GC2	70	fast	80
ENSG00000151233_GXYLT1	ENSG00000151233	GXYLT1	1314	41.97	602	291	22.15	GC3	70	fast	90
ENSG00000151239_TWF1	ENSG00000151239	TWF1	1053	38.86	330	159	15.10	GC3	70	slow	90
ENSG00000151240_DIP2C	ENSG00000151240	DIP2C	4584	55.40	1608	1147	25.02	GC1	80	fast	90
ENSG00000151247_EIF4E	ENSG00000151247	EIF4E	654	41.31	123	60	9.17	GC3		slow	80
ENSG00000151287_TEX30	ENSG00000151287	TEX30	684	38.79	247	103	15.06	GC3		slow	90
ENSG00000151292_CSNK1G3	ENSG00000151292	CSNK1G3	1368	40.26	301	151	11.04	GC3		slow	90
ENSG00000151304_SRFBP1	ENSG00000151304	SRFBP1	1287	38.63	731	383	29.76	GC3	80	fast	90
ENSG00000151320_AKAP6	ENSG00000151320	AKAP6	6963	46.94	3467	2018	28.98	GC3	90	fast	90
ENSG00000151332_MBIP	ENSG00000151332	MBIP	1035	42.65	454	236	22.80	GC3	70	slow	90
ENSG00000151338_MIPOL1	ENSG00000151338	MIPOL1	1329	40.86	715	322	24.23	GC3		fast	80
ENSG00000151348_EXT2	ENSG00000151348	EXT2	2157	53.67	855	515	23.88	GC1	70	fast	90
ENSG00000151360_ALLC	ENSG00000151360	ALLC	1239	51.10	746	502	40.52	GC2	70	fast	90
ENSG00000151388_ADAMTS12	ENSG00000151388	ADAMTS12	4803	53.51	2903	1610	33.52	GC2	80	fast	90
ENSG00000151413_NUBPL	ENSG00000151413	NUBPL	960	47.05	428	228	23.75	GC3		slow	90
ENSG00000151414_NEK7	ENSG00000151414	NEK7	909	43.34	278	162	17.82	GC3		slow	90
ENSG00000151422_FER	ENSG00000151422	FER	2469	39.62	860	499	20.21	GC3	70	fast	90
ENSG00000151445_VIPAS39	ENSG00000151445	VIPAS39	1482	49.24	556	326	22.00	GC2		slow	90
ENSG00000151461_UPF2	ENSG00000151461	UPF2	3816	41.02	1272	617	16.17	GC3	80	slow	90
ENSG00000151465_CDC123	ENSG00000151465	CDC123	1011	43.28	397	230	22.75	GC3		slow	90
ENSG00000151466_SCLT1	ENSG00000151466	SCLT1	2067	38.83	1052	479	23.17	GC3	80	fast	80
ENSG00000151470_C4orf33	ENSG00000151470	C4orf33	600	40.71	237	101	16.83	GC3		slow	70
ENSG00000151474_FRMD4A	ENSG00000151474	FRMD4A	3066	57.69	1081	626	20.42	GC1		fast	80
ENSG00000151475_SLC25A31	ENSG00000151475	SLC25A31	951	45.73	361	188	19.77	GC3		slow	90
ENSG00000151490_PTPRO	ENSG00000151490	PTPRO	3645	45.30	1405	797	21.87	GC2	80	fast	80
ENSG00000151491_EPS8	ENSG00000151491	EPS8	2469	46.87	1052	650	26.33	GC3	80	slow	90
ENSG00000151498_ACAD8	ENSG00000151498	ACAD8	1248	55.30	783	436	34.94	GC1		fast	90
ENSG00000151500_THYN1	ENSG00000151500	THYN1	681	51.23	334	189	27.75	GC2		slow	
ENSG00000151502_VPS26B	ENSG00000151502	VPS26B	1011	54.61	309	181	17.90			fast	80
ENSG00000151503_NCAPD3	ENSG00000151503	NCAPD3	4500	48.28	2988	2094	46.53	GC2	90	fast	90
ENSG00000151532_VTI1A	ENSG00000151532	VTI1A	654	49.83	219	103	15.75	GC2		fast	90
ENSG00000151552_QDPR	ENSG00000151552	QDPR	729	60.27	316	185	25.38			fast	90
ENSG00000151553_FAM160B1	ENSG00000151553	FAM160B1	2274	45.32	948	614	27.00	GC3	70	fast	90
ENSG00000151572_ANO4	ENSG00000151572	ANO4	2826	44.62	797	447	15.82	GC2		slow	90
ENSG00000151575_TEX9	ENSG00000151575	TEX9	1179	38.84	707	370	31.38	GC3	70	fast	90
ENSG00000151576_QTRTD1	ENSG00000151576	QTRTD1	1248	48.63	535	256	20.51	GC2	70	fast	80
ENSG00000151577_DRD3	ENSG00000151577	DRD3	1203	56.45	502	305	25.35	GC1	70	slow	90
ENSG00000151611_MMAA	ENSG00000151611	MMAA	1263	45.07	568	312	24.70	GC3	70	fast	80
ENSG00000151612_ZNF827	ENSG00000151612	ZNF827	3243	54.13	1103	673	20.75	GC1	90	fast	90
ENSG00000151615_POU4F2	ENSG00000151615	POU4F2	1227	64.92	363	186	15.16			slow	80
ENSG00000151617_EDNRA	ENSG00000151617	EDNRA	1284	46.39	483	306	23.83	GC2	70	fast	90
ENSG00000151623_NR3C2	ENSG00000151623	NR3C2	2967	49.17	1168	619	20.86	GC2	70	fast	80
ENSG00000151655_ITIH2	ENSG00000151655	ITIH2	2841	47.10	1373	886	31.19	GC2	80	fast	80
ENSG00000151657_KIN	ENSG00000151657	KIN	1182	43.28	426	269	22.76	GC3		slow	90
ENSG00000151665_PIGF	ENSG00000151665	PIGF	660	38.69	337	154	23.33	GC3		fast	90
ENSG00000151687_ANKAR	ENSG00000151687	ANKAR	4302	39.52	2205	1341	31.17	GC3	80	fast	90
ENSG00000151689_INPP1	ENSG00000151689	INPP1	1200	49.41	640	426	35.50	GC2	70	fast	90
ENSG00000151690_MFSD6	ENSG00000151690	MFSD6	2382	51.58	1111	737	30.94	GC2	80	fast	90
ENSG00000151692_RNF144A	ENSG00000151692	RNF144A	879	56.83	339	206	23.44	GC1		fast	90
ENSG00000151693_ASAP2	ENSG00000151693	ASAP2	2895	52.79	1175	714	24.66	GC1	80	fast	90
ENSG00000151694_ADAM17	ENSG00000151694	ADAM17	2484	47.54	1008	662	26.65	GC2	70	slow	90
ENSG00000151704_KCNJ1	ENSG00000151704	KCNJ1	1176	46.20	504	322	27.38	GC2	70	slow	90
ENSG00000151715_TMEM45B	ENSG00000151715	TMEM45B	831	51.78	453	316	38.03	GC1	70	slow	90
ENSG00000151718_WWC2	ENSG00000151718	WWC2	3450	52.59	1820	1117	32.38	GC2	80	fast	90
ENSG00000151725_CENPU	ENSG00000151725	CENPU	1254	41.99	945	574	45.77	GC3	70	fast	80
ENSG00000151726_ACSL1	ENSG00000151726	ACSL1	2097	49.77	976	622	29.66	GC2	70	fast	90
ENSG00000151729_SLC25A4	ENSG00000151729	SLC25A4	897	55.37	332	171	19.06	GC1		slow	90
ENSG00000151743_AMN1	ENSG00000151743	AMN1	777	41.68	296	158	20.33	GC3	80	fast	70
ENSG00000151748_SAV1	ENSG00000151748	SAV1	1155	44.41	410	180	15.58	GC3		slow	90
ENSG00000151773_CCDC122	ENSG00000151773	CCDC122	822	34.78	473	237	28.83	GC3		fast	90
ENSG00000151779_NBAS	ENSG00000151779	NBAS	7119	49.50	3794	2193	30.80	GC2	80	fast	80
ENSG00000151790_TDO2	ENSG00000151790	TDO2	1221	42.47	562	333	27.27	GC3		fast	90
ENSG00000151806_GUF1	ENSG00000151806	GUF1	2010	40.04	870	440	21.89	GC3	80	slow	90
ENSG00000151812_SLC35F4	ENSG00000151812	SLC35F4	1362	47.40	528	258	18.94	GC2		slow	90
ENSG00000151834_GABRA2	ENSG00000151834	GABRA2	1356	41.34	364	206	15.19	GC3		fast	90
ENSG00000151835_SACS	ENSG00000151835	SACS	13737	43.53	6056	4405	32.07	GC3	90	slow	90
ENSG00000151838_CCDC175	ENSG00000151838	CCDC175	2391	36.92	1883	1287	53.83	GC3	80	fast	90
ENSG00000151849_CENPJ	ENSG00000151849	CENPJ	4038	40.77	2446	1377	34.10	GC3	90	slow	80
ENSG00000151876_FBXO4	ENSG00000151876	FBXO4	1164	44.85	507	259	22.25	GC3		slow	90
ENSG00000151883_PARP8	ENSG00000151883	PARP8	2565	45.22	854	430	16.76	GC3	70	slow	90
ENSG00000151893_CACUL1	ENSG00000151893	CACUL1	1110	48.98	345	138	12.43	GC2		slow	80
ENSG00000151914_DST	ENSG00000151914	DST	22632	44.51	11386	7088	31.32	GC3	90	fast	90
ENSG00000151917_BEND6	ENSG00000151917	BEND6	840	43.10	355	206	24.52	GC3		fast	90
ENSG00000151923_TIAL1	ENSG00000151923	TIAL1	1179	43.64	272	135	11.45	GC3		slow	90
ENSG00000151929_BAG3	ENSG00000151929	BAG3	1728	62.28	1026	580	33.56	GC1	80	fast	90
ENSG00000151948_GLT1D1	ENSG00000151948	GLT1D1	975	52.59	557	339	34.77	GC2		slow	70
ENSG00000151952_TMEM132D	ENSG00000151952	TMEM132D	3300	59.06	1666	925	28.03		70	slow	
ENSG00000151962_RBM46	ENSG00000151962	RBM46	1602	39.82	536	279	17.42	GC3		slow	90
ENSG00000152092_ASTN1	ENSG00000152092	ASTN1	3786	57.05	1146	626	16.53	GC1	80	fast	80
ENSG00000152104_PTPN14	ENSG00000152104	PTPN14	3564	56.83	1403	807	22.64		80	fast	80
ENSG00000152127_MGAT5	ENSG00000152127	MGAT5	2226	48.85	802	428	19.23	GC2	70	fast	90
ENSG00000152128_TMEM163	ENSG00000152128	TMEM163	855	56.12	324	157	18.36	GC1		fast	90
ENSG00000152133_GPATCH11	ENSG00000152133	GPATCH11	795	41.69	369	194	24.40	GC3		fast	90
ENSG00000152193_RNF219	ENSG00000152193	RNF219	2181	41.19	906	463	21.23	GC3	80	slow	90
ENSG00000152207_CYSLTR2	ENSG00000152207	CYSLTR2	1038	46.06	626	366	35.26	GC2	70	slow	
ENSG00000152219_ARL14EP	ENSG00000152219	ARL14EP	783	41.69	278	160	20.43	GC3		slow	90
ENSG00000152223_EPG5	ENSG00000152223	EPG5	7740	48.86	3558	1922	24.83	GC2	80	fast	90
ENSG00000152229_PSTPIP2	ENSG00000152229	PSTPIP2	996	46.41	456	301	30.22	GC2		fast	90
ENSG00000152240_HAUS1	ENSG00000152240	HAUS1	837	42.94	483	245	29.27	GC3		slow	90
ENSG00000152242_C18orf25	ENSG00000152242	C18orf25	1215	49.59	378	192	15.80	GC3		slow	90
ENSG00000152253_SPC25	ENSG00000152253	SPC25	681	37.28	385	204	29.96	GC3		slow	90
ENSG00000152254_G6PC2	ENSG00000152254	G6PC2	1068	45.49	494	268	25.09	GC2	70	slow	90
ENSG00000152270_PDE3B	ENSG00000152270	PDE3B	3063	46.11	1439	740	24.16	GC3	80	fast	90
ENSG00000152284_TCF7L1	ENSG00000152284	TCF7L1	1692	62.15	557	278	16.43		70	fast	90
ENSG00000152291_TGOLN2	ENSG00000152291	TGOLN2	1137	53.80	943	683	60.07	GC2		fast	
ENSG00000152315_KCNK13	ENSG00000152315	KCNK13	1227	60.59	553	282	22.98		70	slow	70
ENSG00000152332_UHMK1	ENSG00000152332	UHMK1	1260	50.78	410	218	17.30	GC2	70	slow	80
ENSG00000152348_ATG10	ENSG00000152348	ATG10	663	44.25	376	209	31.52	GC3		slow	80
ENSG00000152359_POC5	ENSG00000152359	POC5	1725	45.47	1035	653	37.86	GC3	70	fast	90
ENSG00000152377_SPOCK1	ENSG00000152377	SPOCK1	1128	54.86	443	228	20.21	GC1		fast	90
ENSG00000152380_FAM151B	ENSG00000152380	FAM151B	831	42.65	432	237	28.52	GC3		slow	90
ENSG00000152382_TADA1	ENSG00000152382	TADA1	1008	51.04	354	223	22.12	GC2		slow	90
ENSG00000152402_GUCY1A2	ENSG00000152402	GUCY1A2	1896	47.17	741	424	22.36	GC2		fast	90
ENSG00000152404_CWF19L2	ENSG00000152404	CWF19L2	2682	40.53	1532	842	31.39	GC3	80	fast	90
ENSG00000152409_JMY	ENSG00000152409	JMY	2937	52.32	1463	710	24.17	GC2	70	fast	90
ENSG00000152413_HOMER1	ENSG00000152413	HOMER1	1065	43.41	281	133	12.49	GC3		slow	90
ENSG00000152422_XRCC4	ENSG00000152422	XRCC4	1008	40.22	631	307	30.46	GC3	70	fast	90
ENSG00000152457_DCLRE1C	ENSG00000152457	DCLRE1C	2082	44.95	1159	729	35.01	GC3	70	fast	90
ENSG00000152464_RPP38	ENSG00000152464	RPP38	852	47.83	525	374	43.90	GC2	90	slow	80
ENSG00000152465_NMT2	ENSG00000152465	NMT2	1467	47.54	583	346	23.59	GC2	80	fast	90
ENSG00000152484_USP12	ENSG00000152484	USP12	1113	41.82	358	221	19.86	GC3		slow	80
ENSG00000152492_CCDC50	ENSG00000152492	CCDC50	1449	49.08	953	510	35.20	GC2	70	slow	90
ENSG00000152495_CAMK4	ENSG00000152495	CAMK4	1422	49.63	685	362	25.46	GC2		fast	90
ENSG00000152503_TRIM36	ENSG00000152503	TRIM36	2190	43.81	862	549	25.07	GC3	70	slow	90
ENSG00000152520_PAN3	ENSG00000152520	PAN3	2226	44.45	618	317	14.24	GC3		slow	90
ENSG00000152556_PFKM	ENSG00000152556	PFKM	2556	54.37	909	530	20.74	GC1	70	fast	90
ENSG00000152578_GRIA4	ENSG00000152578	GRIA4	2709	45.23	774	416	15.36	GC3		slow	90
ENSG00000152580_IGSF10	ENSG00000152580	IGSF10	7884	47.34	5301	3146	39.90	GC3	90	fast	80
ENSG00000152582_SPEF2	ENSG00000152582	SPEF2	5460	42.05	3275	1981	36.28	GC3	90	fast	90
ENSG00000152583_SPARCL1	ENSG00000152583	SPARCL1	1974	45.09	1310	833	42.20	GC3	80	fast	90
ENSG00000152592_DMP1	ENSG00000152592	DMP1	1545	50.85	1029	593	38.38	GC2		fast	80
ENSG00000152601_MBNL1	ENSG00000152601	MBNL1	1164	51.05	202	92	7.90	GC2		slow	90
ENSG00000152611_CAPSL	ENSG00000152611	CAPSL	627	46.17	255	152	24.24	GC2		slow	90
ENSG00000152642_GPD1L	ENSG00000152642	GPD1L	1056	53.52	396	252	23.86	GC1		fast	90
ENSG00000152661_GJA1	ENSG00000152661	GJA1	1149	50.60	342	187	16.28	GC1		slow	80
ENSG00000152669_CCNO	ENSG00000152669	CCNO	1059	65.40	659	341	32.20			slow	90
ENSG00000152670_DDX4	ENSG00000152670	DDX4	2181	41.83	829	378	17.33	GC3	70	slow	90
ENSG00000152672_CLEC4F	ENSG00000152672	CLEC4F	1704	49.59	1386	908	53.29	GC2	70	fast	80
ENSG00000152683_SLC30A6	ENSG00000152683	SLC30A6	1386	42.11	531	248	17.89	GC3		slow	70
ENSG00000152689_RASGRP3	ENSG00000152689	RASGRP3	2079	48.10	803	421	20.25	GC2	70	slow	90
ENSG00000152705_CATSPER3	ENSG00000152705	CATSPER3	1197	48.77	775	469	39.18	GC1	70	fast	90
ENSG00000152749_GPR180	ENSG00000152749	GPR180	1323	46.45	598	315	23.81	GC2	70	slow	90
ENSG00000152763_WDR78	ENSG00000152763	WDR78	2454	40.19	1372	802	32.68	GC3	80	fast	90
ENSG00000152767_FARP1	ENSG00000152767	FARP1	3141	54.88	1301	725	23.08	GC1	80	fast	80
ENSG00000152779_SLC16A12	ENSG00000152779	SLC16A12	1461	48.90	634	387	26.49	GC2	70	slow	90
ENSG00000152785_BMP3	ENSG00000152785	BMP3	1419	50.59	804	450	31.71	GC2		fast	90
ENSG00000152795_HNRNPDL	ENSG00000152795	HNRNPDL	1263	49.43	290	102	8.08	GC3		fast	
ENSG00000152804_HHEX	ENSG00000152804	HHEX	813	58.84	333	121	14.88	GC1		fast	80
ENSG00000152818_UTRN	ENSG00000152818	UTRN	10302	47.71	5158	3206	31.12	GC2	90	fast	90
ENSG00000152822_GRM1	ENSG00000152822	GRM1	3579	55.41	1279	704	19.67	GC1	70	fast	90
ENSG00000152894_PTPRK	ENSG00000152894	PTPRK	4353	46.61	1364	806	18.52	GC3	70	slow	90
ENSG00000152904_GGPS1	ENSG00000152904	GGPS1	903	38.75	320	163	18.05	GC3		slow	80
ENSG00000152910_CNTNAP4	ENSG00000152910	CNTNAP4	3846	48.15	1943	1144	29.75	GC2	90	fast	90
ENSG00000152932_RAB3C	ENSG00000152932	RAB3C	684	45.77	197	118	17.25	GC2		slow	90
ENSG00000152936_LMNTD1	ENSG00000152936	LMNTD1	1188	43.69	910	621	52.27	GC3		fast	80
ENSG00000152939_MARVELD2	ENSG00000152939	MARVELD2	1680	50.69	888	560	33.33	GC2	80	fast	90
ENSG00000152942_RAD17	ENSG00000152942	RAD17	2049	39.76	1075	538	26.26	GC3	70	fast	90
ENSG00000152952_PLOD2	ENSG00000152952	PLOD2	2277	40.34	894	463	20.33	GC3		fast	90
ENSG00000152990_GPR125	ENSG00000152990	GPR125	3708	49.76	1647	1056	28.48	GC2	80	fast	90
ENSG00000153002_CPB1	ENSG00000153002	CPB1	1254	48.44	667	390	31.10	GC2		fast	90
ENSG00000153012_LGI2	ENSG00000153012	LGI2	1623	50.16	578	329	20.27	GC1		fast	90
ENSG00000153015_CWC27	ENSG00000153015	CWC27	1422	41.02	524	276	19.41	GC3		slow	80
ENSG00000153044_CENPH	ENSG00000153044	CENPH	735	40.69	455	251	34.15	GC3		fast	90
ENSG00000153064_BANK1	ENSG00000153064	BANK1	2358	43.62	1428	722	30.62	GC3	80	slow	
ENSG00000153066_TXNDC11	ENSG00000153066	TXNDC11	2823	53.76	1437	764	27.06	GC1	70	fast	90
ENSG00000153071_DAB2	ENSG00000153071	DAB2	2313	47.91	1020	585	25.29	GC3	80	slow	90
ENSG00000153086_ACMSD	ENSG00000153086	ACMSD	1011	48.83	445	224	22.16	GC2	70	fast	90
ENSG00000153093_ACOXL	ENSG00000153093	ACOXL	1650	50.68	809	392	23.76	GC2		fast	70
ENSG00000153113_CAST	ENSG00000153113	CAST	2337	47.58	1500	940	40.22	GC3	80	fast	90
ENSG00000153132_CLGN	ENSG00000153132	CLGN	1833	40.95	914	514	28.04	GC3	70	slow	90
ENSG00000153147_SMARCA5	ENSG00000153147	SMARCA5	3159	41.52	942	508	16.08	GC3	70	slow	90
ENSG00000153157_SYCP2L	ENSG00000153157	SYCP2L	2430	42.24	1753	1027	42.26	GC3	80	fast	70
ENSG00000153162_BMP6	ENSG00000153162	BMP6	1419	58.23	697	352	24.81	GC1		fast	80
ENSG00000153179_RASSF3	ENSG00000153179	RASSF3	666	49.77	306	150	22.52	GC1		fast	90
ENSG00000153201_RANBP2	ENSG00000153201	RANBP2	9321	41.21	4658	2666	28.60	GC3	90	slow	90
ENSG00000153207_AHCTF1	ENSG00000153207	AHCTF1	6843	42.87	4311	2644	38.64	GC3	90	fast	90
ENSG00000153208_MERTK	ENSG00000153208	MERTK	2940	51.69	1722	1081	36.77	GC2	80	fast	90
ENSG00000153214_TMEM87B	ENSG00000153214	TMEM87B	1644	40.51	779	419	25.49	GC3	70	fast	90
ENSG00000153233_PTPRR	ENSG00000153233	PTPRR	1968	45.94	913	490	24.90	GC3		fast	90
ENSG00000153234_NR4A2	ENSG00000153234	NR4A2	1797	55.52	370	189	10.52	GC1		slow	90
ENSG00000153237_CCDC148	ENSG00000153237	CCDC148	1776	38.62	1055	509	28.66	GC3	70	fast	90
ENSG00000153250_RBMS1	ENSG00000153250	RBMS1	1221	47.96	353	173	14.17	GC3		slow	90
ENSG00000153253_SCN3A	ENSG00000153253	SCN3A	6003	43.32	2049	1137	18.94	GC2	80	slow	90
ENSG00000153266_FEZF2	ENSG00000153266	FEZF2	1377	63.02	420	197	14.31			slow	90
ENSG00000153291_SLC25A27	ENSG00000153291	SLC25A27	972	47.02	363	181	18.62	GC3		fast	90
ENSG00000153292_GPR110	ENSG00000153292	GPR110	2733	47.04	1841	1188	43.47	GC2	80	fast	90
ENSG00000153294_GPR115	ENSG00000153294	GPR115	2085	45.70	1255	801	38.42	GC2	70	fast	90
ENSG00000153310_FAM49B	ENSG00000153310	FAM49B	975	41.51	219	130	13.33	GC3		slow	90
ENSG00000153317_ASAP1	ENSG00000153317	ASAP1	3402	51.83	1225	697	20.49	GC2	70	fast	90
ENSG00000153339_TRAPPC8	ENSG00000153339	TRAPPC8	4308	41.23	1489	671	15.58	GC3	80	slow	80
ENSG00000153446_C16orf89	ENSG00000153446	C16orf89	1074	58.17	660	365	33.99		70	fast	70
ENSG00000153558_FBXL2	ENSG00000153558	FBXL2	1269	53.58	499	302	23.80	GC1		slow	90
ENSG00000153560_UBP1	ENSG00000153560	UBP1	1623	48.25	567	317	19.53	GC2	70	slow	80
ENSG00000153561_RMND5A	ENSG00000153561	RMND5A	1176	45.66	351	167	14.20	GC3		fast	90
ENSG00000153563_CD8A	ENSG00000153563	CD8A	711	62.80	537	366	51.48			fast	80
ENSG00000153707_PTPRD	ENSG00000153707	PTPRD	5739	47.24	1527	854	14.88	GC3	80	slow	80
ENSG00000153714_LURAP1L	ENSG00000153714	LURAP1L	681	58.10	290	145	21.29	GC1		slow	80
ENSG00000153767_GTF2E1	ENSG00000153767	GTF2E1	1317	48.60	536	277	21.03	GC3		slow	90
ENSG00000153774_CFDP1	ENSG00000153774	CFDP1	900	47.27	379	221	24.56	GC2		slow	80
ENSG00000153786_ZDHHC7	ENSG00000153786	ZDHHC7	927	54.75	354	235	25.35	GC1	70	slow	90
ENSG00000153789_FAM92B	ENSG00000153789	FAM92B	870	57.68	562	348	40.00			fast	90
ENSG00000153790_C7orf31	ENSG00000153790	C7orf31	1773	42.82	995	535	30.17	GC3	80	fast	80
ENSG00000153802_TMPRSS11D	ENSG00000153802	TMPRSS11D	1257	43.42	826	528	42.00	GC3	70	fast	90
ENSG00000153814_JAZF1	ENSG00000153814	JAZF1	621	53.21	167	91	14.65	GC1		slow	90
ENSG00000153815_CMIP	ENSG00000153815	CMIP	2022	57.95	581	274	13.55			fast	90
ENSG00000153820_SPHKAP	ENSG00000153820	SPHKAP	5133	50.42	3329	2245	43.74	GC2	80	fast	90
ENSG00000153822_KCNJ16	ENSG00000153822	KCNJ16	1260	50.83	581	391	31.03	GC1	70	slow	90
ENSG00000153823_PID1	ENSG00000153823	PID1	654	54.02	260	130	19.88	GC1		slow	90
ENSG00000153827_TRIP12	ENSG00000153827	TRIP12	6123	46.41	1827	1006	16.43	GC3	90	slow	90
ENSG00000153885_KCTD15	ENSG00000153885	KCTD15	852	63.67	229	123	14.44			fast	80
ENSG00000153904_DDAH1	ENSG00000153904	DDAH1	858	53.50	355	179	20.86	GC1		fast	90
ENSG00000153914_SREK1	ENSG00000153914	SREK1	1881	44.57	544	239	12.71	GC3	70	fast	80
ENSG00000153922_CHD1	ENSG00000153922	CHD1	5133	39.78	1610	855	16.66	GC3	80	slow	90
ENSG00000153930_ANKFN1	ENSG00000153930	ANKFN1	2292	46.85	759	372	16.23	GC2		fast	90
ENSG00000153933_DGKE	ENSG00000153933	DGKE	1698	50.34	630	357	21.02	GC2	70	fast	90
ENSG00000153956_CACNA2D1	ENSG00000153956	CACNA2D1	3237	40.72	1202	625	19.31	GC3	80	slow	90
ENSG00000153975_ZUFSP	ENSG00000153975	ZUFSP	1740	39.02	828	413	23.74	GC3	70	slow	90
ENSG00000153982_GDPD1	ENSG00000153982	GDPD1	945	41.79	338	159	16.83	GC3		fast	90
ENSG00000153989_NUS1	ENSG00000153989	NUS1	882	54.51	324	148	16.78	GC1		slow	90
ENSG00000153993_SEMA3D	ENSG00000153993	SEMA3D	2334	44.39	936	490	20.99	GC3	70	slow	90
ENSG00000154001_PPP2R5E	ENSG00000154001	PPP2R5E	1404	40.66	268	104	7.41	GC3		slow	90
ENSG00000154007_ASB17	ENSG00000154007	ASB17	888	37.66	359	184	20.72	GC3		slow	90
ENSG00000154025_SLC5A10	ENSG00000154025	SLC5A10	1791	61.76	834	450	25.13			fast	80
ENSG00000154027_AK5	ENSG00000154027	AK5	1689	47.31	666	352	20.84	GC2	70	slow	90
ENSG00000154040_CABYR	ENSG00000154040	CABYR	1473	48.23	1077	791	53.70	GC3	70	fast	90
ENSG00000154059_IMPACT	ENSG00000154059	IMPACT	960	42.52	451	248	25.83	GC3		slow	80
ENSG00000154065_ANKRD29	ENSG00000154065	ANKRD29	906	54.30	429	264	29.14	GC2		fast	90
ENSG00000154080_CHST9	ENSG00000154080	CHST9	1317	41.07	740	425	32.27	GC3	70	fast	90
ENSG00000154099_DNAAF1	ENSG00000154099	DNAAF1	1926	54.12	1310	928	48.18	GC1	80	fast	90
ENSG00000154114_TBCEL	ENSG00000154114	TBCEL	1275	45.00	395	228	17.88	GC3		slow	90
ENSG00000154118_JPH3	ENSG00000154118	JPH3	2265	67.13	847	444	19.60		80	slow	80
ENSG00000154122_ANKH	ENSG00000154122	ANKH	1479	55.73	544	310	20.96		70	fast	90
ENSG00000154124_OTULIN	ENSG00000154124	OTULIN	1050	53.39	524	311	29.62	GC1		fast	90
ENSG00000154127_UBASH3B	ENSG00000154127	UBASH3B	1917	53.27	667	391	20.40	GC1		fast	90
ENSG00000154133_ROBO4	ENSG00000154133	ROBO4	3009	64.52	1763	1008	33.50	GC1	70	fast	90
ENSG00000154134_ROBO3	ENSG00000154134	ROBO3	4152	63.58	2468	1255	30.23	GC1	80	fast	90
ENSG00000154143_PANX3	ENSG00000154143	PANX3	1179	53.00	617	338	28.67	GC1	70	slow	80
ENSG00000154144_TBRG1	ENSG00000154144	TBRG1	1236	52.02	586	291	23.54	GC2	70	slow	90
ENSG00000154153_FAM134B	ENSG00000154153	FAM134B	1266	47.80	641	343	27.09	GC2		fast	90
ENSG00000154162_CDH12	ENSG00000154162	CDH12	2385	46.17	779	411	17.23	GC3	70	slow	70
ENSG00000154165_GPR15	ENSG00000154165	GPR15	1083	49.53	590	332	30.66	GC1		slow	80
ENSG00000154174_TOMM70A	ENSG00000154174	TOMM70A	1827	45.48	661	341	18.66	GC3		slow	90
ENSG00000154175_ABI3BP	ENSG00000154175	ABI3BP	3426	46.37	1976	905	26.42	GC3	80	slow	70
ENSG00000154188_ANGPT1	ENSG00000154188	ANGPT1	1497	42.65	526	241	16.10	GC3		fast	90
ENSG00000154217_PITPNC1	ENSG00000154217	PITPNC1	972	49.30	357	258	26.54	GC2		fast	90
ENSG00000154222_CC2D1B	ENSG00000154222	CC2D1B	2574	58.91	1305	684	26.57	GC1	80	slow	80
ENSG00000154227_CERS3	ENSG00000154227	CERS3	1149	42.83	618	362	31.51	GC2	70	fast	90
ENSG00000154229_PRKCA	ENSG00000154229	PRKCA	1878	51.25	602	394	20.98	GC1	70	slow	90
ENSG00000154237_LRRK1	ENSG00000154237	LRRK1	6045	57.72	2468	1527	25.26		90	fast	70
ENSG00000154258_ABCA9	ENSG00000154258	ABCA9	4875	44.52	2779	1572	32.25	GC2	90	fast	80
ENSG00000154265_ABCA5	ENSG00000154265	ABCA5	4929	38.49	2181	1287	26.11	GC3	80	slow	80
ENSG00000154269_ENPP3	ENSG00000154269	ENPP3	2625	42.87	1388	826	31.47	GC3	80	slow	80
ENSG00000154274_C4orf19	ENSG00000154274	C4orf19	957	58.77	748	531	55.49	GC1		fast	80
ENSG00000154277_UCHL1	ENSG00000154277	UCHL1	672	53.52	273	131	19.49	GC1		fast	80
ENSG00000154305_MIA3	ENSG00000154305	MIA3	5751	48.69	4206	2481	43.14	GC3	80	fast	80
ENSG00000154309_DISP1	ENSG00000154309	DISP1	4572	55.31	2378	1603	35.06	GC1	90	fast	90
ENSG00000154310_TNIK	ENSG00000154310	TNIK	4083	50.95	1139	626	15.33	GC2		slow	90
ENSG00000154319_FAM167A	ENSG00000154319	FAM167A	648	61.49	380	227	35.03		70	slow	70
ENSG00000154328_NEIL2	ENSG00000154328	NEIL2	1002	56.06	620	415	41.42	GC1	70	fast	90
ENSG00000154330_PGM5	ENSG00000154330	PGM5	1704	53.61	795	308	18.08	GC1		fast	90
ENSG00000154342_WNT3A	ENSG00000154342	WNT3A	1059	64.74	512	211	19.92			fast	70
ENSG00000154358_OBSCN	ENSG00000154358	OBSCN	21798	63.93	10768	4601	21.11		80	slow	
ENSG00000154359_LONRF1	ENSG00000154359	LONRF1	1611	42.47	697	371	23.03	GC3	80	slow	90
ENSG00000154380_ENAH	ENSG00000154380	ENAH	2391	54.61	1073	570	23.84	GC3		slow	90
ENSG00000154415_PPP1R3A	ENSG00000154415	PPP1R3A	3381	38.63	2335	1241	36.71	GC3	90	slow	90
ENSG00000154429_CCSAP	ENSG00000154429	CCSAP	765	55.77	471	301	39.35	GC2		slow	70
ENSG00000154438_ASZ1	ENSG00000154438	ASZ1	1428	40.32	628	317	22.20	GC3	70	fast	90
ENSG00000154447_SH3RF1	ENSG00000154447	SH3RF1	2667	56.55	1229	759	28.46	GC2	80	fast	80
ENSG00000154451_GBP5	ENSG00000154451	GBP5	1761	47.07	1222	783	44.46	GC2	70	fast	80
ENSG00000154473_BUB3	ENSG00000154473	BUB3	987	50.94	262	175	17.73	GC2		slow	90
ENSG00000154493_C10orf90	ENSG00000154493	C10orf90	2097	55.98	1549	1010	48.16	GC1	70	fast	90
ENSG00000154511_FAM69A	ENSG00000154511	FAM69A	1266	39.75	426	208	16.43	GC3		slow	90
ENSG00000154548_SRSF12	ENSG00000154548	SRSF12	777	44.84	223	89	11.45	GC3		slow	90
ENSG00000154553_PDLIM3	ENSG00000154553	PDLIM3	1095	54.16	477	310	28.31	GC2		fast	90
ENSG00000154556_SORBS2	ENSG00000154556	SORBS2	3513	51.14	1541	949	27.01	GC2	70	fast	80
ENSG00000154611_PSMA8	ENSG00000154611	PSMA8	765	41.85	269	140	18.30	GC3		fast	90
ENSG00000154645_CHODL	ENSG00000154645	CHODL	822	48.53	357	250	30.41	GC2		slow	90
ENSG00000154646_TMPRSS15	ENSG00000154646	TMPRSS15	3060	41.25	1723	1004	32.81	GC3	80	fast	90
ENSG00000154654_NCAM2	ENSG00000154654	NCAM2	2508	41.93	955	529	21.09	GC3	70	slow	90
ENSG00000154678_PDE1C	ENSG00000154678	PDE1C	2130	48.06	858	542	25.45	GC2		fast	90
ENSG00000154710_RABGEF1	ENSG00000154710	RABGEF1	1476	45.12	587	308	20.87	GC2		slow	90
ENSG00000154719_MRPL39	ENSG00000154719	MRPL39	1017	44.62	593	314	30.88	GC3		fast	90
ENSG00000154721_JAM2	ENSG00000154721	JAM2	897	45.24	592	307	34.23	GC3		fast	90
ENSG00000154727_GABPA	ENSG00000154727	GABPA	1365	43.19	401	231	16.92	GC3		slow	80
ENSG00000154734_ADAMTS1	ENSG00000154734	ADAMTS1	2892	57.07	1452	889	30.74	GC1	70	fast	90
ENSG00000154736_ADAMTS5	ENSG00000154736	ADAMTS5	2793	57.98	1204	685	24.53	GC1	80	fast	90
ENSG00000154767_XPC	ENSG00000154767	XPC	2829	56.12	1799	1169	41.32	GC1	90	fast	90
ENSG00000154781_CCDC174	ENSG00000154781	CCDC174	1404	46.43	654	396	28.21	GC3		slow	80
ENSG00000154814_OXNAD1	ENSG00000154814	OXNAD1	939	48.85	490	309	32.91	GC2		fast	90
ENSG00000154822_PLCL2	ENSG00000154822	PLCL2	3057	47.52	1133	733	23.98	GC2		slow	90
ENSG00000154832_CXXC1	ENSG00000154832	CXXC1	1971	60.31	662	341	17.30	GC1		slow	80
ENSG00000154839_SKA1	ENSG00000154839	SKA1	768	38.08	421	223	29.04	GC3		slow	90
ENSG00000154856_APCDD1	ENSG00000154856	APCDD1	1545	61.42	647	448	29.00		70	fast	80
ENSG00000154889_MPPE1	ENSG00000154889	MPPE1	1194	53.44	747	512	42.88	GC1	80	fast	90
ENSG00000154914_USP43	ENSG00000154914	USP43	3366	61.65	2059	1246	37.02	GC1	90	fast	90
ENSG00000154917_RAB6B	ENSG00000154917	RAB6B	627	55.37	233	94	14.99			slow	80
ENSG00000154920_EME1	ENSG00000154920	EME1	1728	53.87	1177	709	41.03	GC2	80	fast	90
ENSG00000154928_EPHB1	ENSG00000154928	EPHB1	2955	56.12	856	426	14.42	GC1	70	slow	70
ENSG00000154930_ACSS1	ENSG00000154930	ACSS1	1986	58.44	894	603	30.36	GC1	80	fast	80
ENSG00000154945_ANKRD40	ENSG00000154945	ANKRD40	1098	51.09	476	240	21.86	GC2		slow	90
ENSG00000154957_ZNF18	ENSG00000154957	ZNF18	1653	55.23	988	618	37.39	GC1	70	fast	90
ENSG00000154975_CA10	ENSG00000154975	CA10	987	46.79	304	154	15.60	GC2		fast	90
ENSG00000154997_SEPT14	ENSG00000154997	SEPT14	1299	38.79	797	393	30.25	GC3	70	fast	80
ENSG00000155008_APOOL	ENSG00000155008	APOOL	807	42.10	419	217	26.89	GC3		fast	70
ENSG00000155011_DKK2	ENSG00000155011	DKK2	780	54.46	235	145	18.59	GC1		slow	90
ENSG00000155066_PROM2	ENSG00000155066	PROM2	2502	62.12	1542	892	35.65		70	slow	70
ENSG00000155085_AK9	ENSG00000155085	AK9	963	41.34	397	174	18.07	GC3		slow	
ENSG00000155087_ODF1	ENSG00000155087	ODF1	762	53.46	271	172	22.57	GC1		slow	80
ENSG00000155090_KLF10	ENSG00000155090	KLF10	1443	50.73	633	320	22.18	GC3	70	slow	80
ENSG00000155096_AZIN1	ENSG00000155096	AZIN1	1347	39.62	379	170	12.62	GC3	70	slow	90
ENSG00000155097_ATP6V1C1	ENSG00000155097	ATP6V1C1	1149	41.08	390	211	18.36	GC3		slow	90
ENSG00000155099_TMEM55A	ENSG00000155099	TMEM55A	774	48.46	294	158	20.41	GC3		slow	90
ENSG00000155100_OTUD6B	ENSG00000155100	OTUD6B	945	42.65	465	255	26.98	GC3	70	slow	90
ENSG00000155111_CDK19	ENSG00000155111	CDK19	1446	49.45	519	253	17.50	GC2		fast	90
ENSG00000155115_GTF3C6	ENSG00000155115	GTF3C6	642	42.54	336	177	27.57	GC3		fast	80
ENSG00000155158_TTC39B	ENSG00000155158	TTC39B	1812	43.82	858	493	27.21	GC3	70	fast	90
ENSG00000155189_AGPAT5	ENSG00000155189	AGPAT5	1098	43.29	548	301	27.41	GC3		fast	90
ENSG00000155229_MMS19	ENSG00000155229	MMS19	3093	55.48	1325	697	22.53	GC1	80	slow	90
ENSG00000155256_ZFYVE27	ENSG00000155256	ZFYVE27	1236	59.22	581	290	23.46			fast	90
ENSG00000155304_HSPA13	ENSG00000155304	HSPA13	1416	43.72	595	332	23.45	GC3	70	slow	90
ENSG00000155307_SAMSN1	ENSG00000155307	SAMSN1	1227	42.37	622	350	28.52	GC3	70	fast	90
ENSG00000155324_GRAMD3	ENSG00000155324	GRAMD3	1299	45.95	647	393	30.25	GC2		fast	90
ENSG00000155363_MOV10	ENSG00000155363	MOV10	3012	58.74	1305	665	22.08		70	fast	90
ENSG00000155367_PPM1J	ENSG00000155367	PPM1J	1518	62.22	724	332	21.87	GC1		slow	80
ENSG00000155380_SLC16A1	ENSG00000155380	SLC16A1	1503	46.54	763	454	30.21	GC3	70	slow	90
ENSG00000155393_HEATR3	ENSG00000155393	HEATR3	2043	48.56	1078	590	28.88	GC2	70	fast	90
ENSG00000155438_NIFK	ENSG00000155438	NIFK	885	42.41	571	338	38.19	GC3	70	fast	80
ENSG00000155463_OXA1L	ENSG00000155463	OXA1L	1371	55.36	779	461	33.63	GC2	80	fast	90
ENSG00000155465_SLC7A7	ENSG00000155465	SLC7A7	1536	52.28	637	372	24.22	GC1	80	fast	90
ENSG00000155506_LARP1	ENSG00000155506	LARP1	2874	55.01	1027	528	18.37	GC1	70	slow	90
ENSG00000155508_CNOT8	ENSG00000155508	CNOT8	879	44.86	176	102	11.60	GC2		slow	80
ENSG00000155511_GRIA1	ENSG00000155511	GRIA1	2721	51.17	806	463	17.02	GC1	70	slow	80
ENSG00000155530_LRGUK	ENSG00000155530	LRGUK	2484	45.56	1590	1065	42.87	GC2	80	fast	90
ENSG00000155545_MIER3	ENSG00000155545	MIER3	1644	43.53	608	294	17.88	GC3		slow	80
ENSG00000155561_NUP205	ENSG00000155561	NUP205	6039	47.42	2395	1486	24.61	GC2	80	slow	90
ENSG00000155592_ZKSCAN2	ENSG00000155592	ZKSCAN2	2910	49.58	1614	947	32.54	GC2	70	fast	90
ENSG00000155629_PIK3AP1	ENSG00000155629	PIK3AP1	2418	54.20	1120	642	26.55	GC1	70	fast	90
ENSG00000155636_RBM45	ENSG00000155636	RBM45	1425	44.28	628	276	19.37	GC3		slow	90
ENSG00000155640_C10orf12	ENSG00000155640	C10orf12	3744	47.84	2384	1381	36.89	GC3	80	slow	80
ENSG00000155666_KDM8	ENSG00000155666	KDM8	1248	60.18	664	446	35.74		70	fast	90
ENSG00000155719_OTOA	ENSG00000155719	OTOA	3435	54.87	1936	1060	30.86	GC1	80	fast	90
ENSG00000155729_KCTD18	ENSG00000155729	KCTD18	1275	50.31	665	426	33.41	GC2	70	fast	90
ENSG00000155744_FAM126B	ENSG00000155744	FAM126B	1593	44.79	506	236	14.81	GC3	70	slow	90
ENSG00000155749_ALS2CR12	ENSG00000155749	ALS2CR12	1272	42.95	852	502	39.47	GC2	70	slow	80
ENSG00000155755_TMEM237	ENSG00000155755	TMEM237	1227	45.98	720	366	29.83	GC3	80	fast	90
ENSG00000155761_SPAG17	ENSG00000155761	SPAG17	6681	43.54	4109	2469	36.96	GC3	90	fast	90
ENSG00000155792_DEPTOR	ENSG00000155792	DEPTOR	1230	54.25	464	241	19.59	GC1		fast	90
ENSG00000155816_FMN2	ENSG00000155816	FMN2	4560	54.73	2702	1335	29.28	GC2		slow	
ENSG00000155827_RNF20	ENSG00000155827	RNF20	2928	49.12	975	617	21.07	GC2	70	slow	90
ENSG00000155833_CYLC2	ENSG00000155833	CYLC2	1023	39.32	782	557	54.45	GC3		fast	70
ENSG00000155846_PPARGC1B	ENSG00000155846	PPARGC1B	3057	63.78	1675	955	31.24		80	fast	90
ENSG00000155849_ELMO1	ENSG00000155849	ELMO1	2184	49.85	634	390	17.86	GC1	70	slow	90
ENSG00000155850_SLC26A2	ENSG00000155850	SLC26A2	2220	43.61	1089	614	27.66	GC3	80	fast	90
ENSG00000155875_FAM154A	ENSG00000155875	FAM154A	1425	52.66	861	525	36.84	GC1	70	fast	80
ENSG00000155886_SLC24A2	ENSG00000155886	SLC24A2	1986	48.79	799	397	19.99	GC2		slow	80
ENSG00000155890_TRIM42	ENSG00000155890	TRIM42	2172	56.06	918	536	24.68		70	fast	90
ENSG00000155893_PXYLP1	ENSG00000155893	PXYLP1	1443	54.43	681	441	30.56	GC1	70	slow	90
ENSG00000155897_ADCY8	ENSG00000155897	ADCY8	3756	54.60	1223	677	18.02	GC1	70	fast	90
ENSG00000155903_RASA2	ENSG00000155903	RASA2	2415	39.94	895	375	15.53	GC3	70	slow	90
ENSG00000155906_RMND1	ENSG00000155906	RMND1	1350	44.38	728	465	34.44	GC3	70	fast	90
ENSG00000155926_SLA	ENSG00000155926	SLA	831	56.75	380	250	30.08	GC1		fast	90
ENSG00000155961_RAB39B	ENSG00000155961	RAB39B	642	51.91	169	80	12.46	GC1		slow	80
ENSG00000155970_MICU3	ENSG00000155970	MICU3	1593	45.15	684	336	21.09	GC3	70	fast	90
ENSG00000155974_GRIP1	ENSG00000155974	GRIP1	3384	51.63	1263	697	20.60	GC2	70	fast	90
ENSG00000155975_VPS37A	ENSG00000155975	VPS37A	1194	42.91	540	258	21.61	GC3	70	slow	90
ENSG00000155980_KIF5A	ENSG00000155980	KIF5A	3099	54.08	894	497	16.04	GC1		slow	90
ENSG00000156011_PSD3	ENSG00000156011	PSD3	3123	48.44	1637	963	30.84	GC3	80	slow	70
ENSG00000156017_C9orf41	ENSG00000156017	C9orf41	1227	42.96	419	173	14.10	GC3		slow	90
ENSG00000156026_MCU	ENSG00000156026	MCU	1053	48.65	299	126	11.97	GC2		fast	90
ENSG00000156030_ELMSAN1	ENSG00000156030	ELMSAN1	3123	61.73	1256	641	20.53	GC1	70	slow	80
ENSG00000156042_CFAP70	ENSG00000156042	CFAP70	3369	45.46	1624	864	25.65	GC3	70	slow	90
ENSG00000156049_GNA14	ENSG00000156049	GNA14	1068	48.23	359	215	20.13	GC1		slow	90
ENSG00000156050_FAM161B	ENSG00000156050	FAM161B	1947	55.11	1212	700	35.95	GC1	80	fast	90
ENSG00000156052_GNAQ	ENSG00000156052	GNAQ	951	45.64	212	114	11.99	GC2		slow	90
ENSG00000156076_WIF1	ENSG00000156076	WIF1	1140	51.77	452	251	22.02	GC2		slow	90
ENSG00000156097_GPR61	ENSG00000156097	GPR61	1356	60.33	431	216	15.93			slow	
ENSG00000156110_ADK	ENSG00000156110	ADK	1089	43.17	420	226	20.75	GC3	70	fast	90
ENSG00000156113_KCNMA1	ENSG00000156113	KCNMA1	3336	49.33	868	419	12.56	GC2	70	slow	90
ENSG00000156136_DCK	ENSG00000156136	DCK	783	41.83	363	196	25.03	GC3		fast	90
ENSG00000156162_DPY19L4	ENSG00000156162	DPY19L4	2172	37.20	788	355	16.34	GC3	70	slow	90
ENSG00000156171_DRAM2	ENSG00000156171	DRAM2	801	41.86	323	177	22.10	GC3	70	slow	90
ENSG00000156172_C8orf37	ENSG00000156172	C8orf37	624	46.15	363	193	30.93	GC3		fast	90
ENSG00000156194_PPEF2	ENSG00000156194	PPEF2	2262	51.63	1306	750	33.16	GC1	80	fast	90
ENSG00000156206_C15orf26	ENSG00000156206	C15orf26	906	52.65	535	324	35.76	GC1	80	fast	80
ENSG00000156219_ART3	ENSG00000156219	ART3	1110	42.46	739	416	37.48	GC3	80	slow	90
ENSG00000156239_N6AMT1	ENSG00000156239	N6AMT1	645	51.31	352	201	31.16	GC2		fast	90
ENSG00000156253_RWDD2B	ENSG00000156253	RWDD2B	903	44.74	522	306	33.89	GC3		slow	90
ENSG00000156256_USP16	ENSG00000156256	USP16	2484	39.43	1128	589	23.71	GC3	70	fast	90
ENSG00000156261_CCT8	ENSG00000156261	CCT8	1647	43.84	618	408	24.77	GC3		slow	90
ENSG00000156273_BACH1	ENSG00000156273	BACH1	2223	48.73	1341	816	36.71	GC2	80	fast	90
ENSG00000156282_CLDN17	ENSG00000156282	CLDN17	675	53.21	408	248	36.74	GC1		slow	80
ENSG00000156284_CLDN8	ENSG00000156284	CLDN8	678	53.43	328	195	28.76	GC1		slow	70
ENSG00000156299_TIAM1	ENSG00000156299	TIAM1	4776	55.78	1749	1038	21.73	GC1	80	fast	90
ENSG00000156304_SCAF4	ENSG00000156304	SCAF4	3420	50.85	1411	847	24.77	GC3	70	slow	90
ENSG00000156345_CDK20	ENSG00000156345	CDK20	1041	62.06	389	217	20.85			slow	70
ENSG00000156374_PCGF6	ENSG00000156374	PCGF6	1053	49.99	416	190	18.04	GC2	70	fast	80
ENSG00000156384_SFR1	ENSG00000156384	SFR1	738	38.96	494	269	36.45	GC3		fast	90
ENSG00000156395_SORCS3	ENSG00000156395	SORCS3	3303	51.89	1255	664	20.10	GC1	80	fast	90
ENSG00000156398_SFXN2	ENSG00000156398	SFXN2	969	55.25	392	208	21.47	GC1		slow	80
ENSG00000156414_TDRD9	ENSG00000156414	TDRD9	3462	50.76	1893	1212	35.01	GC1	70	fast	90
ENSG00000156453_PCDH1	ENSG00000156453	PCDH1	3714	60.63	1195	706	19.01			slow	80
ENSG00000156463_SH3RF2	ENSG00000156463	SH3RF2	2199	57.86	1145	594	27.01	GC1	70	slow	80
ENSG00000156469_MTERF3	ENSG00000156469	MTERF3	1254	42.13	694	382	30.46	GC3		slow	90
ENSG00000156471_PTDSS1	ENSG00000156471	PTDSS1	1422	49.04	584	286	20.11	GC1		slow	70
ENSG00000156475_PPP2R2B	ENSG00000156475	PPP2R2B	1506	48.14	408	226	15.01	GC2		fast	90
ENSG00000156486_KCNS2	ENSG00000156486	KCNS2	1434	56.39	469	240	16.74			slow	70
ENSG00000156502_SUPV3L1	ENSG00000156502	SUPV3L1	2364	46.59	990	566	23.94	GC3	80	fast	90
ENSG00000156504_FAM122B	ENSG00000156504	FAM122B	801	49.07	444	251	31.34	GC2		slow	90
ENSG00000156509_FBXO43	ENSG00000156509	FBXO43	2028	40.07	1051	491	24.21	GC3	80	slow	70
ENSG00000156510_HKDC1	ENSG00000156510	HKDC1	2754	54.78	1111	653	23.71	GC1	70	fast	90
ENSG00000156515_HK1	ENSG00000156515	HK1	2748	54.47	1112	692	25.18	GC1	70	fast	90
ENSG00000156521_TYSND1	ENSG00000156521	TYSND1	1701	70.24	1082	568	33.39		70	slow	70
ENSG00000156531_PHF6	ENSG00000156531	PHF6	1098	40.04	255	103	9.38	GC3		slow	80
ENSG00000156535_CD109	ENSG00000156535	CD109	4338	42.44	2581	1504	34.67	GC3	80	fast	90
ENSG00000156564_LRFN2	ENSG00000156564	LRFN2	2370	64.25	944	439	18.52			slow	80
ENSG00000156574_NODAL	ENSG00000156574	NODAL	1047	61.33	595	358	34.19		70	fast	90
ENSG00000156603_MED19	ENSG00000156603	MED19	735	57.06	343	154	20.95	GC1		slow	80
ENSG00000156639_ZFAND3	ENSG00000156639	ZFAND3	612	51.38	164	77	12.58	GC2		slow	90
ENSG00000156642_NPTN	ENSG00000156642	NPTN	1197	52.14	362	164	13.70	GC1		slow	90
ENSG00000156650_KAT6B	ENSG00000156650	KAT6B	6195	48.43	1872	971	15.67	GC2	80	slow	90
ENSG00000156671_SAMD8	ENSG00000156671	SAMD8	1437	45.68	451	239	16.63	GC3	80	fast	90
ENSG00000156675_RAB11FIP1	ENSG00000156675	RAB11FIP1	3840	56.43	2602	1624	42.29	GC1	90	fast	80
ENSG00000156687_UNC5D	ENSG00000156687	UNC5D	2760	51.85	838	508	18.41	GC2	80	slow	90
ENSG00000156709_AIFM1	ENSG00000156709	AIFM1	1842	50.14	620	320	17.37	GC2		fast	80
ENSG00000156735_BAG4	ENSG00000156735	BAG4	1374	53.28	679	337	24.53	GC3	80	slow	80
ENSG00000156738_MS4A1	ENSG00000156738	MS4A1	894	43.20	582	365	40.83	GC3	70	fast	90
ENSG00000156787_TBC1D31	ENSG00000156787	TBC1D31	3204	42.19	1726	1024	31.96	GC3	70	fast	90
ENSG00000156795_WDYHV1	ENSG00000156795	WDYHV1	621	47.64	323	156	25.12	GC2		fast	90
ENSG00000156802_ATAD2	ENSG00000156802	ATAD2	4143	41.22	1795	920	22.21	GC3	70	slow	90
ENSG00000156804_FBXO32	ENSG00000156804	FBXO32	1068	50.64	342	189	17.70	GC1		slow	90
ENSG00000156853_ZNF689	ENSG00000156853	ZNF689	1503	64.74	739	330	21.96			fast	80
ENSG00000156858_PRR14	ENSG00000156858	PRR14	1761	61.89	1045	599	34.01	GC1	80	fast	90
ENSG00000156860_FBRS	ENSG00000156860	FBRS	1422	66.36	581	181	12.73	GC1		slow	
ENSG00000156869_FRRS1	ENSG00000156869	FRRS1	1779	44.96	1064	645	36.26	GC3	80	fast	90
ENSG00000156875_HIAT1	ENSG00000156875	HIAT1	1473	46.82	383	227	15.41	GC3		slow	90
ENSG00000156876_SASS6	ENSG00000156876	SASS6	1974	39.39	875	469	23.76	GC3	70	fast	90
ENSG00000156925_ZIC3	ENSG00000156925	ZIC3	1401	63.08	387	152	10.85			slow	80
ENSG00000156928_MALSU1	ENSG00000156928	MALSU1	705	52.57	396	223	31.63	GC2		fast	80
ENSG00000156931_VPS8	ENSG00000156931	VPS8	4287	43.97	1719	944	22.02	GC3	70	fast	90
ENSG00000156958_GALK2	ENSG00000156958	GALK2	1377	49.14	625	363	26.36	GC2		fast	90
ENSG00000156966_B3GNT7	ENSG00000156966	B3GNT7	1206	62.63	534	292	24.21			slow	
ENSG00000156970_BUB1B	ENSG00000156970	BUB1B	3156	44.43	1618	819	25.95	GC3	80	slow	80
ENSG00000156976_EIF4A2	ENSG00000156976	EIF4A2	1224	42.32	252	116	9.48	GC3		slow	90
ENSG00000156983_BRPF1	ENSG00000156983	BRPF1	3663	58.04	1035	568	15.51	GC1	70	slow	90
ENSG00000156990_RPUSD3	ENSG00000156990	RPUSD3	1059	61.02	669	413	39.00	GC1	70	fast	80
ENSG00000157036_EXOG	ENSG00000157036	EXOG	1107	50.31	605	401	36.22	GC2	70	fast	90
ENSG00000157045_NTAN1	ENSG00000157045	NTAN1	933	48.79	355	187	20.04	GC2		fast	80
ENSG00000157060_SHCBP1L	ENSG00000157060	SHCBP1L	1956	44.64	919	454	23.21	GC3		fast	90
ENSG00000157064_NMNAT2	ENSG00000157064	NMNAT2	924	55.39	308	160	17.32			fast	90
ENSG00000157077_ZFYVE9	ENSG00000157077	ZFYVE9	4278	43.94	1758	862	20.15	GC3	90	slow	90
ENSG00000157103_SLC6A1	ENSG00000157103	SLC6A1	1800	57.24	538	286	15.89			slow	80
ENSG00000157107_FCHO2	ENSG00000157107	FCHO2	2430	41.75	900	458	18.85	GC3	70	slow	80
ENSG00000157110_RBPMS	ENSG00000157110	RBPMS	660	51.18	246	126	19.09	GC2		slow	90
ENSG00000157111_TMEM171	ENSG00000157111	TMEM171	981	55.81	584	380	38.74	GC2	70	slow	80
ENSG00000157119_KLHL40	ENSG00000157119	KLHL40	1869	63.24	764	379	20.28			fast	80
ENSG00000157131_C8A	ENSG00000157131	C8A	1755	50.32	1078	703	40.06	GC2	80	fast	90
ENSG00000157168_NRG1	ENSG00000157168	NRG1	1935	52.02	940	617	31.89	GC2		fast	80
ENSG00000157181_C1orf27	ENSG00000157181	C1orf27	1365	38.95	619	301	22.05	GC3	70	slow	90
ENSG00000157184_CPT2	ENSG00000157184	CPT2	1977	52.98	968	549	27.77	GC1	80	slow	90
ENSG00000157191_NECAP2	ENSG00000157191	NECAP2	795	59.83	390	268	33.71	GC1		fast	90
ENSG00000157193_LRP8	ENSG00000157193	LRP8	2844	59.18	1357	627	22.05	GC1	70	fast	80
ENSG00000157211_CDCP2	ENSG00000157211	CDCP2	1296	61.90	649	387	29.86			fast	80
ENSG00000157212_PAXIP1	ENSG00000157212	PAXIP1	3114	52.16	1679	1055	33.88	GC2	80	fast	80
ENSG00000157214_STEAP2	ENSG00000157214	STEAP2	1473	41.34	500	248	16.84	GC3		slow	90
ENSG00000157216_SSBP3	ENSG00000157216	SSBP3	1116	56.63	176	93	8.33	GC2		fast	80
ENSG00000157224_CLDN12	ENSG00000157224	CLDN12	735	51.96	262	138	18.78	GC1		slow	80
ENSG00000157227_MMP14	ENSG00000157227	MMP14	1749	57.97	596	328	18.75	GC1	70	slow	80
ENSG00000157259_GATAD1	ENSG00000157259	GATAD1	810	50.43	364	149	18.40	GC2		fast	90
ENSG00000157303_SUSD3	ENSG00000157303	SUSD3	768	62.85	571	357	46.48		70	fast	90
ENSG00000157343_ARMC12	ENSG00000157343	ARMC12	1023	56.09	460	261	25.51	GC1		fast	80
ENSG00000157350_ST3GAL2	ENSG00000157350	ST3GAL2	1053	59.69	389	183	17.38			slow	90
ENSG00000157353_FUK	ENSG00000157353	FUK	3246	64.03	1745	911	28.07		70	fast	80
ENSG00000157368_IL34	ENSG00000157368	IL34	711	60.83	415	255	35.86			fast	80
ENSG00000157379_DHRS1	ENSG00000157379	DHRS1	942	56.65	484	290	30.79	GC1		slow	80
ENSG00000157388_CACNA1D	ENSG00000157388	CACNA1D	6546	50.41	2216	1090	16.65	GC1	70	slow	70
ENSG00000157404_KIT	ENSG00000157404	KIT	2931	46.75	1599	932	31.80	GC2	80	slow	90
ENSG00000157426_AASDH	ENSG00000157426	AASDH	3300	40.59	1891	1042	31.58	GC3	90	fast	90
ENSG00000157445_CACNA2D3	ENSG00000157445	CACNA2D3	3153	48.23	982	558	17.70	GC2		fast	90
ENSG00000157450_RNF111	ENSG00000157450	RNF111	2982	47.84	1174	616	20.66	GC3	80	slow	90
ENSG00000157456_CCNB2	ENSG00000157456	CCNB2	1197	47.25	597	339	28.32	GC2		fast	90
ENSG00000157470_FAM81A	ENSG00000157470	FAM81A	1107	48.84	441	240	21.68	GC1		slow	90
ENSG00000157500_APPL1	ENSG00000157500	APPL1	2127	41.91	750	353	16.60	GC3	80	slow	90
ENSG00000157502_MUM1L1	ENSG00000157502	MUM1L1	2082	40.73	1341	658	31.60	GC3		slow	70
ENSG00000157510_AFAP1L1	ENSG00000157510	AFAP1L1	2307	59.47	1081	574	24.88		70	fast	90
ENSG00000157538_DSCR3	ENSG00000157538	DSCR3	894	53.69	389	249	27.85	GC1		slow	90
ENSG00000157542_KCNJ6	ENSG00000157542	KCNJ6	1272	51.80	388	247	19.42	GC1		slow	90
ENSG00000157570_TSPAN18	ENSG00000157570	TSPAN18	747	57.72	309	174	23.29			slow	80
ENSG00000157593_SLC35B2	ENSG00000157593	SLC35B2	1299	59.07	518	287	22.09		70	slow	80
ENSG00000157600_TMEM164	ENSG00000157600	TMEM164	894	55.56	176	65	7.27	GC1		fast	90
ENSG00000157613_CREB3L1	ENSG00000157613	CREB3L1	1563	61.26	554	252	16.12			fast	90
ENSG00000157625_TAB3	ENSG00000157625	TAB3	2151	47.09	674	344	15.99	GC3	70	slow	90
ENSG00000157657_ZNF618	ENSG00000157657	ZNF618	2835	59.70	885	484	17.07		70	slow	80
ENSG00000157680_DGKI	ENSG00000157680	DGKI	2832	50.92	891	507	17.90	GC2	80	slow	80
ENSG00000157693_C9orf91	ENSG00000157693	C9orf91	1035	60.53	516	275	26.57			fast	90
ENSG00000157703_SVOPL	ENSG00000157703	SVOPL	1479	53.49	840	373	25.22	GC1		fast	90
ENSG00000157764_BRAF	ENSG00000157764	BRAF	2181	45.32	643	294	13.48	GC3		slow	90
ENSG00000157765_SLC34A2	ENSG00000157765	SLC34A2	2073	56.04	1096	699	33.72			fast	70
ENSG00000157766_ACAN	ENSG00000157766	ACAN	6399	59.15	3610	2139	33.43	GC2	80	slow	80
ENSG00000157796_WDR19	ENSG00000157796	WDR19	4029	44.72	1760	983	24.40	GC3	70	slow	90
ENSG00000157800_SLC37A3	ENSG00000157800	SLC37A3	1485	48.91	628	426	28.69	GC2		fast	90
ENSG00000157827_FMNL2	ENSG00000157827	FMNL2	3144	46.50	1193	640	20.36	GC2	80	slow	
ENSG00000157837_SPPL3	ENSG00000157837	SPPL3	1155	49.82	363	209	18.10	GC2		slow	90
ENSG00000157851_DPYSL5	ENSG00000157851	DPYSL5	1695	57.80	501	302	17.82	GC1		slow	90
ENSG00000157856_DRC1	ENSG00000157856	DRC1	2202	50.97	1199	736	33.42	GC1	70	fast	90
ENSG00000157895_C12orf43	ENSG00000157895	C12orf43	804	59.13	558	331	41.17	GC1		fast	70
ENSG00000157911_PEX10	ENSG00000157911	PEX10	981	65.60	687	399	40.67		70	fast	80
ENSG00000157927_RADIL	ENSG00000157927	RADIL	3210	67.28	2151	1193	37.17		80	fast	80
ENSG00000157954_WIPI2	ENSG00000157954	WIPI2	1365	56.09	576	332	24.32	GC1		slow	80
ENSG00000157978_LDLRAP1	ENSG00000157978	LDLRAP1	927	59.13	387	193	20.82			slow	90
ENSG00000157992_KRTCAP3	ENSG00000157992	KRTCAP3	723	59.33	376	194	26.83	GC1		fast	90
ENSG00000157999_ANKRD61	ENSG00000157999	ANKRD61	1257	54.03	829	530	42.16	GC1		fast	70
ENSG00000158006_PAFAH2	ENSG00000158006	PAFAH2	1179	54.02	628	350	29.69	GC1	70	slow	90
ENSG00000158008_EXTL1	ENSG00000158008	EXTL1	2025	62.81	1214	661	32.64	GC1	80	fast	90
ENSG00000158014_SLC30A2	ENSG00000158014	SLC30A2	1116	57.50	605	332	29.75			fast	90
ENSG00000158019_BRE	ENSG00000158019	BRE	1152	47.46	409	252	21.88	GC2		fast	90
ENSG00000158022_TRIM63	ENSG00000158022	TRIM63	1062	54.94	402	227	21.37			slow	90
ENSG00000158023_WDR66	ENSG00000158023	WDR66	3441	48.08	2079	1309	38.04	GC2	70	fast	80
ENSG00000158050_DUSP2	ENSG00000158050	DUSP2	945	66.02	424	196	20.74			fast	80
ENSG00000158055_GRHL3	ENSG00000158055	GRHL3	1809	55.96	795	483	26.70			fast	90
ENSG00000158062_UBXN11	ENSG00000158062	UBXN11	1467	60.37	922	521	35.51		70	fast	80
ENSG00000158077_NLRP14	ENSG00000158077	NLRP14	3279	43.31	2264	1260	38.43	GC3	90	fast	80
ENSG00000158079_PTPDC1	ENSG00000158079	PTPDC1	2397	50.00	1455	982	40.97	GC2	80	fast	90
ENSG00000158092_NCK1	ENSG00000158092	NCK1	1134	41.51	327	168	14.81	GC3		slow	90
ENSG00000158104_HPD	ENSG00000158104	HPD	1182	55.16	553	326	27.58			fast	90
ENSG00000158106_RHPN1	ENSG00000158106	RHPN1	1986	67.52	1315	762	38.37		80	fast	70
ENSG00000158109_TPRG1L	ENSG00000158109	TPRG1L	819	59.91	321	181	22.10			fast	70
ENSG00000158113_LRRC43	ENSG00000158113	LRRC43	1875	59.63	1160	686	36.59		70	fast	70
ENSG00000158122_AAED1	ENSG00000158122	AAED1	681	51.34	321	153	22.47	GC2	70	slow	70
ENSG00000158156_XKR8	ENSG00000158156	XKR8	1182	63.50	762	426	36.04			fast	90
ENSG00000158158_CNNM4	ENSG00000158158	CNNM4	2325	57.99	963	529	22.75		70	fast	80
ENSG00000158161_EYA3	ENSG00000158161	EYA3	1722	46.37	511	252	14.63	GC3	70	slow	90
ENSG00000158163_DZIP1L	ENSG00000158163	DZIP1L	2304	58.29	1733	865	37.54	GC1	80	fast	80
ENSG00000158169_FANCC	ENSG00000158169	FANCC	1683	48.26	1079	591	35.12	GC2	80	fast	80
ENSG00000158186_MRAS	ENSG00000158186	MRAS	627	54.52	160	79	12.60			fast	90
ENSG00000158195_WASF2	ENSG00000158195	WASF2	1494	53.82	589	267	17.87	GC2		fast	90
ENSG00000158201_ABHD3	ENSG00000158201	ABHD3	1230	47.03	622	291	23.66	GC2	70	slow	90
ENSG00000158220_ESYT3	ENSG00000158220	ESYT3	2661	57.16	1352	692	26.01	GC1	80	fast	90
ENSG00000158246_FAM46B	ENSG00000158246	FAM46B	1284	66.34	531	293	22.82			slow	90
ENSG00000158258_CLSTN2	ENSG00000158258	CLSTN2	2760	56.24	1052	644	23.33	GC1		fast	90
ENSG00000158270_COLEC12	ENSG00000158270	COLEC12	2229	52.09	909	549	24.63	GC1	70	slow	90
ENSG00000158290_CUL4B	ENSG00000158290	CUL4B	2727	39.83	865	395	14.48	GC3		slow	90
ENSG00000158292_GPR153	ENSG00000158292	GPR153	1821	66.99	949	556	30.53		70	fast	80
ENSG00000158296_SLC13A3	ENSG00000158296	SLC13A3	1809	58.43	906	500	27.64			fast	90
ENSG00000158301_GPRASP2	ENSG00000158301	GPRASP2	2541	47.66	1525	813	32.00	GC3	80	slow	80
ENSG00000158315_RHBDL2	ENSG00000158315	RHBDL2	912	46.90	428	279	30.59	GC2	70	slow	90
ENSG00000158352_SHROOM4	ENSG00000158352	SHROOM4	4479	53.26	2584	1399	31.23	GC2	90	fast	90
ENSG00000158402_CDC25C	ENSG00000158402	CDC25C	1431	45.97	944	521	36.41	GC2	70	fast	90
ENSG00000158411_MITD1	ENSG00000158411	MITD1	750	40.30	355	195	26.00	GC3		slow	90
ENSG00000158417_EIF5B	ENSG00000158417	EIF5B	3666	41.00	1401	833	22.72	GC3	80	slow	90
ENSG00000158423_RIBC1	ENSG00000158423	RIBC1	1140	53.62	797	456	40.00	GC1	70	fast	90
ENSG00000158428_CATIP	ENSG00000158428	CATIP	1161	59.24	725	413	35.57		70	fast	80
ENSG00000158435_CNOT11	ENSG00000158435	CNOT11	1533	53.83	671	347	22.64	GC2		fast	90
ENSG00000158445_KCNB1	ENSG00000158445	KCNB1	2577	55.38	812	433	16.80	GC1	80	slow	80
ENSG00000158457_TSPAN33	ENSG00000158457	TSPAN33	852	54.20	332	178	20.89			fast	90
ENSG00000158467_AHCYL2	ENSG00000158467	AHCYL2	1833	51.92	617	337	18.39	GC2	70	fast	90
ENSG00000158470_B4GALT5	ENSG00000158470	B4GALT5	1110	49.94	437	269	24.23	GC2		slow	90
ENSG00000158480_SPATA2	ENSG00000158480	SPATA2	1563	60.39	706	402	25.72		70	slow	80
ENSG00000158517_NCF1	ENSG00000158517	NCF1	1176	60.85	619	317	26.96			fast	
ENSG00000158525_CPA5	ENSG00000158525	CPA5	1311	53.81	675	358	27.31	GC1	70	fast	90
ENSG00000158528_PPP1R9A	ENSG00000158528	PPP1R9A	3297	45.85	1320	737	22.35	GC3	90	slow	90
ENSG00000158545_ZC3H18	ENSG00000158545	ZC3H18	2865	61.53	1239	791	27.61	GC1	80	fast	70
ENSG00000158552_ZFAND2B	ENSG00000158552	ZFAND2B	774	58.05	307	171	22.09	GC1		slow	90
ENSG00000158555_GDPD5	ENSG00000158555	GDPD5	1818	61.77	711	383	21.07		80	slow	80
ENSG00000158560_DYNC1I1	ENSG00000158560	DYNC1I1	1938	51.55	579	337	17.39	GC2	70	slow	90
ENSG00000158571_PFKFB1	ENSG00000158571	PFKFB1	1416	49.61	538	268	18.93	GC2		fast	90
ENSG00000158578_ALAS2	ENSG00000158578	ALAS2	1764	53.26	888	466	26.42	GC2	70	fast	90
ENSG00000158604_TMED4	ENSG00000158604	TMED4	684	58.77	275	156	22.81			slow	90
ENSG00000158636_C11orf30	ENSG00000158636	C11orf30	3972	48.23	987	387	9.74	GC3	70	slow	90
ENSG00000158669_AGPAT6	ENSG00000158669	AGPAT6	1371	50.73	472	259	18.89	GC1		slow	80
ENSG00000158711_ELK4	ENSG00000158711	ELK4	1299	51.04	607	390	30.02	GC2		slow	90
ENSG00000158714_SLAMF8	ENSG00000158714	SLAMF8	852	59.78	501	290	34.04	GC1	70	fast	80
ENSG00000158715_SLC45A3	ENSG00000158715	SLC45A3	1662	65.01	699	415	24.97		70	slow	80
ENSG00000158717_RNF166	ENSG00000158717	RNF166	714	63.80	243	117	16.39			fast	
ENSG00000158769_F11R	ENSG00000158769	F11R	897	54.01	598	373	41.58	GC1		fast	90
ENSG00000158773_USF1	ENSG00000158773	USF1	933	56.38	271	138	14.79	GC1		slow	70
ENSG00000158786_PLA2G2F	ENSG00000158786	PLA2G2F	636	59.17	370	212	33.33		70	slow	
ENSG00000158793_NIT1	ENSG00000158793	NIT1	984	55.71	417	230	23.37	GC2		slow	90
ENSG00000158796_DEDD	ENSG00000158796	DEDD	957	57.13	223	124	12.96	GC1		slow	70
ENSG00000158805_ZNF276	ENSG00000158805	ZNF276	1638	61.23	928	584	35.65		80	fast	90
ENSG00000158813_EDA	ENSG00000158813	EDA	1110	55.96	362	154	13.87	GC2		fast	80
ENSG00000158815_FGF17	ENSG00000158815	FGF17	651	61.79	161	86	13.21			slow	70
ENSG00000158828_PINK1	ENSG00000158828	PINK1	1746	61.60	971	558	31.96	GC1		fast	90
ENSG00000158850_B4GALT3	ENSG00000158850	B4GALT3	1191	59.70	405	230	19.31	GC1	80	slow	80
ENSG00000158856_DMTN	ENSG00000158856	DMTN	1218	58.25	493	233	19.13	GC1		fast	80
ENSG00000158859_ADAMTS4	ENSG00000158859	ADAMTS4	2514	64.20	1010	584	23.23		80	slow	80
ENSG00000158863_FAM160B2	ENSG00000158863	FAM160B2	2202	60.24	1052	636	28.88		80	slow	90
ENSG00000158864_NDUFS2	ENSG00000158864	NDUFS2	1392	54.46	571	303	21.77	GC1		slow	90
ENSG00000158865_SLC5A11	ENSG00000158865	SLC5A11	2025	55.09	972	554	27.36	GC1	80	fast	80
ENSG00000158882_TOMM40L	ENSG00000158882	TOMM40L	927	58.23	338	169	18.23	GC1		slow	90
ENSG00000158887_MPZ	ENSG00000158887	MPZ	768	58.64	262	162	21.09			slow	90
ENSG00000158901_WFDC8	ENSG00000158901	WFDC8	720	48.16	564	402	55.83	GC2		fast	80
ENSG00000158941_CCAR2	ENSG00000158941	CCAR2	2757	58.22	1147	635	23.03	GC1	80	slow	90
ENSG00000158955_WNT9B	ENSG00000158955	WNT9B	1074	66.34	440	254	23.65			slow	80
ENSG00000158966_CACHD1	ENSG00000158966	CACHD1	3672	50.28	1155	718	19.55	GC2	80	slow	90
ENSG00000159023_EPB41	ENSG00000159023	EPB41	2598	45.91	1058	509	19.59	GC3	70	slow	90
ENSG00000159055_MIS18A	ENSG00000159055	MIS18A	699	51.93	398	232	33.19	GC1	70	fast	80
ENSG00000159063_ALG8	ENSG00000159063	ALG8	1581	44.67	671	347	21.95	GC2	70	slow	90
ENSG00000159069_FBXW5	ENSG00000159069	FBXW5	1701	63.71	616	360	21.16		80	fast	70
ENSG00000159082_SYNJ1	ENSG00000159082	SYNJ1	4728	47.24	2163	1307	27.64	GC3	90	fast	90
ENSG00000159086_PAXBP1	ENSG00000159086	PAXBP1	2754	44.38	940	563	20.44	GC3		slow	90
ENSG00000159111_MRPL10	ENSG00000159111	MRPL10	789	59.09	423	252	31.94	GC1		fast	90
ENSG00000159164_SV2A	ENSG00000159164	SV2A	2229	56.29	693	416	18.66	GC1		fast	90
ENSG00000159166_LAD1	ENSG00000159166	LAD1	1548	63.26	1247	795	51.36			fast	80
ENSG00000159167_STC1	ENSG00000159167	STC1	744	53.35	241	124	16.67	GC1		slow	90
ENSG00000159184_HOXB13	ENSG00000159184	HOXB13	855	63.53	399	224	26.20			slow	90
ENSG00000159189_C1QC	ENSG00000159189	C1QC	738	62.91	397	236	31.98			slow	70
ENSG00000159202_UBE2Z	ENSG00000159202	UBE2Z	774	51.23	172	91	11.76	GC1		slow	90
ENSG00000159208_CIART	ENSG00000159208	CIART	1158	52.06	757	389	33.59	GC2	70	fast	90
ENSG00000159210_SNF8	ENSG00000159210	SNF8	777	55.78	262	147	18.92	GC1		slow	90
ENSG00000159216_RUNX1	ENSG00000159216	RUNX1	1443	63.34	917	338	23.42			fast	80
ENSG00000159217_IGF2BP1	ENSG00000159217	IGF2BP1	1734	55.72	620	328	18.92	GC1		fast	90
ENSG00000159239_C2orf81	ENSG00000159239	C2orf81	1761	64.39	1391	958	54.40	GC1	70	fast	80
ENSG00000159251_ACTC1	ENSG00000159251	ACTC1	1134	54.31	329	194	17.11	GC1		slow	90
ENSG00000159256_MORC3	ENSG00000159256	MORC3	2823	40.75	1325	801	28.37	GC3	70	fast	90
ENSG00000159259_CHAF1B	ENSG00000159259	CHAF1B	1680	52.92	802	541	32.20	GC2	80	fast	90
ENSG00000159263_SIM2	ENSG00000159263	SIM2	1881	59.36	1085	515	27.38			fast	90
ENSG00000159307_SCUBE1	ENSG00000159307	SCUBE1	2892	61.19	1174	599	20.71		70	fast	70
ENSG00000159314_ARHGAP27	ENSG00000159314	ARHGAP27	2163	64.46	1350	628	29.03		70	slow	70
ENSG00000159322_ADPGK	ENSG00000159322	ADPGK	1494	57.28	661	376	25.17	GC1	70	fast	90
ENSG00000159346_ADIPOR1	ENSG00000159346	ADIPOR1	1128	54.89	372	209	18.53	GC1		slow	90
ENSG00000159348_CYB5R1	ENSG00000159348	CYB5R1	918	56.71	435	231	25.16	GC1	70	slow	90
ENSG00000159363_ATP13A2	ENSG00000159363	ATP13A2	3531	64.56	1810	888	25.15		70	fast	80
ENSG00000159374_M1AP	ENSG00000159374	M1AP	1593	53.26	966	523	32.83	GC2	80	slow	80
ENSG00000159377_PSMB4	ENSG00000159377	PSMB4	795	55.85	298	161	20.25	GC1		slow	90
ENSG00000159387_IRX6	ENSG00000159387	IRX6	1338	64.03	742	406	30.34	GC1		fast	90
ENSG00000159398_CES5A	ENSG00000159398	CES5A	1728	53.12	1067	662	38.31	GC1	80	fast	80
ENSG00000159399_HK2	ENSG00000159399	HK2	2754	57.11	1105	643	23.35		80	fast	90
ENSG00000159409_CELF3	ENSG00000159409	CELF3	1398	61.87	322	139	9.94			slow	70
ENSG00000159445_THEM4	ENSG00000159445	THEM4	723	45.84	506	291	40.25	GC3		fast	
ENSG00000159450_TCHH	ENSG00000159450	TCHH	3903	61.11	3108	1737	44.50	GC1	80	fast	
ENSG00000159459_UBR1	ENSG00000159459	UBR1	5262	42.00	2285	1053	20.01	GC3	80	slow	90
ENSG00000159461_AMFR	ENSG00000159461	AMFR	1683	52.47	620	370	21.98	GC1	70	fast	90
ENSG00000159479_MED8	ENSG00000159479	MED8	807	52.68	292	153	18.96	GC2		slow	90
ENSG00000159495_TGM7	ENSG00000159495	TGM7	2133	55.00	1191	661	30.99	GC1	80	slow	80
ENSG00000159579_RSPRY1	ENSG00000159579	RSPRY1	1731	46.88	521	282	16.29	GC3		slow	90
ENSG00000159588_CCDC17	ENSG00000159588	CCDC17	1803	62.08	1246	789	43.76	GC1	80	slow	80
ENSG00000159592_GPBP1L1	ENSG00000159592	GPBP1L1	1425	49.64	516	187	13.12	GC3		slow	
ENSG00000159593_NAE1	ENSG00000159593	NAE1	1605	39.12	521	222	13.83	GC3		slow	90
ENSG00000159596_TMEM69	ENSG00000159596	TMEM69	750	41.94	429	222	29.60	GC3	80	slow	80
ENSG00000159625_DRC7	ENSG00000159625	DRC7	2619	57.88	1348	713	27.22		80	slow	70
ENSG00000159648_TEPP	ENSG00000159648	TEPP	756	61.44	462	233	30.82			fast	80
ENSG00000159650_UROC1	ENSG00000159650	UROC1	2061	59.90	962	503	24.41		70	slow	
ENSG00000159658_EFCAB14	ENSG00000159658	EFCAB14	1488	45.61	786	358	24.06	GC2	70	slow	80
ENSG00000159674_SPON2	ENSG00000159674	SPON2	999	66.56	590	310	31.03			fast	
ENSG00000159708_LRRC36	ENSG00000159708	LRRC36	2259	46.97	1132	550	24.35	GC2	80	slow	90
ENSG00000159714_ZDHHC1	ENSG00000159714	ZDHHC1	1422	61.56	733	378	26.58			fast	80
ENSG00000159720_ATP6V0D1	ENSG00000159720	ATP6V0D1	1056	55.81	338	174	16.48			slow	90
ENSG00000159733_ZFYVE28	ENSG00000159733	ZFYVE28	2628	64.63	1441	879	33.45		70	fast	70
ENSG00000159753_RLTPR	ENSG00000159753	RLTPR	4308	62.97	2138	1079	25.05	GC1	90	fast	80
ENSG00000159784_FAM131B	ENSG00000159784	FAM131B	999	59.38	502	214	21.42	GC1		slow	70
ENSG00000159792_PSKH1	ENSG00000159792	PSKH1	1275	59.11	419	239	18.75	GC1		slow	80
ENSG00000159842_ABR	ENSG00000159842	ABR	2580	55.68	857	403	15.62			fast	90
ENSG00000159873_CCDC117	ENSG00000159873	CCDC117	834	51.49	439	211	25.30	GC3		slow	90
ENSG00000159884_CCDC107	ENSG00000159884	CCDC107	774	60.66	541	290	37.47	GC1		slow	80
ENSG00000159899_NPR2	ENSG00000159899	NPR2	3144	54.61	1041	465	14.79	GC1	70	fast	90
ENSG00000159921_GNE	ENSG00000159921	GNE	2169	47.72	728	426	19.64	GC2	70	slow	90
ENSG00000160007_ARHGAP35	ENSG00000160007	ARHGAP35	4503	50.45	1672	1065	23.65	GC1	80	slow	90
ENSG00000160013_PTGIR	ENSG00000160013	PTGIR	1158	68.42	520	289	24.96			slow	
ENSG00000160049_DFFA	ENSG00000160049	DFFA	996	57.03	640	346	34.74	GC1		slow	70
ENSG00000160050_CCDC28B	ENSG00000160050	CCDC28B	603	59.93	239	152	25.21	GC1		slow	70
ENSG00000160051_IQCC	ENSG00000160051	IQCC	1407	55.04	1105	691	49.11	GC2	80	fast	90
ENSG00000160058_BSDC1	ENSG00000160058	BSDC1	1293	56.77	568	350	27.07	GC1	70	slow	90
ENSG00000160087_UBE2J2	ENSG00000160087	UBE2J2	780	53.58	292	189	24.23	GC1		fast	90
ENSG00000160094_ZNF362	ENSG00000160094	ZNF362	1251	63.21	495	183	14.63			fast	90
ENSG00000160145_KALRN	ENSG00000160145	KALRN	8964	54.31	2657	1341	14.96	GC1	90	fast	80
ENSG00000160161_CILP2	ENSG00000160161	CILP2	3474	67.01	1780	1063	30.60		90	fast	80
ENSG00000160207_HSF2BP	ENSG00000160207	HSF2BP	1005	53.25	462	267	26.57	GC1		fast	80
ENSG00000160208_RRP1B	ENSG00000160208	RRP1B	2283	56.31	1675	1155	50.59	GC1	70	fast	90
ENSG00000160209_PDXK	ENSG00000160209	PDXK	939	58.92	445	242	25.77			fast	70
ENSG00000160219_GAB3	ENSG00000160219	GAB3	1698	55.16	1094	662	38.99	GC1	70	fast	90
ENSG00000160255_ITGB2	ENSG00000160255	ITGB2	2310	61.10	1386	834	36.10			fast	80
ENSG00000160271_RALGDS	ENSG00000160271	RALGDS	2700	60.30	1486	861	31.89		70	fast	80
ENSG00000160282_FTCD	ENSG00000160282	FTCD	1626	65.16	858	471	28.97		80	fast	70
ENSG00000160284_SPATC1L	ENSG00000160284	SPATC1L	1032	64.40	521	271	26.26			fast	70
ENSG00000160285_LSS	ENSG00000160285	LSS	2202	60.21	1213	747	33.92		70	fast	90
ENSG00000160293_VAV2	ENSG00000160293	VAV2	2472	57.08	1024	516	20.87		80	fast	70
ENSG00000160294_MCM3AP	ENSG00000160294	MCM3AP	5949	55.60	3463	2131	35.82	GC1	80	fast	90
ENSG00000160299_PCNT	ENSG00000160299	PCNT	9759	57.49	7274	5087	52.13	GC1	90	fast	70
ENSG00000160310_PRMT2	ENSG00000160310	PRMT2	1302	55.72	633	399	30.65	GC1	70	fast	90
ENSG00000160323_ADAMTS13	ENSG00000160323	ADAMTS13	4227	66.34	2990	1828	43.25		80	fast	70
ENSG00000160360_GPSM1	ENSG00000160360	GPSM1	1953	66.83	833	398	20.38		70	slow	
ENSG00000160392_C19orf47	ENSG00000160392	C19orf47	1260	61.69	677	310	24.60			fast	80
ENSG00000160396_HIPK4	ENSG00000160396	HIPK4	1851	65.33	779	427	23.07			fast	90
ENSG00000160401_C9orf117	ENSG00000160401	C9orf117	1575	58.11	973	562	35.68		70	fast	80
ENSG00000160404_TOR2A	ENSG00000160404	TOR2A	966	62.92	420	224	23.19			slow	90
ENSG00000160408_ST6GALNAC6	ENSG00000160408	ST6GALNAC6	1002	61.02	383	213	21.26			fast	90
ENSG00000160410_SHKBP1	ENSG00000160410	SHKBP1	2115	63.08	879	437	20.66			slow	80
ENSG00000160439_RDH13	ENSG00000160439	RDH13	1005	60.15	481	286	28.46			fast	90
ENSG00000160445_ZER1	ENSG00000160445	ZER1	2301	57.75	769	405	17.60			slow	90
ENSG00000160447_PKN3	ENSG00000160447	PKN3	2670	64.17	1324	707	26.48		80	slow	80
ENSG00000160469_BRSK1	ENSG00000160469	BRSK1	2286	62.11	755	422	18.46			fast	90
ENSG00000160539_PPAPDC3	ENSG00000160539	PPAPDC3	816	66.64	260	133	16.30			fast	90
ENSG00000160551_TAOK1	ENSG00000160551	TAOK1	3006	44.90	742	362	12.04	GC3	70	slow	90
ENSG00000160563_MED27	ENSG00000160563	MED27	936	52.55	304	167	17.84	GC1		slow	70
ENSG00000160570_DEDD2	ENSG00000160570	DEDD2	981	68.21	441	220	22.43		70	fast	80
ENSG00000160584_SIK3	ENSG00000160584	SIK3	3933	56.11	1521	864	21.97	GC1	80	slow	90
ENSG00000160588_MPZL3	ENSG00000160588	MPZL3	708	51.27	384	259	36.58	GC2		fast	90
ENSG00000160593_AMICA1	ENSG00000160593	AMICA1	1197	51.76	842	526	43.94	GC1		fast	80
ENSG00000160602_NEK8	ENSG00000160602	NEK8	2079	61.10	825	436	20.97	GC1	70	slow	80
ENSG00000160606_TLCD1	ENSG00000160606	TLCD1	744	55.59	335	199	26.75	GC1		slow	80
ENSG00000160613_PCSK7	ENSG00000160613	PCSK7	2364	59.81	1004	613	25.93	GC1	80	slow	80
ENSG00000160633_SAFB	ENSG00000160633	SAFB	2760	56.62	1031	606	21.96	GC2	80	slow	70
ENSG00000160679_CHTOP	ENSG00000160679	CHTOP	750	56.68	100	37	4.93	GC2		slow	70
ENSG00000160688_FLAD1	ENSG00000160688	FLAD1	1554	61.37	798	435	27.99		80	fast	90
ENSG00000160691_SHC1	ENSG00000160691	SHC1	1755	62.13	550	297	16.92	GC1	70	slow	80
ENSG00000160695_VPS11	ENSG00000160695	VPS11	2826	54.61	993	526	18.61	GC1	70	slow	90
ENSG00000160703_NLRX1	ENSG00000160703	NLRX1	2928	62.73	1424	826	28.21		80	fast	90
ENSG00000160710_ADAR	ENSG00000160710	ADAR	3525	55.85	1807	1195	33.90	GC1	70	fast	90
ENSG00000160712_IL6R	ENSG00000160712	IL6R	1407	60.68	1043	616	43.78	GC1	70	fast	80
ENSG00000160714_UBE2Q1	ENSG00000160714	UBE2Q1	1260	54.74	466	170	13.49	GC1		fast	90
ENSG00000160741_CRTC2	ENSG00000160741	CRTC2	2082	61.77	1002	438	21.04	GC1	70	fast	70
ENSG00000160746_ANO10	ENSG00000160746	ANO10	1980	45.92	882	539	27.22	GC2	70	fast	90
ENSG00000160752_FDPS	ENSG00000160752	FDPS	1263	56.19	597	282	22.33	GC1		fast	70
ENSG00000160767_FAM189B	ENSG00000160767	FAM189B	2010	64.38	851	414	20.60	GC1		slow	80
ENSG00000160781_PAQR6	ENSG00000160781	PAQR6	1035	65.01	568	268	25.89	GC1		slow	70
ENSG00000160785_SLC25A44	ENSG00000160785	SLC25A44	945	56.54	330	179	18.94			slow	80
ENSG00000160789_LMNA	ENSG00000160789	LMNA	1995	64.91	714	328	16.44			slow	90
ENSG00000160796_NBEAL2	ENSG00000160796	NBEAL2	8247	63.72	3946	1922	23.31		80	fast	80
ENSG00000160801_PTH1R	ENSG00000160801	PTH1R	1773	61.57	942	481	27.13		80	slow	80
ENSG00000160803_UBQLN4	ENSG00000160803	UBQLN4	1797	61.49	780	327	18.20			fast	90
ENSG00000160818_GPATCH4	ENSG00000160818	GPATCH4	1335	54.73	1026	669	50.11	GC1		fast	90
ENSG00000160838_LRRC71	ENSG00000160838	LRRC71	1680	60.79	963	516	30.71			fast	80
ENSG00000160867_FGFR4	ENSG00000160867	FGFR4	2406	62.17	1101	622	25.85		70	slow	80
ENSG00000160883_HK3	ENSG00000160883	HK3	2775	61.40	1399	776	27.96		70	fast	80
ENSG00000160908_ZNF394	ENSG00000160908	ZNF394	1644	53.60	1115	670	40.75	GC2	80	fast	70
ENSG00000160917_CPSF4	ENSG00000160917	CPSF4	810	57.22	177	94	11.60			fast	80
ENSG00000160949_TONSL	ENSG00000160949	TONSL	4131	65.12	2504	1533	37.11		90	slow	70
ENSG00000160957_RECQL4	ENSG00000160957	RECQL4	3621	65.30	2593	1693	46.76		90	fast	80
ENSG00000160959_LRRC14	ENSG00000160959	LRRC14	1482	63.75	575	311	20.99		70	fast	70
ENSG00000160973_FOXH1	ENSG00000160973	FOXH1	1104	65.00	645	356	32.25		80	fast	80
ENSG00000160991_ORAI2	ENSG00000160991	ORAI2	765	64.62	223	121	15.82			slow	80
ENSG00000160994_CCDC105	ENSG00000160994	CCDC105	1497	62.44	949	448	29.93		70	fast	80
ENSG00000161010_C5orf45	ENSG00000161010	C5orf45	1029	56.98	812	568	55.20	GC2	80	fast	80
ENSG00000161011_SQSTM1	ENSG00000161011	SQSTM1	1323	60.74	749	383	28.95	GC1		fast	90
ENSG00000161016_RPL8	ENSG00000161016	RPL8	774	61.70	266	152	19.64			slow	80
ENSG00000161021_MAML1	ENSG00000161021	MAML1	2838	59.84	1418	818	28.82	GC1	80	slow	70
ENSG00000161031_PGLYRP2	ENSG00000161031	PGLYRP2	1692	63.65	1151	712	42.08	GC1		fast	80
ENSG00000161036_LRWD1	ENSG00000161036	LRWD1	1941	63.44	1010	594	30.60			slow	80
ENSG00000161040_FBXL13	ENSG00000161040	FBXL13	2214	39.96	1352	836	37.76	GC3	80	slow	80
ENSG00000161048_NAPEPLD	ENSG00000161048	NAPEPLD	1182	47.17	547	345	29.19	GC2	70	slow	80
ENSG00000161057_PSMC2	ENSG00000161057	PSMC2	1302	46.31	384	244	18.74	GC3		slow	90
ENSG00000161082_CELF5	ENSG00000161082	CELF5	1200	63.40	402	151	12.58			fast	70
ENSG00000161179_YDJC	ENSG00000161179	YDJC	972	68.96	497	301	30.97		70	fast	80
ENSG00000161180_CCDC116	ENSG00000161180	CCDC116	1602	61.21	1299	942	58.80		80	fast	70
ENSG00000161202_DVL3	ENSG00000161202	DVL3	2151	61.51	609	348	16.18			fast	90
ENSG00000161203_AP2M1	ENSG00000161203	AP2M1	1308	53.03	363	204	15.60	GC1		slow	90
ENSG00000161204_ABCF3	ENSG00000161204	ABCF3	2130	56.40	757	403	18.92	GC1	70	slow	90
ENSG00000161217_PCYT1A	ENSG00000161217	PCYT1A	1104	48.96	384	234	21.20	GC2		slow	90
ENSG00000161249_DMKN	ENSG00000161249	DMKN	1374	60.07	1036	677	49.27	GC1		fast	70
ENSG00000161267_BDH1	ENSG00000161267	BDH1	1032	57.24	547	287	27.81		70	fast	80
ENSG00000161270_NPHS1	ENSG00000161270	NPHS1	3729	59.51	2217	1148	30.79	GC1	80	fast	90
ENSG00000161328_LRRC56	ENSG00000161328	LRRC56	1641	67.23	1161	678	41.32		80	fast	80
ENSG00000161381_PLXDC1	ENSG00000161381	PLXDC1	1503	59.90	714	326	21.69			fast	90
ENSG00000161395_PGAP3	ENSG00000161395	PGAP3	963	60.59	431	197	20.46			slow	90
ENSG00000161405_IKZF3	ENSG00000161405	IKZF3	1530	47.71	443	202	13.20	GC2		slow	80
ENSG00000161526_SAP30BP	ENSG00000161526	SAP30BP	927	52.51	351	201	21.68	GC1		fast	90
ENSG00000161533_ACOX1	ENSG00000161533	ACOX1	1986	51.54	969	569	28.65	GC1		fast	90
ENSG00000161542_PRPSAP1	ENSG00000161542	PRPSAP1	1071	51.84	407	210	19.61	GC1		fast	90
ENSG00000161558_TMEM143	ENSG00000161558	TMEM143	1380	63.14	752	394	28.55			fast	90
ENSG00000161594_KLHL10	ENSG00000161594	KLHL10	1827	48.99	520	287	15.71	GC2		slow	90
ENSG00000161609_CCDC155	ENSG00000161609	CCDC155	1689	62.01	1010	542	32.09	GC1	70	fast	80
ENSG00000161618_ALDH16A1	ENSG00000161618	ALDH16A1	2409	66.15	1332	725	30.10		70	fast	80
ENSG00000161638_ITGA5	ENSG00000161638	ITGA5	3153	60.08	1447	777	24.64	GC1	70	fast	90
ENSG00000161647_MPP3	ENSG00000161647	MPP3	1758	57.54	740	410	23.32	GC1	70	fast	90
ENSG00000161649_CD300LG	ENSG00000161649	CD300LG	987	60.02	740	454	46.00	GC1	70	fast	80
ENSG00000161652_IZUMO2	ENSG00000161652	IZUMO2	666	54.17	457	292	43.84	GC1		fast	
ENSG00000161653_NAGS	ENSG00000161653	NAGS	1605	65.36	830	492	30.65			fast	80
ENSG00000161664_ASB16	ENSG00000161664	ASB16	1362	66.86	765	421	30.91		70	slow	90
ENSG00000161791_FMNL3	ENSG00000161791	FMNL3	3084	56.83	1075	564	18.29			fast	90
ENSG00000161800_RACGAP1	ENSG00000161800	RACGAP1	1899	48.32	718	344	18.11	GC2	80	slow	90
ENSG00000161813_LARP4	ENSG00000161813	LARP4	2175	43.19	952	436	20.05	GC3	80	slow	90
ENSG00000161835_GRASP	ENSG00000161835	GRASP	1131	64.57	579	251	22.19			fast	80
ENSG00000161849_KRT84	ENSG00000161849	KRT84	1800	58.63	946	550	30.56	GC1	80	slow	90
ENSG00000161850_KRT82	ENSG00000161850	KRT82	1536	60.28	771	431	28.06		70	slow	70
ENSG00000161860_SYCE2	ENSG00000161860	SYCE2	639	51.48	394	208	32.55	GC1		slow	70
ENSG00000161896_IP6K3	ENSG00000161896	IP6K3	1233	59.51	802	459	37.23		70	fast	90
ENSG00000161904_LEMD2	ENSG00000161904	LEMD2	1512	63.64	686	292	19.31			fast	80
ENSG00000161911_TREML1	ENSG00000161911	TREML1	936	60.25	669	410	43.80	GC1	70	fast	90
ENSG00000161921_CXCL16	ENSG00000161921	CXCL16	762	54.91	667	496	65.09	GC2	80	fast	80
ENSG00000161940_BCL6B	ENSG00000161940	BCL6B	1428	60.91	686	344	24.09	GC1	80	fast	90
ENSG00000161944_ASGR2	ENSG00000161944	ASGR2	906	56.55	611	373	41.17	GC1		fast	70
ENSG00000161958_FGF11	ENSG00000161958	FGF11	678	62.59	183	78	11.50			slow	90
ENSG00000161973_CCDC42	ENSG00000161973	CCDC42	951	56.53	446	226	23.76			fast	90
ENSG00000161992_PRR35	ENSG00000161992	PRR35	1725	70.43	1198	721	41.80		70	fast	80
ENSG00000162006_MSLNL	ENSG00000162006	MSLNL	2010	66.26	1528	809	40.25		70	fast	80
ENSG00000162040_HS3ST6	ENSG00000162040	HS3ST6	984	69.13	406	175	17.78			fast	
ENSG00000162063_CCNF	ENSG00000162063	CCNF	2361	59.80	1230	786	33.29		70	slow	70
ENSG00000162069_CCDC64B	ENSG00000162069	CCDC64B	1521	66.45	950	461	30.31		70	slow	70
ENSG00000162104_ADCY9	ENSG00000162104	ADCY9	4062	56.51	1796	1056	26.00		80	fast	90
ENSG00000162105_SHANK2	ENSG00000162105	SHANK2	4446	63.00	1771	982	22.09		70	fast	
ENSG00000162129_CLPB	ENSG00000162129	CLPB	2124	57.25	864	463	21.80	GC1	70	fast	90
ENSG00000162139_NEU3	ENSG00000162139	NEU3	1287	56.44	760	491	38.15	GC1		slow	90
ENSG00000162144_CYB561A3	ENSG00000162144	CYB561A3	729	57.83	403	268	36.76		70	fast	90
ENSG00000162148_PPP1R32	ENSG00000162148	PPP1R32	1278	60.11	822	424	33.18		70	fast	80
ENSG00000162174_ASRGL1	ENSG00000162174	ASRGL1	927	53.96	500	330	35.60	GC2	70	fast	90
ENSG00000162191_UBXN1	ENSG00000162191	UBXN1	894	61.04	408	258	28.86	GC1		slow	90
ENSG00000162227_TAF6L	ENSG00000162227	TAF6L	1860	63.54	785	379	20.38			slow	
ENSG00000162231_NXF1	ENSG00000162231	NXF1	1857	52.62	806	506	27.25	GC1	70	slow	90
ENSG00000162236_STX5	ENSG00000162236	STX5	1068	55.37	317	132	12.36	GC1		slow	80
ENSG00000162241_SLC25A45	ENSG00000162241	SLC25A45	864	63.03	498	263	30.44	GC1	70	fast	80
ENSG00000162267_ITIH3	ENSG00000162267	ITIH3	2676	54.81	1395	789	29.48		80	fast	90
ENSG00000162300_ZFPL1	ENSG00000162300	ZFPL1	933	63.34	439	230	24.65			slow	90
ENSG00000162302_RPS6KA4	ENSG00000162302	RPS6KA4	2316	65.04	906	361	15.59		70	fast	
ENSG00000162368_CMPK1	ENSG00000162368	CMPK1	687	44.00	254	106	15.43	GC3		fast	90
ENSG00000162374_ELAVL4	ENSG00000162374	ELAVL4	1158	50.63	240	118	10.19	GC1		slow	90
ENSG00000162377_COA7	ENSG00000162377	COA7	696	53.07	300	180	25.86	GC1		slow	90
ENSG00000162378_ZYG11B	ENSG00000162378	ZYG11B	2235	45.02	728	321	14.36	GC3	70	slow	80
ENSG00000162383_SLC1A7	ENSG00000162383	SLC1A7	1683	59.79	640	324	19.25			fast	80
ENSG00000162390_ACOT11	ENSG00000162390	ACOT11	1785	60.64	821	412	23.08			fast	80
ENSG00000162391_FAM151A	ENSG00000162391	FAM151A	1758	61.83	1126	620	35.27			fast	70
ENSG00000162398_C1orf177	ENSG00000162398	C1orf177	1254	55.99	813	468	37.32	GC1		fast	90
ENSG00000162399_BSND	ENSG00000162399	BSND	963	63.54	609	357	37.07		70	fast	80
ENSG00000162402_USP24	ENSG00000162402	USP24	7542	44.57	2625	1589	21.07	GC3	80	slow	90
ENSG00000162407_PPAP2B	ENSG00000162407	PPAP2B	939	54.71	325	169	18.00			fast	90
ENSG00000162408_NOL9	ENSG00000162408	NOL9	2085	50.99	1276	858	41.15	GC2	80	fast	90
ENSG00000162409_PRKAA2	ENSG00000162409	PRKAA2	1599	43.93	563	292	18.26	GC3		slow	90
ENSG00000162413_KLHL21	ENSG00000162413	KLHL21	1794	67.61	531	272	15.16			fast	80
ENSG00000162415_ZSWIM5	ENSG00000162415	ZSWIM5	3006	52.95	947	512	17.03	GC2	80	fast	90
ENSG00000162419_GMEB1	ENSG00000162419	GMEB1	1722	50.59	403	183	10.63	GC2		slow	80
ENSG00000162434_JAK1	ENSG00000162434	JAK1	3465	48.37	1281	722	20.84	GC1	80	slow	90
ENSG00000162437_RAVER2	ENSG00000162437	RAVER2	1935	45.93	928	465	24.03	GC3	80	slow	80
ENSG00000162438_CTRC	ENSG00000162438	CTRC	807	61.76	474	281	34.82			slow	80
ENSG00000162458_FBLIM1	ENSG00000162458	FBLIM1	1137	63.71	713	333	29.29			fast	80
ENSG00000162460_TMEM82	ENSG00000162460	TMEM82	1029	66.95	625	322	31.29			fast	80
ENSG00000162461_SLC25A34	ENSG00000162461	SLC25A34	915	66.85	363	203	22.19			fast	80
ENSG00000162496_DHRS3	ENSG00000162496	DHRS3	909	60.83	295	158	17.38			slow	90
ENSG00000162510_MATN1	ENSG00000162510	MATN1	1491	60.70	712	366	24.55			fast	80
ENSG00000162511_LAPTM5	ENSG00000162511	LAPTM5	789	56.41	388	198	25.10			slow	80
ENSG00000162512_SDC3	ENSG00000162512	SDC3	1191	65.57	503	254	21.33			slow	
ENSG00000162517_PEF1	ENSG00000162517	PEF1	855	59.96	362	189	22.11	GC1		slow	90
ENSG00000162521_RBBP4	ENSG00000162521	RBBP4	1278	45.09	337	162	12.68	GC3		slow	90
ENSG00000162526_TSSK3	ENSG00000162526	TSSK3	807	55.60	215	102	12.64	GC1		slow	90
ENSG00000162542_TMCO4	ENSG00000162542	TMCO4	1899	61.36	934	527	27.75	GC1	80	fast	90
ENSG00000162543_UBXN10	ENSG00000162543	UBXN10	846	59.96	547	331	39.13	GC1	70	slow	70
ENSG00000162551_ALPL	ENSG00000162551	ALPL	1575	59.76	681	357	22.67		70	fast	80
ENSG00000162552_WNT4	ENSG00000162552	WNT4	1056	64.49	294	172	16.29			slow	
ENSG00000162571_TTLL10	ENSG00000162571	TTLL10	1641	60.42	994	606	36.93			fast	70
ENSG00000162592_CCDC27	ENSG00000162592	CCDC27	1836	58.25	1381	893	48.64		90	fast	70
ENSG00000162594_IL23R	ENSG00000162594	IL23R	1893	39.58	1234	697	36.82	GC3	80	fast	90
ENSG00000162598_C1orf87	ENSG00000162598	C1orf87	1647	46.58	1119	665	40.38	GC2	90	slow	80
ENSG00000162599_NFIA	ENSG00000162599	NFIA	1599	52.60	415	212	13.26	GC2		slow	
ENSG00000162600_OMA1	ENSG00000162600	OMA1	1578	41.35	946	520	32.95	GC3	90	fast	90
ENSG00000162601_MYSM1	ENSG00000162601	MYSM1	2502	41.00	1161	613	24.50	GC3	80	slow	90
ENSG00000162604_TM2D1	ENSG00000162604	TM2D1	663	45.16	302	166	25.04	GC3		slow	90
ENSG00000162607_USP1	ENSG00000162607	USP1	2358	37.50	1027	461	19.55	GC3	70	slow	90
ENSG00000162613_FUBP1	ENSG00000162613	FUBP1	1950	48.07	503	237	12.15	GC3		slow	90
ENSG00000162614_NEXN	ENSG00000162614	NEXN	2028	38.14	773	400	19.72	GC3	70	slow	90
ENSG00000162616_DNAJB4	ENSG00000162616	DNAJB4	1014	39.83	239	104	10.26	GC3		slow	90
ENSG00000162618_ELTD1	ENSG00000162618	ELTD1	2073	38.71	1042	615	29.67	GC3	80	slow	90
ENSG00000162620_LRRIQ3	ENSG00000162620	LRRIQ3	1872	33.59	1177	538	28.74	GC3	70	fast	
ENSG00000162623_TYW3	ENSG00000162623	TYW3	777	43.04	489	266	34.23	GC3		fast	90
ENSG00000162624_LHX8	ENSG00000162624	LHX8	1071	52.68	393	209	19.51	GC2		slow	90
ENSG00000162627_SNX7	ENSG00000162627	SNX7	1164	40.37	472	252	21.65	GC3	70	fast	80
ENSG00000162630_B3GALT2	ENSG00000162630	B3GALT2	1269	41.86	425	244	19.23	GC3		slow	80
ENSG00000162631_NTNG1	ENSG00000162631	NTNG1	1620	49.38	471	249	15.37	GC2		fast	90
ENSG00000162636_FAM102B	ENSG00000162636	FAM102B	990	46.32	445	240	24.24	GC3		slow	90
ENSG00000162639_HENMT1	ENSG00000162639	HENMT1	1179	45.42	864	666	56.49	GC3	80	fast	80
ENSG00000162643_WDR63	ENSG00000162643	WDR63	2676	42.09	1492	938	35.05	GC3	70	fast	90
ENSG00000162650_ATXN7L2	ENSG00000162650	ATXN7L2	2064	62.61	795	370	17.93	GC1	70	slow	80
ENSG00000162664_ZNF326	ENSG00000162664	ZNF326	1701	44.25	629	311	18.28	GC3		slow	90
ENSG00000162670_BRINP3	ENSG00000162670	BRINP3	2301	49.35	704	413	17.95	GC2		slow	80
ENSG00000162687_KCNT2	ENSG00000162687	KCNT2	3408	42.36	1165	662	19.42	GC3	80	slow	90
ENSG00000162688_AGL	ENSG00000162688	AGL	4599	42.28	2058	1241	26.98	GC3	80	fast	90
ENSG00000162692_VCAM1	ENSG00000162692	VCAM1	2220	44.86	1457	864	38.92	GC3	80	fast	90
ENSG00000162694_EXTL2	ENSG00000162694	EXTL2	993	44.27	414	262	26.38	GC2		fast	90
ENSG00000162695_SLC30A7	ENSG00000162695	SLC30A7	1131	43.32	318	157	13.88	GC3		slow	90
ENSG00000162706_CADM3	ENSG00000162706	CADM3	1293	57.11	534	311	24.05	GC1		fast	90
ENSG00000162711_NLRP3	ENSG00000162711	NLRP3	3111	50.50	1744	1088	34.97	GC1	80	slow	80
ENSG00000162714_ZNF496	ENSG00000162714	ZNF496	1764	62.66	1177	716	40.59		80	slow	80
ENSG00000162722_TRIM58	ENSG00000162722	TRIM58	1464	57.43	877	538	36.75	GC1	70	fast	90
ENSG00000162723_SLAMF9	ENSG00000162723	SLAMF9	867	55.78	670	430	49.60	GC1	70	fast	80
ENSG00000162733_DDR2	ENSG00000162733	DDR2	2568	52.65	1026	575	22.39	GC1	70	slow	90
ENSG00000162736_NCSTN	ENSG00000162736	NCSTN	2130	54.25	1020	590	27.70	GC1	80	fast	90
ENSG00000162738_VANGL2	ENSG00000162738	VANGL2	1566	62.16	482	210	13.41			slow	80
ENSG00000162745_OLFML2B	ENSG00000162745	OLFML2B	2265	59.13	1288	680	30.02		70	slow	70
ENSG00000162746_FCRLB	ENSG00000162746	FCRLB	1281	64.46	691	305	23.81		80	slow	
ENSG00000162769_FLVCR1	ENSG00000162769	FLVCR1	1668	52.50	914	555	33.27	GC1	70	slow	90
ENSG00000162775_RBM15	ENSG00000162775	RBM15	2922	57.60	988	491	16.80	GC2	70	slow	80
ENSG00000162777_DENND2D	ENSG00000162777	DENND2D	1416	53.32	643	386	27.26	GC1	70	slow	90
ENSG00000162779_AXDND1	ENSG00000162779	AXDND1	3051	39.70	1811	1032	33.82	GC3	80	fast	80
ENSG00000162782_TDRD5	ENSG00000162782	TDRD5	3057	44.94	1722	878	28.72	GC3	80	slow	80
ENSG00000162813_BPNT1	ENSG00000162813	BPNT1	927	47.53	451	291	31.39	GC3		slow	90
ENSG00000162814_SPATA17	ENSG00000162814	SPATA17	1089	45.04	683	429	39.39	GC2		fast	90
ENSG00000162819_BROX	ENSG00000162819	BROX	1236	42.64	505	324	26.21	GC3		fast	90
ENSG00000162836_ACP6	ENSG00000162836	ACP6	1287	55.12	712	424	32.94	GC1	80	fast	90
ENSG00000162849_KIF26B	ENSG00000162849	KIF26B	5859	61.63	2865	1584	27.04		80	fast	80
ENSG00000162852_CNST	ENSG00000162852	CNST	2178	48.58	1362	823	37.79	GC3	80	fast	80
ENSG00000162869_PPP1R21	ENSG00000162869	PPP1R21	2343	45.51	1006	547	23.35	GC2	70	slow	90
ENSG00000162873_KLHDC8A	ENSG00000162873	KLHDC8A	1053	62.07	371	183	17.38			slow	90
ENSG00000162877_PM20D1	ENSG00000162877	PM20D1	1512	53.43	900	524	34.66	GC1	80	slow	80
ENSG00000162882_HAAO	ENSG00000162882	HAAO	861	60.07	459	251	29.15			fast	80
ENSG00000162885_B3GALNT2	ENSG00000162885	B3GALNT2	1503	49.44	685	435	28.94	GC2	70	fast	90
ENSG00000162889_MAPKAPK2	ENSG00000162889	MAPKAPK2	1029	53.56	271	163	15.84	GC1		fast	80
ENSG00000162896_PIGR	ENSG00000162896	PIGR	2292	54.93	1626	1140	49.74	GC1	80	fast	80
ENSG00000162897_FCAMR	ENSG00000162897	FCAMR	1632	56.99	1363	922	56.50	GC2	80	fast	80
ENSG00000162909_CAPN2	ENSG00000162909	CAPN2	2103	57.34	1105	546	25.96			fast	90
ENSG00000162923_WDR26	ENSG00000162923	WDR26	1563	45.91	393	235	15.04	GC3		slow	90
ENSG00000162924_REL	ENSG00000162924	REL	1782	42.71	997	588	33.00	GC3	70	slow	90
ENSG00000162927_PUS10	ENSG00000162927	PUS10	1590	42.79	749	367	23.08	GC3		slow	90
ENSG00000162928_PEX13	ENSG00000162928	PEX13	1212	44.73	484	226	18.65	GC3		slow	90
ENSG00000162929_KIAA1841	ENSG00000162929	KIAA1841	2157	40.85	977	472	21.88	GC3	70	fast	90
ENSG00000162944_RFTN2	ENSG00000162944	RFTN2	1506	45.65	818	488	32.40	GC3		fast	90
ENSG00000162946_DISC1	ENSG00000162946	DISC1	2451	56.78	1958	1152	47.00	GC1	90	fast	
ENSG00000162959_MEMO1	ENSG00000162959	MEMO1	834	41.87	138	56	6.71	GC3		slow	90
ENSG00000162975_KCNF1	ENSG00000162975	KCNF1	1485	62.79	471	236	15.89			slow	70
ENSG00000162976_PQLC3	ENSG00000162976	PQLC3	609	53.66	358	201	33.00	GC1		fast	90
ENSG00000162994_CLHC1	ENSG00000162994	CLHC1	1761	37.35	1099	588	33.39	GC3	70	slow	90
ENSG00000162999_DUSP19	ENSG00000162999	DUSP19	654	42.38	340	168	25.69	GC3		slow	90
ENSG00000163001_CFAP36	ENSG00000163001	CFAP36	1032	42.93	478	234	22.67	GC3		slow	90
ENSG00000163006_CCDC138	ENSG00000163006	CCDC138	2004	40.69	1212	781	38.97	GC3	70	fast	90
ENSG00000163012_ZSWIM2	ENSG00000163012	ZSWIM2	1911	39.34	1344	791	41.39	GC3	70	fast	90
ENSG00000163013_FBXO41	ENSG00000163013	FBXO41	2625	67.21	962	452	17.22			fast	90
ENSG00000163017_ACTG2	ENSG00000163017	ACTG2	1131	55.39	419	193	17.06	GC1		slow	90
ENSG00000163026_C2orf44	ENSG00000163026	C2orf44	2166	48.08	1526	959	44.28	GC3	80	fast	90
ENSG00000163029_SMC6	ENSG00000163029	SMC6	3294	38.62	1440	803	24.38	GC3	80	slow	90
ENSG00000163050_ADCK3	ENSG00000163050	ADCK3	1944	61.63	1057	556	28.60			fast	80
ENSG00000163053_SLC16A14	ENSG00000163053	SLC16A14	1533	54.76	744	489	31.90	GC1		fast	80
ENSG00000163069_SGCB	ENSG00000163069	SGCB	924	44.14	335	192	20.78	GC3		fast	90
ENSG00000163071_SPATA18	ENSG00000163071	SPATA18	1620	50.22	1012	571	35.25	GC2		fast	90
ENSG00000163072_NOSTRIN	ENSG00000163072	NOSTRIN	1521	42.67	826	498	32.74	GC3	80	slow	90
ENSG00000163083_INHBB	ENSG00000163083	INHBB	996	64.32	304	148	14.86			slow	70
ENSG00000163092_XIRP2	ENSG00000163092	XIRP2	10143	40.64	6280	3528	34.78	GC3	90	fast	90
ENSG00000163098_BIRC8	ENSG00000163098	BIRC8	1494	40.41	560	233	15.60	GC3		slow	
ENSG00000163104_SMARCAD1	ENSG00000163104	SMARCAD1	3084	38.26	1153	507	16.44	GC3	70	slow	90
ENSG00000163106_HPGDS	ENSG00000163106	HPGDS	600	40.87	281	154	25.67	GC3		fast	90
ENSG00000163110_PDLIM5	ENSG00000163110	PDLIM5	1791	50.68	732	390	21.78	GC3	70	slow	80
ENSG00000163116_STPG2	ENSG00000163116	STPG2	1329	41.31	840	414	31.15	GC3	70	fast	80
ENSG00000163125_RPRD2	ENSG00000163125	RPRD2	4389	51.58	1479	718	16.36	GC2	80	slow	90
ENSG00000163131_CTSS	ENSG00000163131	CTSS	996	46.10	464	283	28.41	GC2		fast	90
ENSG00000163138_PACRGL	ENSG00000163138	PACRGL	747	44.63	381	237	31.73	GC3		slow	90
ENSG00000163141_BNIPL	ENSG00000163141	BNIPL	1077	54.54	552	296	27.48	GC2	70	slow	80
ENSG00000163145_C1QTNF7	ENSG00000163145	C1QTNF7	870	51.54	314	181	20.80	GC2		slow	90
ENSG00000163156_SCNM1	ENSG00000163156	SCNM1	693	54.57	375	222	32.03	GC2		slow	90
ENSG00000163157_TMOD4	ENSG00000163157	TMOD4	1038	53.22	377	214	20.62	GC1		slow	90
ENSG00000163161_ERCC3	ENSG00000163161	ERCC3	2349	52.22	860	532	22.65	GC1		fast	90
ENSG00000163166_IWS1	ENSG00000163166	IWS1	2463	47.44	1073	635	25.78	GC3	70	fast	90
ENSG00000163214_DHX57	ENSG00000163214	DHX57	4152	44.95	1694	909	21.89	GC3	90	slow	80
ENSG00000163217_BMP10	ENSG00000163217	BMP10	1275	50.18	587	370	29.02	GC1	70	slow	90
ENSG00000163219_ARHGAP25	ENSG00000163219	ARHGAP25	1941	53.12	1050	604	31.12	GC1	70	fast	90
ENSG00000163249_CCNYL1	ENSG00000163249	CCNYL1	1086	45.81	404	196	18.05	GC2		fast	90
ENSG00000163281_GNPDA2	ENSG00000163281	GNPDA2	831	37.66	236	111	13.36	GC3		slow	90
ENSG00000163285_GABRG1	ENSG00000163285	GABRG1	1398	39.37	483	273	19.53	GC3		slow	90
ENSG00000163288_GABRB1	ENSG00000163288	GABRB1	1425	48.88	467	238	16.70	GC2		fast	90
ENSG00000163291_PAQR3	ENSG00000163291	PAQR3	936	46.31	320	162	17.31	GC2		slow	90
ENSG00000163293_NIPAL1	ENSG00000163293	NIPAL1	1233	45.46	631	343	27.82	GC2	80	slow	90
ENSG00000163297_ANTXR2	ENSG00000163297	ANTXR2	1470	47.79	743	420	28.57	GC3		fast	90
ENSG00000163312_HELQ	ENSG00000163312	HELQ	3288	42.03	1767	1012	30.78	GC3	80	fast	90
ENSG00000163322_FAM175A	ENSG00000163322	FAM175A	1230	40.18	664	370	30.08	GC3	80	slow	90
ENSG00000163328_GPR155	ENSG00000163328	GPR155	2619	41.58	1104	626	23.90	GC3	80	slow	90
ENSG00000163347_CLDN1	ENSG00000163347	CLDN1	636	53.60	279	160	25.16	GC1		slow	90
ENSG00000163349_HIPK1	ENSG00000163349	HIPK1	3633	51.34	1038	537	14.78	GC2	70	slow	90
ENSG00000163357_DCST1	ENSG00000163357	DCST1	2121	59.65	1252	676	31.87			fast	70
ENSG00000163376_KBTBD8	ENSG00000163376	KBTBD8	1806	42.78	609	288	15.95	GC3	70	fast	90
ENSG00000163378_EOGT	ENSG00000163378	EOGT	1584	45.22	756	485	30.62	GC2	70	slow	90
ENSG00000163380_LMOD3	ENSG00000163380	LMOD3	1680	46.77	883	548	32.62	GC2	70	slow	90
ENSG00000163389_POGLUT1	ENSG00000163389	POGLUT1	1179	45.41	519	268	22.73	GC2		fast	90
ENSG00000163393_SLC22A15	ENSG00000163393	SLC22A15	1644	52.59	735	433	26.34	GC1		fast	90
ENSG00000163394_CCKAR	ENSG00000163394	CCKAR	1287	56.25	570	331	25.72			slow	90
ENSG00000163399_ATP1A1	ENSG00000163399	ATP1A1	3066	52.95	1136	735	23.97	GC1		slow	90
ENSG00000163406_SLC15A2	ENSG00000163406	SLC15A2	2190	45.23	1144	577	26.35	GC2	80	fast	90
ENSG00000163428_LRRC58	ENSG00000163428	LRRC58	1116	54.06	461	210	18.82	GC2		fast	90
ENSG00000163430_FSTL1	ENSG00000163430	FSTL1	921	50.86	354	191	20.74	GC1		slow	90
ENSG00000163435_ELF3	ENSG00000163435	ELF3	1119	60.93	559	319	28.51		80	fast	80
ENSG00000163440_PDCL2	ENSG00000163440	PDCL2	723	34.27	280	123	17.01	GC3		slow	90
ENSG00000163444_TMEM183A	ENSG00000163444	TMEM183A	1131	52.10	344	181	16.00	GC2		slow	80
ENSG00000163462_TRIM46	ENSG00000163462	TRIM46	2280	64.07	767	366	16.05		80	slow	70
ENSG00000163466_ARPC2	ENSG00000163466	ARPC2	903	47.54	215	91	10.08	GC2		slow	80
ENSG00000163468_CCT3	ENSG00000163468	CCT3	1638	50.90	607	357	21.79	GC2		slow	90
ENSG00000163472_TMEM79	ENSG00000163472	TMEM79	1185	64.72	645	368	31.05		70	fast	90
ENSG00000163481_RNF25	ENSG00000163481	RNF25	1380	58.47	758	432	31.30	GC1	70	slow	90
ENSG00000163482_STK36	ENSG00000163482	STK36	3948	57.56	2002	1144	28.98	GC1	80	fast	90
ENSG00000163485_ADORA1	ENSG00000163485	ADORA1	981	60.51	351	187	19.06			fast	80
ENSG00000163492_CCDC141	ENSG00000163492	CCDC141	4356	45.47	2494	1336	30.67	GC3	80	fast	80
ENSG00000163507_KIAA1524	ENSG00000163507	KIAA1524	2727	39.13	1168	598	21.93	GC3	80	slow	90
ENSG00000163508_EOMES	ENSG00000163508	EOMES	2109	57.51	694	310	14.70	GC1	70	slow	70
ENSG00000163512_AZI2	ENSG00000163512	AZI2	1182	40.74	587	326	27.58	GC3		slow	90
ENSG00000163513_TGFBR2	ENSG00000163513	TGFBR2	1713	55.19	676	445	25.98		70	fast	80
ENSG00000163516_ANKZF1	ENSG00000163516	ANKZF1	2181	57.84	1304	789	36.18	GC2	80	fast	90
ENSG00000163517_HDAC11	ENSG00000163517	HDAC11	1041	59.99	437	228	21.90			fast	80
ENSG00000163520_FBLN2	ENSG00000163520	FBLN2	3654	63.95	1875	1045	28.60		80	fast	70
ENSG00000163521_GLB1L	ENSG00000163521	GLB1L	1956	51.59	971	597	30.52	GC2		slow	90
ENSG00000163527_STT3B	ENSG00000163527	STT3B	2478	43.65	804	390	15.74	GC3		slow	90
ENSG00000163531_NFASC	ENSG00000163531	NFASC	4038	58.47	1499	716	17.73		80	slow	80
ENSG00000163536_SERPINI1	ENSG00000163536	SERPINI1	1233	41.51	534	271	21.98	GC3		slow	90
ENSG00000163539_CLASP2	ENSG00000163539	CLASP2	4353	45.35	1654	833	19.14	GC3		fast	90
ENSG00000163541_SUCLG1	ENSG00000163541	SUCLG1	1041	51.11	468	306	29.39	GC2	70	slow	90
ENSG00000163545_NUAK2	ENSG00000163545	NUAK2	1887	62.16	912	537	28.46		70	fast	80
ENSG00000163554_SPTA1	ENSG00000163554	SPTA1	7263	50.17	4373	2634	36.27	GC2	90	slow	70
ENSG00000163558_PRKCI	ENSG00000163558	PRKCI	1791	43.55	606	295	16.47	GC3		fast	90
ENSG00000163576_EFHB	ENSG00000163576	EFHB	2502	44.24	1641	903	36.09	GC3	80	fast	90
ENSG00000163581_SLC2A2	ENSG00000163581	SLC2A2	1575	46.63	867	547	34.73	GC2		fast	90
ENSG00000163590_PPM1L	ENSG00000163590	PPM1L	1083	50.69	254	130	12.00	GC1		fast	70
ENSG00000163596_ICA1L	ENSG00000163596	ICA1L	1452	44.15	790	387	26.65	GC3	70	slow	90
ENSG00000163599_CTLA4	ENSG00000163599	CTLA4	672	51.68	382	189	28.13	GC2		fast	80
ENSG00000163600_ICOS	ENSG00000163600	ICOS	603	40.53	437	292	48.42	GC3	70	fast	80
ENSG00000163602_RYBP	ENSG00000163602	RYBP	657	49.12	150	86	13.09	GC2		slow	90
ENSG00000163605_PPP4R2	ENSG00000163605	PPP4R2	1248	41.28	445	211	16.91	GC3		slow	70
ENSG00000163607_GTPBP8	ENSG00000163607	GTPBP8	855	47.45	520	343	40.12	GC2		fast	90
ENSG00000163608_C3orf17	ENSG00000163608	C3orf17	1704	41.75	1098	628	36.85	GC3	80	fast	90
ENSG00000163611_SPICE1	ENSG00000163611	SPICE1	2577	45.95	1539	855	33.18	GC3	80	fast	90
ENSG00000163617_KIAA1407	ENSG00000163617	KIAA1407	2754	47.31	1726	908	32.97	GC2	80	fast	90
ENSG00000163618_CADPS	ENSG00000163618	CADPS	4044	50.28	1185	618	15.28	GC2		slow	80
ENSG00000163624_CDS1	ENSG00000163624	CDS1	1386	43.45	512	252	18.18	GC3		slow	90
ENSG00000163625_WDFY3	ENSG00000163625	WDFY3	10584	48.43	3672	2261	21.36	GC2	80	slow	90
ENSG00000163626_COX18	ENSG00000163626	COX18	1002	53.21	557	347	34.63	GC2		fast	90
ENSG00000163629_PTPN13	ENSG00000163629	PTPN13	7473	44.96	3834	2090	27.97	GC3	80	fast	90
ENSG00000163630_SYNPR	ENSG00000163630	SYNPR	798	51.34	327	191	23.93	GC1		fast	90
ENSG00000163631_ALB	ENSG00000163631	ALB	1827	44.92	1160	797	43.62	GC3	70	fast	90
ENSG00000163634_THOC7	ENSG00000163634	THOC7	615	40.14	308	128	20.81	GC3		slow	80
ENSG00000163635_ATXN7	ENSG00000163635	ATXN7	2712	54.47	1414	539	19.87	GC2		slow	
ENSG00000163636_PSMD6	ENSG00000163636	PSMD6	1170	47.73	378	225	19.23	GC2		slow	90
ENSG00000163637_PRICKLE2	ENSG00000163637	PRICKLE2	2535	59.35	981	576	22.72		70	slow	90
ENSG00000163638_ADAMTS9	ENSG00000163638	ADAMTS9	5808	52.01	2761	1558	26.83	GC2	80	fast	90
ENSG00000163645_ERICH6	ENSG00000163645	ERICH6	1923	43.94	1388	926	48.15	GC3	70	fast	90
ENSG00000163646_CLRN1	ENSG00000163646	CLRN1	699	47.16	288	158	22.60	GC2		slow	70
ENSG00000163655_GMPS	ENSG00000163655	GMPS	2082	43.57	718	405	19.45	GC3	70	slow	80
ENSG00000163659_TIPARP	ENSG00000163659	TIPARP	1974	43.21	632	305	15.45	GC3		slow	90
ENSG00000163660_CCNL1	ENSG00000163660	CCNL1	1581	48.22	504	265	16.76	GC3		slow	90
ENSG00000163661_PTX3	ENSG00000163661	PTX3	1146	56.55	713	452	39.44	GC1		fast	90
ENSG00000163673_DCLK3	ENSG00000163673	DCLK3	1947	59.37	1146	732	37.60		70	fast	90
ENSG00000163681_SLMAP	ENSG00000163681	SLMAP	2442	43.24	661	299	12.24	GC3		slow	90
ENSG00000163686_ABHD6	ENSG00000163686	ABHD6	1014	52.82	435	258	25.44	GC1		slow	90
ENSG00000163687_DNASE1L3	ENSG00000163687	DNASE1L3	918	48.94	486	306	33.33	GC1		fast	90
ENSG00000163689_C3orf67	ENSG00000163689	C3orf67	1692	47.20	1010	571	33.75	GC3	70	fast	90
ENSG00000163694_RBM47	ENSG00000163694	RBM47	1779	62.95	572	308	17.31			slow	90
ENSG00000163697_APBB2	ENSG00000163697	APBB2	2280	53.48	857	538	23.60	GC1		slow	90
ENSG00000163701_IL17RE	ENSG00000163701	IL17RE	2004	61.24	1144	605	30.19	GC1	70	slow	
ENSG00000163702_IL17RC	ENSG00000163702	IL17RC	2151	64.00	1278	706	32.82		70	fast	80
ENSG00000163703_CRELD1	ENSG00000163703	CRELD1	1263	60.16	600	352	27.87	GC1		fast	80
ENSG00000163710_PCOLCE2	ENSG00000163710	PCOLCE2	1245	49.28	591	324	26.02	GC2		fast	90
ENSG00000163714_U2SURP	ENSG00000163714	U2SURP	3090	40.58	816	391	12.65	GC3		slow	90
ENSG00000163719_MTMR14	ENSG00000163719	MTMR14	1950	55.84	670	361	18.51	GC1	70	fast	90
ENSG00000163738_MTHFD2L	ENSG00000163738	MTHFD2L	870	44.83	387	199	22.87	GC3		fast	90
ENSG00000163743_RCHY1	ENSG00000163743	RCHY1	786	42.56	379	155	19.72	GC3		fast	90
ENSG00000163749_CCDC158	ENSG00000163749	CCDC158	3345	44.30	1513	837	25.02	GC3	70	slow	90
ENSG00000163754_GYG1	ENSG00000163754	GYG1	1053	48.13	467	257	24.41	GC2		fast	80
ENSG00000163755_HPS3	ENSG00000163755	HPS3	3015	46.54	1632	990	32.84	GC2	80	fast	90
ENSG00000163781_TOPBP1	ENSG00000163781	TOPBP1	4572	42.97	2448	1254	27.43	GC3	80	slow	90
ENSG00000163785_RYK	ENSG00000163785	RYK	1605	44.28	451	217	13.52	GC3		slow	90
ENSG00000163788_SNRK	ENSG00000163788	SNRK	2298	55.29	881	549	23.89	GC1	70	fast	90
ENSG00000163792_TCF23	ENSG00000163792	TCF23	645	65.42	406	213	33.02	GC1		fast	80
ENSG00000163795_ZNF513	ENSG00000163795	ZNF513	1626	63.80	460	176	10.82	GC1		slow	70
ENSG00000163798_SLC4A1AP	ENSG00000163798	SLC4A1AP	2229	50.41	1234	656	29.43	GC2		fast	90
ENSG00000163803_PLB1	ENSG00000163803	PLB1	4383	54.75	2589	1610	36.73	GC1	90	fast	80
ENSG00000163808_KIF15	ENSG00000163808	KIF15	4167	43.38	2147	1297	31.13	GC3	90	fast	90
ENSG00000163811_WDR43	ENSG00000163811	WDR43	2040	43.97	858	456	22.35	GC3	80	fast	90
ENSG00000163812_ZDHHC3	ENSG00000163812	ZDHHC3	978	53.80	283	124	12.68	GC1		slow	90
ENSG00000163814_CDCP1	ENSG00000163814	CDCP1	2511	57.06	1478	915	36.44		80	fast	90
ENSG00000163815_CLEC3B	ENSG00000163815	CLEC3B	609	64.34	255	132	21.67			slow	80
ENSG00000163820_FYCO1	ENSG00000163820	FYCO1	4437	60.85	2819	1661	37.44		80	fast	90
ENSG00000163827_LRRC2	ENSG00000163827	LRRC2	1116	45.51	646	355	31.81	GC2		slow	90
ENSG00000163832_ELP6	ENSG00000163832	ELP6	801	57.54	427	266	33.21	GC1	70	fast	90
ENSG00000163833_FBXO40	ENSG00000163833	FBXO40	2136	50.68	1040	663	31.04	GC2	90	slow	90
ENSG00000163840_DTX3L	ENSG00000163840	DTX3L	2220	44.45	1646	1028	46.31	GC3	70	fast	70
ENSG00000163848_ZNF148	ENSG00000163848	ZNF148	2385	42.50	744	321	13.46	GC3		slow	90
ENSG00000163864_NMNAT3	ENSG00000163864	NMNAT3	759	59.49	502	247	32.54			slow	70
ENSG00000163870_TPRA1	ENSG00000163870	TPRA1	1122	60.45	416	216	19.25			slow	80
ENSG00000163872_YEATS2	ENSG00000163872	YEATS2	4236	49.70	2002	1067	25.19	GC3	80	fast	90
ENSG00000163873_GRIK3	ENSG00000163873	GRIK3	2676	58.12	836	391	14.61		70	slow	80
ENSG00000163874_ZC3H12A	ENSG00000163874	ZC3H12A	1800	64.30	882	513	28.50		80	slow	70
ENSG00000163877_SNIP1	ENSG00000163877	SNIP1	1191	56.86	600	359	30.14	GC2	70	slow	80
ENSG00000163879_DNALI1	ENSG00000163879	DNALI1	825	57.60	297	155	18.79	GC1		slow	80
ENSG00000163884_KLF15	ENSG00000163884	KLF15	1245	64.62	681	400	32.13			fast	90
ENSG00000163898_LIPH	ENSG00000163898	LIPH	1356	45.87	785	475	35.03	GC2		fast	90
ENSG00000163900_TMEM41A	ENSG00000163900	TMEM41A	795	52.83	379	223	28.05	GC1		fast	90
ENSG00000163902_RPN1	ENSG00000163902	RPN1	1824	53.02	710	368	20.18	GC1	70	fast	80
ENSG00000163904_SENP2	ENSG00000163904	SENP2	1770	44.77	692	339	19.15	GC3	80	slow	80
ENSG00000163913_IFT122	ENSG00000163913	IFT122	3726	53.47	1506	788	21.15	GC1	70	fast	90
ENSG00000163914_RHO	ENSG00000163914	RHO	1047	57.89	346	187	17.86			slow	80
ENSG00000163918_RFC4	ENSG00000163918	RFC4	1095	42.45	482	270	24.66	GC3		slow	90
ENSG00000163930_BAP1	ENSG00000163930	BAP1	2190	58.63	847	460	21.00	GC1		fast	90
ENSG00000163931_TKT	ENSG00000163931	TKT	1872	58.93	748	446	23.82			slow	90
ENSG00000163932_PRKCD	ENSG00000163932	PRKCD	2031	54.58	805	474	23.34		70	fast	90
ENSG00000163935_SFMBT1	ENSG00000163935	SFMBT1	2601	48.63	1082	629	24.18	GC2	80	slow	90
ENSG00000163938_GNL3	ENSG00000163938	GNL3	1650	44.68	965	608	36.85	GC3	80	fast	90
ENSG00000163939_PBRM1	ENSG00000163939	PBRM1	5070	45.15	1545	786	15.50	GC3	80	slow	90
ENSG00000163945_UVSSA	ENSG00000163945	UVSSA	2112	62.59	1454	903	42.76		80	fast	70
ENSG00000163946_FAM208A	ENSG00000163946	FAM208A	4740	38.51	2119	944	19.92	GC3	80	slow	80
ENSG00000163947_ARHGEF3	ENSG00000163947	ARHGEF3	1626	50.73	664	413	25.40	GC2		slow	90
ENSG00000163959_SLC51A	ENSG00000163959	SLC51A	1023	53.32	549	352	34.41	GC1		slow	90
ENSG00000163960_UBXN7	ENSG00000163960	UBXN7	1467	45.22	414	198	13.50	GC3		slow	90
ENSG00000163961_RNF168	ENSG00000163961	RNF168	1716	42.48	1057	530	30.89	GC3	70	fast	70
ENSG00000163964_PIGX	ENSG00000163964	PIGX	777	43.28	438	219	28.19	GC3		fast	90
ENSG00000163975_MFI2	ENSG00000163975	MFI2	2214	62.03	1075	616	27.82			fast	90
ENSG00000163982_OTOP1	ENSG00000163982	OTOP1	1809	58.02	981	633	34.99			fast	80
ENSG00000164010_ERMAP	ENSG00000164010	ERMAP	1428	56.42	934	530	37.11	GC1	80	fast	80
ENSG00000164011_ZNF691	ENSG00000164011	ZNF691	876	58.89	423	261	29.79	GC1	70	slow	80
ENSG00000164023_SGMS2	ENSG00000164023	SGMS2	1098	46.13	396	276	25.14	GC2		slow	90
ENSG00000164024_METAP1	ENSG00000164024	METAP1	1161	46.44	437	197	16.97	GC3		fast	90
ENSG00000164031_DNAJB14	ENSG00000164031	DNAJB14	1140	40.35	337	151	13.25	GC3		slow	80
ENSG00000164038_SLC9B2	ENSG00000164038	SLC9B2	1614	46.61	938	477	29.55	GC3		slow	70
ENSG00000164045_CDC25A	ENSG00000164045	CDC25A	1578	51.49	735	365	23.13	GC2	70	fast	90
ENSG00000164050_PLXNB1	ENSG00000164050	PLXNB1	6408	62.44	2845	1550	24.19		70	fast	80
ENSG00000164051_CCDC51	ENSG00000164051	CCDC51	1233	59.18	681	352	28.55	GC1	70	slow	80
ENSG00000164061_BSN	ENSG00000164061	BSN	11574	64.85	5180	2799	24.18	GC1	90	fast	80
ENSG00000164062_APEH	ENSG00000164062	APEH	2199	58.68	838	462	21.01	GC1	80	slow	80
ENSG00000164068_RNF123	ENSG00000164068	RNF123	3945	59.99	1652	860	21.80		70	fast	80
ENSG00000164076_CAMKV	ENSG00000164076	CAMKV	1506	57.49	554	295	19.59	GC1		slow	80
ENSG00000164077_MON1A	ENSG00000164077	MON1A	1668	62.74	596	330	19.78		80	slow	90
ENSG00000164078_MST1R	ENSG00000164078	MST1R	4203	61.51	2706	1699	40.42	GC1	90	fast	90
ENSG00000164080_RAD54L2	ENSG00000164080	RAD54L2	4284	55.09	1567	805	18.79	GC1	90	fast	90
ENSG00000164081_TEX264	ENSG00000164081	TEX264	942	61.22	554	258	27.39	GC1		fast	80
ENSG00000164082_GRM2	ENSG00000164082	GRM2	2619	62.74	987	517	19.74		70	slow	90
ENSG00000164086_DUSP7	ENSG00000164086	DUSP7	1107	62.23	251	130	11.74			slow	80
ENSG00000164087_POC1A	ENSG00000164087	POC1A	1224	58.05	499	289	23.61	GC1		fast	80
ENSG00000164088_PPM1M	ENSG00000164088	PPM1M	1212	59.51	601	311	25.66	GC1		fast	90
ENSG00000164089_ETNPPL	ENSG00000164089	ETNPPL	1500	46.79	888	457	30.47	GC3	70	fast	90
ENSG00000164093_PITX2	ENSG00000164093	PITX2	978	60.50	322	207	21.17			slow	90
ENSG00000164099_PRSS12	ENSG00000164099	PRSS12	2628	55.67	1452	878	33.41	GC2	80	fast	90
ENSG00000164100_NDST3	ENSG00000164100	NDST3	2622	45.03	995	555	21.17	GC2	80	slow	90
ENSG00000164104_HMGB2	ENSG00000164104	HMGB2	630	46.78	171	99	15.71	GC2		slow	70
ENSG00000164111_ANXA5	ENSG00000164111	ANXA5	966	46.22	373	212	21.95	GC3		slow	90
ENSG00000164113_ADAD1	ENSG00000164113	ADAD1	1734	40.67	766	398	22.95	GC3	70	slow	90
ENSG00000164116_GUCY1A3	ENSG00000164116	GUCY1A3	2073	48.81	997	667	32.18	GC2	80	slow	90
ENSG00000164117_FBXO8	ENSG00000164117	FBXO8	960	42.85	254	149	15.52	GC3		slow	90
ENSG00000164118_CEP44	ENSG00000164118	CEP44	1170	38.43	759	419	35.81	GC3	70	fast	90
ENSG00000164120_HPGD	ENSG00000164120	HPGD	801	44.01	371	210	26.22	GC3		fast	90
ENSG00000164122_ASB5	ENSG00000164122	ASB5	990	48.43	448	306	30.91	GC3		slow	90
ENSG00000164124_TMEM144	ENSG00000164124	TMEM144	1047	43.06	536	315	30.09	GC3	70	fast	90
ENSG00000164125_FAM198B	ENSG00000164125	FAM198B	1560	54.83	984	576	36.92	GC1	70	fast	90
ENSG00000164128_NPY1R	ENSG00000164128	NPY1R	1152	42.10	473	292	25.35	GC2	70	slow	90
ENSG00000164129_NPY5R	ENSG00000164129	NPY5R	1338	40.80	623	350	26.16	GC3		slow	70
ENSG00000164134_NAA15	ENSG00000164134	NAA15	2601	38.51	690	327	12.57	GC3	70	slow	90
ENSG00000164161_HHIP	ENSG00000164161	HHIP	2103	48.53	878	429	20.40	GC2		fast	90
ENSG00000164163_ABCE1	ENSG00000164163	ABCE1	1800	39.60	478	260	14.44	GC3	70	slow	90
ENSG00000164164_OTUD4	ENSG00000164164	OTUD4	3339	47.40	1884	994	29.77	GC3	90	slow	90
ENSG00000164168_TMEM184C	ENSG00000164168	TMEM184C	1317	41.85	668	278	21.11	GC3		slow	70
ENSG00000164169_PRMT9	ENSG00000164169	PRMT9	2541	44.64	1171	666	26.21	GC3	80	slow	90
ENSG00000164171_ITGA2	ENSG00000164171	ITGA2	3540	43.34	1740	993	28.05	GC3	80	fast	90
ENSG00000164176_EDIL3	ENSG00000164176	EDIL3	1443	45.53	534	293	20.30	GC3		fast	90
ENSG00000164180_TMEM161B	ENSG00000164180	TMEM161B	1464	40.56	551	235	16.05	GC3		slow	90
ENSG00000164181_ELOVL7	ENSG00000164181	ELOVL7	846	41.76	370	184	21.75	GC2		slow	90
ENSG00000164187_LMBRD2	ENSG00000164187	LMBRD2	2088	39.53	707	382	18.30	GC3	70	slow	90
ENSG00000164188_RANBP3L	ENSG00000164188	RANBP3L	1434	40.57	968	557	38.84	GC3	70	fast	90
ENSG00000164190_NIPBL	ENSG00000164190	NIPBL	8415	40.32	2335	1061	12.61	GC3	80	slow	90
ENSG00000164197_RNF180	ENSG00000164197	RNF180	1779	43.09	850	372	20.91	GC3	80	slow	90
ENSG00000164199_GPR98	ENSG00000164199	GPR98	18927	43.90	9613	5120	27.05	GC3	90	fast	90
ENSG00000164209_SLC25A46	ENSG00000164209	SLC25A46	1257	47.73	527	308	24.50	GC3	80	slow	90
ENSG00000164211_STARD4	ENSG00000164211	STARD4	618	42.25	275	170	27.51	GC3	70	fast	90
ENSG00000164219_PGGT1B	ENSG00000164219	PGGT1B	1134	45.91	404	205	18.08	GC3		slow	90
ENSG00000164221_CCDC112	ENSG00000164221	CCDC112	1587	40.14	800	422	26.59	GC3	70	fast	90
ENSG00000164237_CMBL	ENSG00000164237	CMBL	738	48.25	321	181	24.53	GC2		fast	
ENSG00000164244_PRRC1	ENSG00000164244	PRRC1	1338	51.35	738	436	32.59	GC3		fast	90
ENSG00000164251_F2RL1	ENSG00000164251	F2RL1	1194	50.45	610	390	32.66	GC1	70	slow	90
ENSG00000164252_AGGF1	ENSG00000164252	AGGF1	2145	41.96	978	495	23.08	GC3	80	fast	90
ENSG00000164253_WDR41	ENSG00000164253	WDR41	1380	43.12	611	307	22.25	GC3	80	slow	90
ENSG00000164270_HTR4	ENSG00000164270	HTR4	1167	50.66	439	217	18.59	GC1		slow	90
ENSG00000164284_GRPEL2	ENSG00000164284	GRPEL2	678	53.31	331	194	28.61	GC2	70	slow	90
ENSG00000164287_CDC20B	ENSG00000164287	CDC20B	1560	48.56	899	443	28.40	GC2	70	fast	70
ENSG00000164291_ARSK	ENSG00000164291	ARSK	1611	42.18	764	428	26.57	GC3	70	slow	90
ENSG00000164292_RHOBTB3	ENSG00000164292	RHOBTB3	1836	45.86	637	382	20.81	GC2		slow	90
ENSG00000164299_SPZ1	ENSG00000164299	SPZ1	1158	41.05	985	667	57.60	GC3	80	fast	90
ENSG00000164300_SERINC5	ENSG00000164300	SERINC5	1386	50.85	695	423	30.52	GC1	70	fast	90
ENSG00000164303_ENPP6	ENSG00000164303	ENPP6	1323	53.86	660	420	31.75	GC1		fast	90
ENSG00000164304_CAGE1	ENSG00000164304	CAGE1	2604	40.73	1921	1140	43.78	GC3	90	fast	80
ENSG00000164305_CASP3	ENSG00000164305	CASP3	834	40.64	452	270	32.37	GC3		fast	90
ENSG00000164306_PRIMPOL	ENSG00000164306	PRIMPOL	1674	38.83	1020	616	36.80	GC3	80	slow	90
ENSG00000164307_ERAP1	ENSG00000164307	ERAP1	2829	45.29	1480	906	32.03	GC2	80	slow	90
ENSG00000164309_CMYA5	ENSG00000164309	CMYA5	11853	42.61	7885	4281	36.12	GC3	90	fast	80
ENSG00000164318_EGFLAM	ENSG00000164318	EGFLAM	3054	53.75	1581	835	27.34	GC1	80	fast	90
ENSG00000164323_CFAP97	ENSG00000164323	CFAP97	1593	40.42	983	573	35.97	GC3	80	fast	80
ENSG00000164325_TMEM174	ENSG00000164325	TMEM174	732	56.46	379	236	32.24	GC1	80	slow	90
ENSG00000164327_RICTOR	ENSG00000164327	RICTOR	5127	41.51	1942	966	18.84	GC3	80	slow	90
ENSG00000164329_PAPD4	ENSG00000164329	PAPD4	1455	40.14	509	191	13.13	GC3		slow	90
ENSG00000164330_EBF1	ENSG00000164330	EBF1	1776	54.18	376	219	12.33	GC1		slow	70
ENSG00000164331_ANKRA2	ENSG00000164331	ANKRA2	942	42.85	330	161	17.09	GC3		slow	90
ENSG00000164332_UBLCP1	ENSG00000164332	UBLCP1	957	39.04	255	153	15.99	GC3		slow	90
ENSG00000164334_FAM170A	ENSG00000164334	FAM170A	990	55.05	660	382	38.59	GC1		fast	90
ENSG00000164338_UTP15	ENSG00000164338	UTP15	1557	42.04	683	391	25.11	GC3	70	slow	90
ENSG00000164342_TLR3	ENSG00000164342	TLR3	2718	40.30	1608	1046	38.48	GC3	90	slow	90
ENSG00000164344_KLKB1	ENSG00000164344	KLKB1	1917	44.89	1195	803	41.89	GC3	80	fast	90
ENSG00000164347_GFM2	ENSG00000164347	GFM2	2334	43.98	1180	671	28.75	GC3	70	slow	90
ENSG00000164363_SLC6A18	ENSG00000164363	SLC6A18	1839	61.48	1061	630	34.26		70	fast	70
ENSG00000164366_CCDC127	ENSG00000164366	CCDC127	783	51.79	425	289	36.91	GC2		fast	90
ENSG00000164393_GPR111	ENSG00000164393	GPR111	1917	48.30	1179	804	41.94	GC2	70	fast	90
ENSG00000164398_ACSL6	ENSG00000164398	ACSL6	2169	52.44	856	554	25.54	GC1	70	fast	90
ENSG00000164403_SHROOM1	ENSG00000164403	SHROOM1	2556	64.62	1947	1127	44.09	GC1	80	fast	80
ENSG00000164404_GDF9	ENSG00000164404	GDF9	1362	49.74	925	560	41.12	GC2	80	slow	90
ENSG00000164418_GRIK2	ENSG00000164418	GRIK2	2724	45.39	805	438	16.08	GC2	70	slow	90
ENSG00000164430_MB21D1	ENSG00000164430	MB21D1	1578	49.69	1119	729	46.20	GC2		fast	80
ENSG00000164440_TXLNB	ENSG00000164440	TXLNB	2070	51.66	1306	889	42.95	GC2	80	fast	90
ENSG00000164451_FAM26D	ENSG00000164451	FAM26D	945	49.14	611	392	41.48	GC2	70	slow	90
ENSG00000164463_CREBRF	ENSG00000164463	CREBRF	1920	45.25	824	379	19.74	GC3		slow	90
ENSG00000164465_DCBLD1	ENSG00000164465	DCBLD1	2034	51.11	1150	666	32.74	GC2	80	fast	90
ENSG00000164466_SFXN1	ENSG00000164466	SFXN1	969	47.92	346	232	23.94	GC2		fast	80
ENSG00000164483_SAMD3	ENSG00000164483	SAMD3	1563	42.52	871	458	29.30	GC3	70	fast	90
ENSG00000164484_TMEM200A	ENSG00000164484	TMEM200A	1476	46.92	650	432	29.27	GC2		slow	90
ENSG00000164485_IL22RA2	ENSG00000164485	IL22RA2	696	44.64	485	315	45.26	GC3	70	fast	90
ENSG00000164494_PDSS2	ENSG00000164494	PDSS2	1203	48.26	544	228	18.95	GC2		fast	90
ENSG00000164506_STXBP5	ENSG00000164506	STXBP5	3459	46.24	1299	774	22.38	GC3		fast	90
ENSG00000164509_IL31RA	ENSG00000164509	IL31RA	2193	46.01	1593	990	45.14	GC2	70	fast	90
ENSG00000164512_ANKRD55	ENSG00000164512	ANKRD55	1845	51.63	912	502	27.21	GC2	70	slow	90
ENSG00000164530_PI16	ENSG00000164530	PI16	1392	59.51	1015	586	42.10	GC1	70	fast	70
ENSG00000164532_TBX20	ENSG00000164532	TBX20	1344	53.97	493	272	20.24	GC1		slow	90
ENSG00000164535_DAGLB	ENSG00000164535	DAGLB	2019	57.21	1109	740	36.65	GC1	70	fast	90
ENSG00000164542_KIAA0895	ENSG00000164542	KIAA0895	1416	45.86	722	404	28.53	GC2		slow	80
ENSG00000164548_TRA2A	ENSG00000164548	TRA2A	849	47.24	268	115	13.55	GC3		slow	90
ENSG00000164574_GALNT10	ENSG00000164574	GALNT10	1692	57.37	621	349	20.63		70	slow	90
ENSG00000164588_HCN1	ENSG00000164588	HCN1	2604	51.47	1005	495	19.01	GC2	70	fast	90
ENSG00000164591_MYOZ3	ENSG00000164591	MYOZ3	738	62.63	447	266	36.04		70	fast	90
ENSG00000164597_COG5	ENSG00000164597	COG5	2571	44.60	1080	536	20.85	GC3	80	fast	90
ENSG00000164600_NEUROD6	ENSG00000164600	NEUROD6	1014	48.11	199	87	8.58	GC2		slow	70
ENSG00000164603_C7orf60	ENSG00000164603	C7orf60	1218	43.34	392	174	14.29	GC3		slow	90
ENSG00000164604_GPR85	ENSG00000164604	GPR85	1113	47.10	202	76	6.83	GC2		slow	80
ENSG00000164609_SLU7	ENSG00000164609	SLU7	1761	43.63	546	331	18.80	GC3	70	slow	90
ENSG00000164615_CAMLG	ENSG00000164615	CAMLG	891	48.99	383	180	20.20	GC2		fast	80
ENSG00000164619_BMPER	ENSG00000164619	BMPER	2058	53.25	775	430	20.89	GC1	70	slow	90
ENSG00000164620_RELL2	ENSG00000164620	RELL2	912	60.97	373	191	20.94	GC1	70	slow	90
ENSG00000164626_KCNK5	ENSG00000164626	KCNK5	1500	59.30	608	370	24.67		70	slow	80
ENSG00000164627_KIF6	ENSG00000164627	KIF6	2376	46.14	1152	593	24.96	GC2	70	slow	70
ENSG00000164631_ZNF12	ENSG00000164631	ZNF12	2091	42.78	874	502	24.01	GC3	70	slow	70
ENSG00000164649_CDCA7L	ENSG00000164649	CDCA7L	1368	51.04	747	455	33.26	GC2		fast	90
ENSG00000164654_MIOS	ENSG00000164654	MIOS	2628	41.51	763	437	16.63	GC3	80	slow	90
ENSG00000164663_USP49	ENSG00000164663	USP49	2067	57.88	730	353	17.08	GC1	70	fast	90
ENSG00000164674_SYTL3	ENSG00000164674	SYTL3	1833	55.03	1170	715	39.01	GC1	80	fast	90
ENSG00000164675_IQUB	ENSG00000164675	IQUB	2379	39.88	1541	992	41.70	GC3	80	fast	90
ENSG00000164683_HEY1	ENSG00000164683	HEY1	915	60.04	313	165	18.03	GC1		fast	90
ENSG00000164684_ZNF704	ENSG00000164684	ZNF704	1242	57.20	523	297	23.91	GC1	70	fast	90
ENSG00000164692_COL1A2	ENSG00000164692	COL1A2	4101	59.18	1661	980	23.90	GC3	90	slow	90
ENSG00000164694_FNDC1	ENSG00000164694	FNDC1	5568	58.40	3621	2394	43.00	GC1	80	fast	90
ENSG00000164695_CHMP4C	ENSG00000164695	CHMP4C	702	50.41	319	179	25.50	GC2		slow	90
ENSG00000164707_SLC13A4	ENSG00000164707	SLC13A4	1884	56.65	777	435	23.09		70	fast	90
ENSG00000164708_PGAM2	ENSG00000164708	PGAM2	762	62.40	254	146	19.16			slow	80
ENSG00000164715_LMTK2	ENSG00000164715	LMTK2	4494	54.37	2683	1924	42.81	GC2	90	fast	90
ENSG00000164733_CTSB	ENSG00000164733	CTSB	1020	56.33	488	317	31.08	GC1	70	fast	80
ENSG00000164741_DLC1	ENSG00000164741	DLC1	4587	52.84	2195	1235	26.92	GC1	70	fast	80
ENSG00000164742_ADCY1	ENSG00000164742	ADCY1	3249	60.39	1626	864	26.59		80	fast	90
ENSG00000164743_C8orf48	ENSG00000164743	C8orf48	846	45.65	604	326	38.53	GC3		fast	
ENSG00000164744_SUN3	ENSG00000164744	SUN3	1080	45.33	643	421	38.98	GC2	80	fast	80
ENSG00000164746_C7orf57	ENSG00000164746	C7orf57	882	56.12	573	390	44.22	GC1	80	fast	90
ENSG00000164749_HNF4G	ENSG00000164749	HNF4G	1341	45.30	481	308	22.97	GC3		slow	90
ENSG00000164751_PEX2	ENSG00000164751	PEX2	918	47.28	450	297	32.35	GC2	70	slow	80
ENSG00000164754_RAD21	ENSG00000164754	RAD21	1896	44.87	566	330	17.41	GC3	70	slow	90
ENSG00000164756_SLC30A8	ENSG00000164756	SLC30A8	1110	50.52	613	336	30.27	GC2	70	fast	90
ENSG00000164761_TNFRSF11B	ENSG00000164761	TNFRSF11B	1206	48.49	604	372	30.85	GC2	70	slow	90
ENSG00000164764_SBSPON	ENSG00000164764	SBSPON	795	60.87	330	170	21.38	GC1		fast	80
ENSG00000164776_PHKG1	ENSG00000164776	PHKG1	1164	56.99	415	259	22.25			slow	90
ENSG00000164794_KCNV1	ENSG00000164794	KCNV1	1503	54.97	533	290	19.29	GC1		slow	90
ENSG00000164796_CSMD3	ENSG00000164796	CSMD3	11124	42.95	3675	1743	15.67	GC3	80	fast	90
ENSG00000164808_SPIDR	ENSG00000164808	SPIDR	2718	51.08	1851	1090	40.10	GC2	80	fast	
ENSG00000164815_ORC5	ENSG00000164815	ORC5	1308	38.81	492	268	20.49	GC3		slow	90
ENSG00000164818_DNAAF5	ENSG00000164818	DNAAF5	2286	63.73	1436	875	38.28		70	fast	80
ENSG00000164828_SUN1	ENSG00000164828	SUN1	2469	56.68	1638	1186	48.04	GC1	70	fast	80
ENSG00000164830_OXR1	ENSG00000164830	OXR1	2472	41.29	1066	527	21.32	GC3	70	fast	90
ENSG00000164841_TMEM74	ENSG00000164841	TMEM74	918	52.06	502	288	31.37	GC2	80	slow	90
ENSG00000164867_NOS3	ENSG00000164867	NOS3	3606	64.14	1366	770	21.35		70	fast	90
ENSG00000164879_CA3	ENSG00000164879	CA3	783	55.38	370	218	27.84	GC1		slow	90
ENSG00000164880_INTS1	ENSG00000164880	INTS1	6579	64.42	2917	1530	23.26		80	fast	70
ENSG00000164885_CDK5	ENSG00000164885	CDK5	879	54.64	284	137	15.59	GC1		slow	80
ENSG00000164902_PHAX	ENSG00000164902	PHAX	1185	44.13	506	280	23.63	GC3		slow	80
ENSG00000164904_ALDH7A1	ENSG00000164904	ALDH7A1	1611	50.29	678	341	21.17	GC2		fast	90
ENSG00000164916_FOXK1	ENSG00000164916	FOXK1	1764	65.97	762	462	26.19		80	fast	80
ENSG00000164920_OSR2	ENSG00000164920	OSR2	939	57.18	257	102	10.86	GC1		slow	80
ENSG00000164930_FZD6	ENSG00000164930	FZD6	2121	44.23	980	606	28.57	GC3	70	slow	90
ENSG00000164933_SLC25A32	ENSG00000164933	SLC25A32	948	45.23	421	235	24.79	GC3		slow	90
ENSG00000164934_DCAF13	ENSG00000164934	DCAF13	1338	41.90	541	264	19.73	GC3		slow	90
ENSG00000164935_DCSTAMP	ENSG00000164935	DCSTAMP	1413	49.04	901	559	39.56	GC2	80	fast	90
ENSG00000164938_TP53INP1	ENSG00000164938	TP53INP1	723	47.74	338	183	25.31	GC3		slow	90
ENSG00000164941_INTS8	ENSG00000164941	INTS8	2988	41.37	1023	513	17.17	GC3	70	slow	90
ENSG00000164944_KIAA1429	ENSG00000164944	KIAA1429	5439	42.94	1677	861	15.83	GC3	80	slow	90
ENSG00000164946_FREM1	ENSG00000164946	FREM1	6540	48.96	3705	2137	32.68	GC2	90	fast	90
ENSG00000164949_GEM	ENSG00000164949	GEM	891	57.44	316	170	19.08			slow	90
ENSG00000164953_TMEM67	ENSG00000164953	TMEM67	2988	41.45	1402	692	23.16	GC3	80	slow	90
ENSG00000164961_KIAA0196	ENSG00000164961	KIAA0196	3480	44.46	1210	755	21.70	GC2	70	slow	90
ENSG00000164972_C9orf24	ENSG00000164972	C9orf24	789	57.34	536	288	36.50	GC1	70	fast	90
ENSG00000164975_SNAPC3	ENSG00000164975	SNAPC3	1239	49.32	565	354	28.57	GC2		slow	90
ENSG00000164976_KIAA1161	ENSG00000164976	KIAA1161	2145	64.26	781	441	20.56		70	slow	
ENSG00000164983_TMEM65	ENSG00000164983	TMEM65	702	51.73	212	56	7.98	GC2		slow	
ENSG00000164985_PSIP1	ENSG00000164985	PSIP1	1593	39.94	601	252	15.82	GC3		slow	90
ENSG00000164989_CCDC171	ENSG00000164989	CCDC171	3978	42.90	1759	872	21.92	GC3	80	fast	90
ENSG00000165006_UBAP1	ENSG00000165006	UBAP1	1509	48.81	533	248	16.43	GC2	80	slow	80
ENSG00000165023_DIRAS2	ENSG00000165023	DIRAS2	600	58.23	159	100	16.67			slow	80
ENSG00000165025_SYK	ENSG00000165025	SYK	1908	53.32	757	530	27.78	GC1	70	fast	90
ENSG00000165029_ABCA1	ENSG00000165029	ABCA1	6786	51.50	2754	1541	22.71	GC1	80	slow	90
ENSG00000165046_LETM2	ENSG00000165046	LETM2	1473	45.90	808	435	29.53	GC3	70	fast	90
ENSG00000165061_ZMAT4	ENSG00000165061	ZMAT4	690	48.39	244	140	20.29	GC2		slow	90
ENSG00000165071_TMEM71	ENSG00000165071	TMEM71	885	48.60	695	453	51.19	GC2	70	fast	90
ENSG00000165072_MAMDC2	ENSG00000165072	MAMDC2	2061	48.61	967	541	26.25	GC2	80	fast	90
ENSG00000165076_PRSS37	ENSG00000165076	PRSS37	708	49.64	401	282	39.83	GC1		slow	90
ENSG00000165078_CPA6	ENSG00000165078	CPA6	1317	44.29	595	306	23.23	GC3	70	fast	90
ENSG00000165084_C8orf34	ENSG00000165084	C8orf34	1356	44.10	569	274	20.21	GC3	80	fast	90
ENSG00000165091_TMC1	ENSG00000165091	TMC1	2283	45.18	963	548	24.00	GC2	70	slow	90
ENSG00000165097_KDM1B	ENSG00000165097	KDM1B	2463	49.95	982	582	23.63	GC2	70	fast	80
ENSG00000165102_HGSNAT	ENSG00000165102	HGSNAT	1794	49.65	889	578	32.22	GC2	70	fast	80
ENSG00000165105_RASEF	ENSG00000165105	RASEF	2223	50.47	1170	611	27.49	GC2	80	fast	90
ENSG00000165113_GKAP1	ENSG00000165113	GKAP1	1101	37.60	329	158	14.35	GC3		slow	90
ENSG00000165115_KIF27	ENSG00000165115	KIF27	4206	41.58	2167	1054	25.06	GC3	90	fast	90
ENSG00000165118_C9orf64	ENSG00000165118	C9orf64	1026	49.68	595	333	32.46	GC2	70	fast	90
ENSG00000165120_SSMEM1	ENSG00000165120	SSMEM1	735	45.00	469	258	35.10	GC3		slow	80
ENSG00000165124_SVEP1	ENSG00000165124	SVEP1	10692	49.23	5310	3054	28.56	GC3	90	fast	90
ENSG00000165125_TRPV6	ENSG00000165125	TRPV6	2178	58.42	1039	567	26.03		70	fast	80
ENSG00000165138_ANKS6	ENSG00000165138	ANKS6	2439	60.26	1129	623	25.54	GC1		fast	90
ENSG00000165140_FBP1	ENSG00000165140	FBP1	1017	52.51	434	279	27.43	GC1		fast	90
ENSG00000165152_TMEM246	ENSG00000165152	TMEM246	1212	59.06	411	245	20.21			slow	70
ENSG00000165156_ZHX1	ENSG00000165156	ZHX1	2622	43.51	1145	668	25.48	GC3	70	slow	90
ENSG00000165164_CXorf22	ENSG00000165164	CXorf22	2871	39.37	1953	1198	41.73	GC3	80	fast	90
ENSG00000165168_CYBB	ENSG00000165168	CYBB	1713	47.83	714	442	25.80	GC2	70	slow	90
ENSG00000165171_WBSCR27	ENSG00000165171	WBSCR27	729	64.51	437	222	30.45			slow	
ENSG00000165181_C9orf84	ENSG00000165181	C9orf84	4533	36.85	3085	1622	35.78	GC3	80	fast	80
ENSG00000165185_KIAA1958	ENSG00000165185	KIAA1958	2112	52.73	1039	812	38.45	GC2		slow	80
ENSG00000165186_PTCHD1	ENSG00000165186	PTCHD1	2667	48.43	575	281	10.54	GC1		slow	90
ENSG00000165192_ASB11	ENSG00000165192	ASB11	972	51.87	450	275	28.29	GC2	70	slow	90
ENSG00000165194_PCDH19	ENSG00000165194	PCDH19	3438	55.69	1199	719	20.91	GC1	70	slow	90
ENSG00000165195_PIGA	ENSG00000165195	PIGA	1458	45.27	607	374	25.65	GC3	80	slow	90
ENSG00000165197_FIGF	ENSG00000165197	FIGF	1065	51.22	517	312	29.30	GC2	70	fast	90
ENSG00000165209_STRBP	ENSG00000165209	STRBP	2019	44.18	519	218	10.80	GC3		slow	90
ENSG00000165219_GAPVD1	ENSG00000165219	GAPVD1	4383	47.14	1447	842	19.21	GC3	80	slow	90
ENSG00000165238_WNK2	ENSG00000165238	WNK2	6162	63.86	3564	2184	35.44	GC1	90	slow	
ENSG00000165240_ATP7A	ENSG00000165240	ATP7A	4503	42.12	1764	813	18.05	GC3	80	fast	90
ENSG00000165244_ZNF367	ENSG00000165244	ZNF367	1026	59.25	599	313	30.51	GC1		fast	90
ENSG00000165259_HDX	ENSG00000165259	HDX	2085	40.34	804	324	15.54	GC3	80	fast	80
ENSG00000165271_NOL6	ENSG00000165271	NOL6	3441	60.22	1708	944	27.43	GC1	80	fast	90
ENSG00000165272_AQP3	ENSG00000165272	AQP3	879	60.47	359	193	21.96			fast	90
ENSG00000165275_TRMT10B	ENSG00000165275	TRMT10B	951	44.95	513	259	27.23	GC3		fast	90
ENSG00000165280_VCP	ENSG00000165280	VCP	2421	50.61	683	418	17.27	GC2	80	slow	90
ENSG00000165282_PIGO	ENSG00000165282	PIGO	3270	57.44	1646	947	28.96	GC1	80	slow	90
ENSG00000165288_BRWD3	ENSG00000165288	BRWD3	5406	43.06	1655	738	13.65	GC3	80	slow	90
ENSG00000165300_SLITRK5	ENSG00000165300	SLITRK5	2877	55.97	990	492	17.10	GC1	70	slow	90
ENSG00000165304_MELK	ENSG00000165304	MELK	1956	42.84	836	410	20.96	GC3	70	slow	80
ENSG00000165309_ARMC3	ENSG00000165309	ARMC3	2625	45.24	1497	901	34.32	GC3	70	fast	90
ENSG00000165322_ARHGAP12	ENSG00000165322	ARHGAP12	2541	42.54	945	544	21.41	GC3	80	slow	90
ENSG00000165323_FAT3	ENSG00000165323	FAT3	13770	51.57	6121	3358	24.39	GC1	90	slow	70
ENSG00000165325_CCDC67	ENSG00000165325	CCDC67	1815	40.71	981	579	31.90	GC3	70	fast	90
ENSG00000165338_HECTD2	ENSG00000165338	HECTD2	2193	38.90	720	352	16.05	GC3	70	slow	90
ENSG00000165355_FBXO33	ENSG00000165355	FBXO33	1659	51.26	569	230	13.86	GC2		fast	80
ENSG00000165359_DDX26B	ENSG00000165359	DDX26B	2586	42.86	1062	504	19.49	GC3	70	slow	90
ENSG00000165376_CLDN2	ENSG00000165376	CLDN2	693	55.43	267	138	19.91	GC1		slow	70
ENSG00000165379_LRFN5	ENSG00000165379	LRFN5	2160	42.91	694	356	16.48	GC3		slow	80
ENSG00000165383_LRRC18	ENSG00000165383	LRRC18	786	50.63	402	269	34.22	GC1		slow	90
ENSG00000165392_WRN	ENSG00000165392	WRN	4233	40.34	2647	1540	36.38	GC3	90	fast	90
ENSG00000165406_MARCH8	ENSG00000165406	MARCH8	1224	51.14	612	398	32.52	GC2		fast	80
ENSG00000165409_TSHR	ENSG00000165409	TSHR	2295	48.00	995	555	24.18	GC2	80	slow	90
ENSG00000165424_ZCCHC24	ENSG00000165424	ZCCHC24	726	62.02	324	174	23.97			fast	90
ENSG00000165434_PGM2L1	ENSG00000165434	PGM2L1	1869	42.55	681	349	18.67	GC3		fast	90
ENSG00000165443_PHYHIPL	ENSG00000165443	PHYHIPL	1131	43.01	375	142	12.56	GC3		slow	90
ENSG00000165449_SLC16A9	ENSG00000165449	SLC16A9	1533	43.62	631	355	23.16	GC3	70	fast	90
ENSG00000165458_INPPL1	ENSG00000165458	INPPL1	3780	60.94	1276	696	18.41		80	fast	90
ENSG00000165474_GJB2	ENSG00000165474	GJB2	681	48.96	247	171	25.11	GC1		slow	70
ENSG00000165475_CRYL1	ENSG00000165475	CRYL1	960	55.31	588	366	38.13	GC1		fast	90
ENSG00000165476_REEP3	ENSG00000165476	REEP3	759	42.16	390	226	29.78	GC3		slow	90
ENSG00000165478_HEPACAM	ENSG00000165478	HEPACAM	1251	61.21	542	263	21.02			slow	90
ENSG00000165480_SKA3	ENSG00000165480	SKA3	1242	42.53	890	554	44.61	GC3	80	fast	80
ENSG00000165487_MICU2	ENSG00000165487	MICU2	1302	44.68	656	427	32.80	GC3	70	fast	90
ENSG00000165494_PCF11	ENSG00000165494	PCF11	4797	43.82	1661	765	15.95	GC3	80	slow	90
ENSG00000165495_PKNOX2	ENSG00000165495	PKNOX2	1419	56.68	341	149	10.50	GC1	80	slow	80
ENSG00000165496_RPL10L	ENSG00000165496	RPL10L	645	54.90	262	171	26.51	GC1		slow	90
ENSG00000165501_LRR1	ENSG00000165501	LRR1	1245	42.30	628	325	26.10	GC3	70	slow	80
ENSG00000165512_ZNF22	ENSG00000165512	ZNF22	678	46.64	324	178	26.25	GC2		slow	80
ENSG00000165516_KLHDC2	ENSG00000165516	KLHDC2	1221	42.86	368	182	14.91	GC3		slow	90
ENSG00000165521_EML5	ENSG00000165521	EML5	5928	43.93	2008	1102	18.59	GC3	70	fast	90
ENSG00000165525_NEMF	ENSG00000165525	NEMF	3234	39.79	1224	608	18.80	GC3	80	slow	90
ENSG00000165526_RPUSD4	ENSG00000165526	RPUSD4	1134	57.56	602	372	32.80	GC1	70	fast	80
ENSG00000165533_TTC8	ENSG00000165533	TTC8	1518	46.97	623	329	21.67	GC2		slow	90
ENSG00000165548_TMEM63C	ENSG00000165548	TMEM63C	2421	54.02	1137	677	27.96		80	fast	80
ENSG00000165555_NOXRED1	ENSG00000165555	NOXRED1	1086	50.79	765	488	44.94	GC2		fast	90
ENSG00000165568_AKR1E2	ENSG00000165568	AKR1E2	906	51.72	573	365	40.29	GC1	70	fast	70
ENSG00000165572_KBTBD6	ENSG00000165572	KBTBD6	2025	54.28	877	482	23.80	GC1	80	fast	70
ENSG00000165588_OTX2	ENSG00000165588	OTX2	894	52.93	176	85	9.51	GC2		slow	80
ENSG00000165606_DRGX	ENSG00000165606	DRGX	792	60.28	335	194	24.49	GC1	70	slow	90
ENSG00000165609_NUDT5	ENSG00000165609	NUDT5	660	47.34	315	197	29.85	GC3		slow	90
ENSG00000165621_OXGR1	ENSG00000165621	OXGR1	1014	49.25	582	361	35.60	GC1		fast	90
ENSG00000165626_BEND7	ENSG00000165626	BEND7	1236	49.33	545	325	26.29	GC2		fast	90
ENSG00000165630_PRPF18	ENSG00000165630	PRPF18	1029	41.81	313	162	15.74	GC3		slow	70
ENSG00000165633_VSTM4	ENSG00000165633	VSTM4	960	55.81	531	322	33.54	GC1		fast	90
ENSG00000165637_VDAC2	ENSG00000165637	VDAC2	885	44.41	286	135	15.25	GC3		slow	90
ENSG00000165643_SOHLH1	ENSG00000165643	SOHLH1	1068	68.24	831	527	49.34			fast	
ENSG00000165644_COMTD1	ENSG00000165644	COMTD1	789	68.08	422	182	23.07			slow	70
ENSG00000165646_SLC18A2	ENSG00000165646	SLC18A2	1554	53.01	595	358	23.04	GC1	70	slow	90
ENSG00000165650_PDZD8	ENSG00000165650	PDZD8	3459	49.15	1550	852	24.63	GC2	80	fast	90
ENSG00000165655_ZNF503	ENSG00000165655	ZNF503	1932	69.73	689	305	15.79		70	slow	80
ENSG00000165660_FAM175B	ENSG00000165660	FAM175B	1248	48.42	527	318	25.48	GC2		slow	90
ENSG00000165661_QSOX2	ENSG00000165661	QSOX2	1818	58.66	1142	720	39.60	GC1	70	fast	80
ENSG00000165669_FAM204A	ENSG00000165669	FAM204A	702	41.88	357	210	29.91	GC3		slow	90
ENSG00000165671_NSD1	ENSG00000165671	NSD1	8106	47.48	3069	1468	18.11	GC3	90	slow	80
ENSG00000165675_ENOX2	ENSG00000165675	ENOX2	1812	46.24	632	303	16.72	GC3	70	slow	90
ENSG00000165678_GHITM	ENSG00000165678	GHITM	1038	48.44	442	235	22.64	GC3	70	slow	90
ENSG00000165682_CLEC1B	ENSG00000165682	CLEC1B	687	43.05	465	296	43.09	GC3	70	fast	80
ENSG00000165684_SNAPC4	ENSG00000165684	SNAPC4	4320	64.43	3049	1950	45.14		80	fast	
ENSG00000165688_PMPCA	ENSG00000165688	PMPCA	1578	57.05	709	508	32.19	GC1	80	fast	80
ENSG00000165689_SDCCAG3	ENSG00000165689	SDCCAG3	1278	55.80	803	411	32.16	GC1		fast	80
ENSG00000165694_FRMD7	ENSG00000165694	FRMD7	2145	45.50	1058	540	25.17	GC3	80	fast	90
ENSG00000165695_AK8	ENSG00000165695	AK8	1440	54.89	779	464	32.22	GC1	70	fast	90
ENSG00000165698_C9orf9	ENSG00000165698	C9orf9	681	55.44	347	213	31.28	GC1	70	slow	70
ENSG00000165699_TSC1	ENSG00000165699	TSC1	3498	52.59	1567	934	26.70	GC2	90	slow	80
ENSG00000165702_GFI1B	ENSG00000165702	GFI1B	993	62.81	456	232	23.36			fast	80
ENSG00000165704_HPRT1	ENSG00000165704	HPRT1	657	41.46	225	105	15.98	GC3		fast	70
ENSG00000165716_FAM69B	ENSG00000165716	FAM69B	1296	66.77	641	349	26.93			fast	70
ENSG00000165730_STOX1	ENSG00000165730	STOX1	2679	44.52	1933	1093	40.80	GC3	80	fast	90
ENSG00000165731_RET	ENSG00000165731	RET	3330	60.10	1678	914	27.45		80	slow	80
ENSG00000165732_DDX21	ENSG00000165732	DDX21	2358	45.75	1075	655	27.78	GC3	80	slow	90
ENSG00000165733_BMS1	ENSG00000165733	BMS1	3867	44.44	1680	926	23.95	GC3	80	slow	80
ENSG00000165757_KIAA1462	ENSG00000165757	KIAA1462	4086	60.11	3198	2294	56.14	GC1	90	fast	80
ENSG00000165782_TMEM55B	ENSG00000165782	TMEM55B	855	58.12	290	128	14.97	GC1		slow	80
ENSG00000165792_METTL17	ENSG00000165792	METTL17	1386	54.11	822	449	32.40	GC2		fast	90
ENSG00000165794_SLC39A2	ENSG00000165794	SLC39A2	930	56.32	520	334	35.91	GC2	70	fast	90
ENSG00000165795_NDRG2	ENSG00000165795	NDRG2	1116	54.09	395	185	16.58	GC1	70	slow	80
ENSG00000165801_ARHGEF40	ENSG00000165801	ARHGEF40	4557	62.88	2160	1181	25.92	GC1	80	fast	90
ENSG00000165804_ZNF219	ENSG00000165804	ZNF219	2151	70.09	912	521	24.22		80	fast	90
ENSG00000165805_C12orf50	ENSG00000165805	C12orf50	1248	39.90	622	257	20.59	GC3		slow	90
ENSG00000165806_CASP7	ENSG00000165806	CASP7	909	49.97	522	346	38.06	GC1		fast	90
ENSG00000165807_PPP1R36	ENSG00000165807	PPP1R36	1269	43.76	745	482	37.98	GC3	70	fast	90
ENSG00000165810_BTNL9	ENSG00000165810	BTNL9	1626	60.32	1063	657	40.41		70	slow	70
ENSG00000165813_CCDC186	ENSG00000165813	CCDC186	2700	37.84	1253	696	25.78	GC3	70	slow	90
ENSG00000165816_VWA2	ENSG00000165816	VWA2	2268	63.34	1296	730	32.19		70	slow	70
ENSG00000165819_METTL3	ENSG00000165819	METTL3	1743	50.84	566	298	17.10	GC2	80	slow	90
ENSG00000165832_TRUB1	ENSG00000165832	TRUB1	1053	50.11	523	301	28.58	GC3		fast	90
ENSG00000165861_ZFYVE1	ENSG00000165861	ZFYVE1	2334	55.58	769	463	19.84	GC1	80	slow	90
ENSG00000165863_C10orf82	ENSG00000165863	C10orf82	672	55.08	490	299	44.49	GC1		fast	80
ENSG00000165868_HSPA12A	ENSG00000165868	HSPA12A	2025	57.25	767	428	21.14			fast	90
ENSG00000165886_UBTD1	ENSG00000165886	UBTD1	684	63.17	253	127	18.57			slow	90
ENSG00000165887_ANKRD2	ENSG00000165887	ANKRD2	1083	60.29	516	311	28.72	GC1	70	slow	80
ENSG00000165891_E2F7	ENSG00000165891	E2F7	2733	51.58	1620	1027	37.58	GC2	80	slow	80
ENSG00000165895_ARHGAP42	ENSG00000165895	ARHGAP42	2241	45.89	865	524	23.38	GC2		fast	90
ENSG00000165905_GYLTL1B	ENSG00000165905	GYLTL1B	2148	62.13	1131	629	29.28		70	fast	90
ENSG00000165912_PACSIN3	ENSG00000165912	PACSIN3	1275	64.01	450	258	20.24			slow	90
ENSG00000165914_TTC7B	ENSG00000165914	TTC7B	2412	55.63	769	418	17.33	GC1		fast	80
ENSG00000165915_SLC39A13	ENSG00000165915	SLC39A13	1095	63.11	506	232	21.19			slow	80
ENSG00000165917_RAPSN	ENSG00000165917	RAPSN	1239	62.24	446	184	14.85			fast	80
ENSG00000165923_AGBL2	ENSG00000165923	AGBL2	2601	46.65	1435	757	29.10	GC2	80	fast	80
ENSG00000165929_TC2N	ENSG00000165929	TC2N	1473	40.83	703	405	27.49	GC3	70	fast	90
ENSG00000165934_CPSF2	ENSG00000165934	CPSF2	2349	42.98	679	444	18.90	GC3		slow	80
ENSG00000165935_SMCO2	ENSG00000165935	SMCO2	1035	45.22	761	420	40.58	GC2	70	slow	70
ENSG00000165953_SERPINA12	ENSG00000165953	SERPINA12	1245	51.53	867	582	46.75	GC1	80	fast	70
ENSG00000165966_PDZRN4	ENSG00000165966	PDZRN4	2337	50.35	1126	631	27.00	GC2		fast	90
ENSG00000165970_SLC6A5	ENSG00000165970	SLC6A5	2394	55.57	923	497	20.76	GC1	70	fast	90
ENSG00000165972_CCDC38	ENSG00000165972	CCDC38	1689	39.63	1031	679	40.20	GC3		slow	80
ENSG00000165973_NELL1	ENSG00000165973	NELL1	2433	50.00	937	492	20.22	GC2	70	fast	80
ENSG00000165983_PTER	ENSG00000165983	PTER	1050	46.21	503	321	30.57	GC3	70	slow	80
ENSG00000165995_CACNB2	ENSG00000165995	CACNB2	1839	50.75	696	402	21.86	GC2		fast	90
ENSG00000165996_PTPLA	ENSG00000165996	PTPLA	630	39.71	204	111	17.62	GC3		fast	90
ENSG00000166004_CEP295	ENSG00000166004	CEP295	7788	42.72	5228	2710	34.80	GC3	90	fast	70
ENSG00000166006_KCNC2	ENSG00000166006	KCNC2	1914	51.80	636	299	15.62	GC2		fast	80
ENSG00000166024_R3HCC1L	ENSG00000166024	R3HCC1L	2361	42.64	1560	843	35.71	GC3	80	fast	90
ENSG00000166025_AMOTL1	ENSG00000166025	AMOTL1	2874	59.17	1193	681	23.70	GC1	80	fast	80
ENSG00000166035_LIPC	ENSG00000166035	LIPC	1500	52.65	1049	634	42.27	GC1		fast	90
ENSG00000166037_CEP57	ENSG00000166037	CEP57	1506	41.72	747	421	27.95	GC3	70	slow	90
ENSG00000166046_TCP11L2	ENSG00000166046	TCP11L2	1560	45.80	819	420	26.92	GC2	70	slow	90
ENSG00000166068_SPRED1	ENSG00000166068	SPRED1	1338	43.10	470	208	15.55	GC3	70	slow	90
ENSG00000166069_TMCO5A	ENSG00000166069	TMCO5A	867	42.33	519	292	33.68	GC2	70	fast	90
ENSG00000166073_GPR176	ENSG00000166073	GPR176	1548	55.83	687	404	26.10	GC1		slow	90
ENSG00000166086_JAM3	ENSG00000166086	JAM3	933	51.64	467	305	32.69	GC2	70	fast	80
ENSG00000166105_GLB1L3	ENSG00000166105	GLB1L3	1923	49.66	1206	797	41.45	GC2	70	fast	70
ENSG00000166106_ADAMTS15	ENSG00000166106	ADAMTS15	2853	63.84	1343	745	26.11		90	slow	80
ENSG00000166123_GPT2	ENSG00000166123	GPT2	1572	58.72	652	329	20.93			fast	90
ENSG00000166128_RAB8B	ENSG00000166128	RAB8B	624	40.40	224	109	17.47	GC3		slow	90
ENSG00000166133_RPUSD2	ENSG00000166133	RPUSD2	1638	60.02	881	559	34.13	GC1	80	slow	90
ENSG00000166135_HIF1AN	ENSG00000166135	HIF1AN	1050	50.60	321	176	16.76	GC1		slow	80
ENSG00000166140_ZFYVE19	ENSG00000166140	ZFYVE19	1257	59.86	705	398	31.66	GC1	70	fast	80
ENSG00000166145_SPINT1	ENSG00000166145	SPINT1	1542	60.99	872	500	32.43		80	fast	80
ENSG00000166147_FBN1	ENSG00000166147	FBN1	8616	49.83	2848	1734	20.13	GC2	80	slow	90
ENSG00000166152_C16orf78	ENSG00000166152	C16orf78	795	54.46	574	404	50.82			fast	70
ENSG00000166159_LRTM2	ENSG00000166159	LRTM2	1113	63.65	497	320	28.75			slow	80
ENSG00000166164_BRD7	ENSG00000166164	BRD7	1956	46.23	888	547	27.97	GC2		fast	90
ENSG00000166167_BTRC	ENSG00000166167	BTRC	1818	45.96	504	222	12.21	GC3		slow	90
ENSG00000166169_POLL	ENSG00000166169	POLL	1728	58.92	867	486	28.13	GC1	70	fast	90
ENSG00000166170_BAG5	ENSG00000166170	BAG5	1371	50.81	574	390	28.45	GC1		slow	70
ENSG00000166171_DPCD	ENSG00000166171	DPCD	612	52.98	289	154	25.16	GC1		slow	90
ENSG00000166181_API5	ENSG00000166181	API5	1515	42.64	477	260	17.16	GC3		slow	90
ENSG00000166183_ASPG	ENSG00000166183	ASPG	1689	66.22	976	452	26.76			fast	
ENSG00000166192_SENP8	ENSG00000166192	SENP8	639	45.32	216	87	13.62	GC2		slow	
ENSG00000166197_NOLC1	ENSG00000166197	NOLC1	2115	53.59	1243	731	34.56	GC2	70	fast	90
ENSG00000166199_ALKBH3	ENSG00000166199	ALKBH3	861	51.21	393	225	26.13	GC2	70	slow	90
ENSG00000166200_COPS2	ENSG00000166200	COPS2	1353	36.75	329	128	9.46	GC3		slow	90
ENSG00000166206_GABRB3	ENSG00000166206	GABRB3	1386	49.78	539	356	25.69	GC1		fast	90
ENSG00000166220_TBATA	ENSG00000166220	TBATA	1059	57.48	685	410	38.72	GC1		fast	80
ENSG00000166224_SGPL1	ENSG00000166224	SGPL1	1707	49.94	807	480	28.12	GC2	80	fast	90
ENSG00000166225_FRS2	ENSG00000166225	FRS2	1527	45.22	460	242	15.85	GC3	80	slow	80
ENSG00000166226_CCT2	ENSG00000166226	CCT2	1608	44.25	604	302	18.78	GC3	70	fast	80
ENSG00000166233_ARIH1	ENSG00000166233	ARIH1	1662	47.25	378	135	8.12	GC2		slow	90
ENSG00000166250_CLMP	ENSG00000166250	CLMP	1119	54.36	535	299	26.72	GC2		slow	90
ENSG00000166257_SCN3B	ENSG00000166257	SCN3B	648	55.59	202	122	18.83			slow	90
ENSG00000166260_COX11	ENSG00000166260	COX11	828	52.46	385	222	26.81	GC2		fast	80
ENSG00000166261_ZNF202	ENSG00000166261	ZNF202	1947	52.46	979	557	28.61	GC2	70	fast	90
ENSG00000166262_FAM227B	ENSG00000166262	FAM227B	1503	37.15	980	487	32.40	GC3		slow	
ENSG00000166263_STXBP4	ENSG00000166263	STXBP4	1668	42.44	954	444	26.62	GC3		fast	90
ENSG00000166266_CUL5	ENSG00000166266	CUL5	2343	36.83	598	337	14.38	GC3		slow	90
ENSG00000166268_MYRFL	ENSG00000166268	MYRFL	828	47.90	388	159	19.20	GC2		slow	
ENSG00000166272_WBP1L	ENSG00000166272	WBP1L	1035	60.94	405	200	19.32	GC1		slow	90
ENSG00000166311_SMPD1	ENSG00000166311	SMPD1	1884	60.87	945	541	28.72	GC1	70	fast	90
ENSG00000166313_APBB1	ENSG00000166313	APBB1	2130	61.60	882	396	18.59	GC1		fast	80
ENSG00000166317_SYNPO2L	ENSG00000166317	SYNPO2L	2940	63.04	1615	782	26.60	GC1	70	fast	70
ENSG00000166321_NUDT13	ENSG00000166321	NUDT13	1059	49.41	568	324	30.59	GC2	70	slow	90
ENSG00000166323_C11orf65	ENSG00000166323	C11orf65	939	38.19	509	261	27.80	GC3		slow	
ENSG00000166326_TRIM44	ENSG00000166326	TRIM44	1035	56.02	412	260	25.12	GC1		fast	80
ENSG00000166333_ILK	ENSG00000166333	ILK	1359	54.00	396	213	15.67	GC1	70	slow	90
ENSG00000166340_TPP1	ENSG00000166340	TPP1	1692	57.94	753	381	22.52	GC1	70	slow	80
ENSG00000166342_NETO1	ENSG00000166342	NETO1	1602	48.81	565	340	21.22	GC2		slow	90
ENSG00000166343_MSS51	ENSG00000166343	MSS51	1383	51.65	803	395	28.56	GC2	80	slow	80
ENSG00000166349_RAG1	ENSG00000166349	RAG1	3132	51.46	1340	769	24.55	GC1	80	slow	70
ENSG00000166352_C11orf74	ENSG00000166352	C11orf74	663	43.75	479	280	42.23	GC3		slow	80
ENSG00000166387_PPFIBP2	ENSG00000166387	PPFIBP2	2628	52.92	1153	658	25.04	GC2	80	slow	90
ENSG00000166391_MOGAT2	ENSG00000166391	MOGAT2	1005	57.77	643	355	35.32			fast	80
ENSG00000166394_CYB5R2	ENSG00000166394	CYB5R2	831	50.38	470	260	31.29	GC1	70	fast	90
ENSG00000166396_SERPINB7	ENSG00000166396	SERPINB7	1143	44.52	678	438	38.32	GC2	70	slow	90
ENSG00000166398_KIAA0355	ENSG00000166398	KIAA0355	3213	55.81	1319	682	21.23	GC1	90	slow	90
ENSG00000166401_SERPINB8	ENSG00000166401	SERPINB8	1125	49.06	669	417	37.07	GC2	80	fast	90
ENSG00000166402_TUB	ENSG00000166402	TUB	1677	59.62	618	312	18.60			slow	80
ENSG00000166405_RIC3	ENSG00000166405	RIC3	1110	51.66	633	342	30.81	GC2		fast	90
ENSG00000166411_IDH3A	ENSG00000166411	IDH3A	1101	49.71	364	253	22.98	GC2		slow	90
ENSG00000166415_WDR72	ENSG00000166415	WDR72	3315	43.47	1820	960	28.96	GC3	80	slow	70
ENSG00000166428_PLD4	ENSG00000166428	PLD4	1524	65.61	918	556	36.48			fast	70
ENSG00000166432_ZMAT1	ENSG00000166432	ZMAT1	1809	39.57	1177	576	31.84	GC3	80	fast	80
ENSG00000166435_XRRA1	ENSG00000166435	XRRA1	2379	54.34	1403	817	34.34	GC1	70	fast	90
ENSG00000166436_TRIM66	ENSG00000166436	TRIM66	3729	56.71	2063	1076	28.85	GC1	80	fast	90
ENSG00000166439_RNF169	ENSG00000166439	RNF169	2085	54.36	1134	531	25.47	GC2	80	fast	80
ENSG00000166444_ST5	ENSG00000166444	ST5	3414	57.90	1364	657	19.24	GC1	70	slow	90
ENSG00000166446_CDYL2	ENSG00000166446	CDYL2	1500	57.24	636	351	23.40		80	fast	90
ENSG00000166450_PRTG	ENSG00000166450	PRTG	3414	47.59	1487	813	23.81	GC3	70	slow	80
ENSG00000166451_CENPN	ENSG00000166451	CENPN	1020	42.54	637	329	32.25	GC3	70	fast	90
ENSG00000166452_AKIP1	ENSG00000166452	AKIP1	633	55.91	394	235	37.12	GC2		fast	90
ENSG00000166454_ATMIN	ENSG00000166454	ATMIN	2331	47.49	1067	565	24.24	GC2	80	slow	70
ENSG00000166455_C16orf46	ENSG00000166455	C16orf46	1185	52.29	871	528	44.56	GC2	80	slow	80
ENSG00000166471_TMEM41B	ENSG00000166471	TMEM41B	876	41.50	326	144	16.44	GC3		slow	90
ENSG00000166477_LEO1	ENSG00000166477	LEO1	2001	45.29	730	424	21.19	GC3	70	slow	90
ENSG00000166478_ZNF143	ENSG00000166478	ZNF143	1917	46.79	662	356	18.57	GC3	70	slow	90
ENSG00000166479_TMX3	ENSG00000166479	TMX3	1365	42.66	644	422	30.92	GC3		fast	90
ENSG00000166482_MFAP4	ENSG00000166482	MFAP4	768	60.74	265	143	18.62			slow	70
ENSG00000166483_WEE1	ENSG00000166483	WEE1	1938	49.11	840	391	20.18	GC3		fast	90
ENSG00000166501_PRKCB	ENSG00000166501	PRKCB	1848	51.62	642	338	18.29	GC1		fast	90
ENSG00000166508_MCM7	ENSG00000166508	MCM7	2160	55.85	838	524	24.26	GC1	70	fast	90
ENSG00000166510_CCDC68	ENSG00000166510	CCDC68	1008	40.73	657	360	35.71	GC3		fast	90
ENSG00000166523_CLEC4E	ENSG00000166523	CLEC4E	654	44.32	424	262	40.06	GC2		slow	80
ENSG00000166526_ZNF3	ENSG00000166526	ZNF3	1344	47.34	522	296	22.02	GC2	70	slow	80
ENSG00000166532_RIMKLB	ENSG00000166532	RIMKLB	1161	50.05	294	166	14.30	GC2		slow	90
ENSG00000166546_BEAN1	ENSG00000166546	BEAN1	753	64.38	486	260	34.53			fast	70
ENSG00000166548_TK2	ENSG00000166548	TK2	789	53.01	445	271	34.35	GC1		fast	90
ENSG00000166557_TMED3	ENSG00000166557	TMED3	654	58.82	314	174	26.61			fast	70
ENSG00000166558_SLC38A8	ENSG00000166558	SLC38A8	1308	62.55	719	401	30.66		70	fast	70
ENSG00000166575_TMEM135	ENSG00000166575	TMEM135	1377	43.55	521	249	18.08	GC3	70	fast	90
ENSG00000166578_IQCD	ENSG00000166578	IQCD	1353	56.87	807	490	36.22		70	slow	
ENSG00000166579_NDEL1	ENSG00000166579	NDEL1	1038	45.74	396	238	22.93	GC3		slow	90
ENSG00000166589_CDH16	ENSG00000166589	CDH16	2490	60.09	1435	811	32.57	GC1	90	slow	80
ENSG00000166592_RRAD	ENSG00000166592	RRAD	927	65.10	408	205	22.11			fast	80
ENSG00000166596_CFAP52	ENSG00000166596	CFAP52	1863	50.72	841	492	26.41	GC2	70	fast	90
ENSG00000166603_MC4R	ENSG00000166603	MC4R	1002	48.76	368	225	22.46	GC1		slow	80
ENSG00000166634_SERPINB12	ENSG00000166634	SERPINB12	1278	46.24	783	502	39.28	GC2	70	fast	80
ENSG00000166669_ATF7IP2	ENSG00000166669	ATF7IP2	2067	38.78	1519	878	42.48	GC3	70	fast	90
ENSG00000166676_TVP23A	ENSG00000166676	TVP23A	642	54.02	284	167	26.01	GC1		fast	90
ENSG00000166685_COG1	ENSG00000166685	COG1	2946	56.72	1689	981	33.30	GC1	80	fast	90
ENSG00000166689_PLEKHA7	ENSG00000166689	PLEKHA7	3204	59.55	1340	738	23.03	GC1	70	fast	90
ENSG00000166716_ZNF592	ENSG00000166716	ZNF592	3810	59.82	1729	1015	26.64	GC1	80	slow	90
ENSG00000166734_CASC4	ENSG00000166734	CASC4	1311	46.64	558	269	20.52	GC3	80	fast	90
ENSG00000166736_HTR3A	ENSG00000166736	HTR3A	1452	59.42	705	410	28.24		80	slow	80
ENSG00000166747_AP1G1	ENSG00000166747	AP1G1	2469	44.30	687	261	10.57	GC3		slow	90
ENSG00000166748_AGBL1	ENSG00000166748	AGBL1	3018	52.73	1593	773	25.61	GC1	70	fast	
ENSG00000166762_CATSPER2	ENSG00000166762	CATSPER2	1590	46.70	802	414	26.04	GC2	70	fast	70
ENSG00000166783_KIAA0430	ENSG00000166783	KIAA0430	5229	47.91	2243	1306	24.98	GC2	90	slow	90
ENSG00000166788_SAAL1	ENSG00000166788	SAAL1	1422	44.91	734	373	26.23	GC3	80	fast	90
ENSG00000166794_PPIB	ENSG00000166794	PPIB	651	53.47	188	115	17.67	GC1		slow	70
ENSG00000166796_LDHC	ENSG00000166796	LDHC	999	42.96	471	279	27.93	GC3		fast	70
ENSG00000166801_FAM111A	ENSG00000166801	FAM111A	1839	42.15	1517	1020	55.46	GC3	70	fast	80
ENSG00000166816_LDHD	ENSG00000166816	LDHD	1455	64.04	709	398	27.35			slow	80
ENSG00000166819_PLIN1	ENSG00000166819	PLIN1	1551	65.88	935	518	33.40			fast	90
ENSG00000166821_PEX11A	ENSG00000166821	PEX11A	744	51.93	383	207	27.82	GC1		slow	80
ENSG00000166825_ANPEP	ENSG00000166825	ANPEP	2907	56.74	1800	1149	39.53		70	fast	90
ENSG00000166828_SCNN1G	ENSG00000166828	SCNN1G	1959	55.64	1090	602	30.73		80	fast	90
ENSG00000166833_NAV2	ENSG00000166833	NAV2	7359	58.22	2693	1465	19.91	GC1	80	fast	80
ENSG00000166839_ANKDD1A	ENSG00000166839	ANKDD1A	1485	60.51	925	490	33.00			fast	90
ENSG00000166845_C18orf54	ENSG00000166845	C18orf54	1602	37.66	975	520	32.46	GC3	80	fast	90
ENSG00000166851_PLK1	ENSG00000166851	PLK1	1812	58.51	709	378	20.86		70	fast	90
ENSG00000166855_CLPX	ENSG00000166855	CLPX	1902	43.68	663	359	18.87	GC3		slow	90
ENSG00000166856_GPR182	ENSG00000166856	GPR182	1203	61.74	665	364	30.26			fast	70
ENSG00000166862_CACNG2	ENSG00000166862	CACNG2	972	56.81	206	75	7.72			fast	80
ENSG00000166866_MYO1A	ENSG00000166866	MYO1A	3132	52.97	1493	846	27.01	GC1	80	slow	70
ENSG00000166881_TMEM194A	ENSG00000166881	TMEM194A	1335	45.98	739	347	25.99	GC2		fast	90
ENSG00000166884_OR4D6	ENSG00000166884	OR4D6	945	50.88	451	258	27.30	GC1	70	slow	70
ENSG00000166887_VPS39	ENSG00000166887	VPS39	2661	50.24	1017	536	20.14	GC1	70	slow	90
ENSG00000166888_STAT6	ENSG00000166888	STAT6	2544	57.71	1098	562	22.09	GC1	80	fast	80
ENSG00000166889_PATL1	ENSG00000166889	PATL1	2313	51.60	912	462	19.97	GC2		fast	90
ENSG00000166896_XRCC6BP1	ENSG00000166896	XRCC6BP1	741	48.19	404	240	32.39	GC2		fast	90
ENSG00000166900_STX3	ENSG00000166900	STX3	870	51.05	362	166	19.08	GC1		fast	80
ENSG00000166908_PIP4K2C	ENSG00000166908	PIP4K2C	1266	53.04	355	185	14.61	GC1		slow	80
ENSG00000166912_MTMR10	ENSG00000166912	MTMR10	2253	47.64	1027	658	29.21	GC2	70	fast	90
ENSG00000166922_SCG5	ENSG00000166922	SCG5	639	51.33	272	151	23.63	GC2		slow	90
ENSG00000166924_NYAP1	ENSG00000166924	NYAP1	2526	67.91	1034	515	20.39		70	fast	90
ENSG00000166938_DIS3L	ENSG00000166938	DIS3L	3030	47.66	1491	830	27.39	GC2	70	fast	90
ENSG00000166946_CCNDBP1	ENSG00000166946	CCNDBP1	1083	50.12	634	347	32.04	GC2	70	fast	90
ENSG00000166947_EPB42	ENSG00000166947	EPB42	2076	54.76	1369	895	43.11	GC1	80	fast	90
ENSG00000166948_TGM6	ENSG00000166948	TGM6	2121	59.12	1068	561	26.45		70	slow	70
ENSG00000166960_CCDC178	ENSG00000166960	CCDC178	2601	36.02	1897	1129	43.41	GC3	70	fast	80
ENSG00000166963_MAP1A	ENSG00000166963	MAP1A	9129	56.85	4617	2497	27.35	GC2	80	fast	80
ENSG00000166965_RCCD1	ENSG00000166965	RCCD1	1131	66.67	730	391	34.57			fast	80
ENSG00000166971_AKTIP	ENSG00000166971	AKTIP	879	46.15	302	193	21.96	GC3		slow	90
ENSG00000166974_MAPRE2	ENSG00000166974	MAPRE2	981	48.14	260	154	15.70	GC2		slow	90
ENSG00000166979_EVA1C	ENSG00000166979	EVA1C	1326	54.37	691	363	27.38	GC1	70	fast	80
ENSG00000166986_MARS	ENSG00000166986	MARS	2703	54.37	1121	619	22.90	GC1	70	fast	90
ENSG00000166987_MBD6	ENSG00000166987	MBD6	3012	64.48	826	331	10.99	GC2	70	fast	70
ENSG00000166997_CNPY4	ENSG00000166997	CNPY4	729	54.26	336	182	24.97	GC1		fast	90
ENSG00000167014_C15orf43	ENSG00000167014	C15orf43	663	41.55	352	158	23.83	GC3		fast	80
ENSG00000167034_NKX3-1	ENSG00000167034	NKX3-1	705	61.22	448	267	37.87			fast	90
ENSG00000167074_TEF	ENSG00000167074	TEF	906	61.13	337	170	18.76			slow	90
ENSG00000167077_MEI1	ENSG00000167077	MEI1	3822	55.40	2270	1132	29.62	GC1	80	fast	90
ENSG00000167080_B4GALNT2	ENSG00000167080	B4GALNT2	1536	53.26	924	593	38.61	GC1	80	fast	90
ENSG00000167081_PBX3	ENSG00000167081	PBX3	1104	48.05	171	82	7.43	GC2		slow	90
ENSG00000167094_TTC16	ENSG00000167094	TTC16	2523	59.30	1775	1066	42.25			fast	
ENSG00000167098_SUN5	ENSG00000167098	SUN5	1128	55.16	616	379	33.60	GC1		fast	90
ENSG00000167100_SAMD14	ENSG00000167100	SAMD14	1254	65.52	532	233	18.58			fast	90
ENSG00000167103_PIP5KL1	ENSG00000167103	PIP5KL1	1191	64.52	718	357	29.97			fast	90
ENSG00000167106_FAM102A	ENSG00000167106	FAM102A	1158	60.97	379	205	17.70			slow	80
ENSG00000167112_TRUB2	ENSG00000167112	TRUB2	996	59.99	536	330	33.13	GC1	70	slow	80
ENSG00000167113_COQ4	ENSG00000167113	COQ4	798	62.82	429	264	33.08			slow	70
ENSG00000167114_SLC27A4	ENSG00000167114	SLC27A4	1932	60.45	861	491	25.41		80	slow	80
ENSG00000167123_CERCAM	ENSG00000167123	CERCAM	1788	62.66	918	488	27.29			fast	90
ENSG00000167130_DOLPP1	ENSG00000167130	DOLPP1	717	57.05	261	121	16.88			slow	90
ENSG00000167173_C15orf39	ENSG00000167173	C15orf39	3072	64.64	1781	1050	34.18	GC1	70	slow	80
ENSG00000167182_SP2	ENSG00000167182	SP2	1842	60.54	758	357	19.38	GC1	70	slow	90
ENSG00000167186_COQ7	ENSG00000167186	COQ7	654	53.08	304	189	28.90	GC2	70	slow	80
ENSG00000167191_GPRC5B	ENSG00000167191	GPRC5B	1212	62.57	442	237	19.55			slow	80
ENSG00000167193_CRK	ENSG00000167193	CRK	915	55.48	137	43	4.70	GC1		slow	80
ENSG00000167207_NOD2	ENSG00000167207	NOD2	3063	61.01	1721	1071	34.97		80	fast	90
ENSG00000167208_SNX20	ENSG00000167208	SNX20	951	63.98	562	352	37.01			fast	90
ENSG00000167210_LOXHD1	ENSG00000167210	LOXHD1	5856	55.39	2468	1215	20.75		70	fast	90
ENSG00000167216_KATNAL2	ENSG00000167216	KATNAL2	1494	50.04	698	368	24.63	GC2		fast	90
ENSG00000167220_HDHD2	ENSG00000167220	HDHD2	780	48.10	363	231	29.62	GC3		slow	90
ENSG00000167257_RNF214	ENSG00000167257	RNF214	2112	51.25	671	342	16.19	GC2		slow	90
ENSG00000167258_CDK12	ENSG00000167258	CDK12	4473	50.07	1693	726	16.23	GC3	80	slow	90
ENSG00000167264_DUS2	ENSG00000167264	DUS2	1482	55.20	679	377	25.44	GC1	70	fast	90
ENSG00000167280_ENGASE	ENSG00000167280	ENGASE	2214	63.13	1372	857	38.71		80	fast	80
ENSG00000167281_RBFOX3	ENSG00000167281	RBFOX3	981	61.97	341	144	14.68	GC1		slow	
ENSG00000167291_TBC1D16	ENSG00000167291	TBC1D16	2301	63.98	1128	549	23.86		70	fast	80
ENSG00000167302_ENTHD2	ENSG00000167302	ENTHD2	1755	65.97	1162	727	41.42		80	fast	70
ENSG00000167306_MYO5B	ENSG00000167306	MYO5B	5547	54.00	2529	1286	23.18	GC1	80	fast	80
ENSG00000167311_ART5	ENSG00000167311	ART5	879	60.35	527	297	33.79			slow	80
ENSG00000167315_ACAA2	ENSG00000167315	ACAA2	1194	48.81	593	381	31.91	GC3		fast	90
ENSG00000167323_STIM1	ENSG00000167323	STIM1	2058	56.09	768	363	17.64	GC1		fast	90
ENSG00000167325_RRM1	ENSG00000167325	RRM1	2379	43.71	691	353	14.84	GC3	70	fast	80
ENSG00000167332_OR51E2	ENSG00000167332	OR51E2	963	50.44	431	232	24.09	GC1	70	slow	80
ENSG00000167333_TRIM68	ENSG00000167333	TRIM68	1458	55.33	850	474	32.51	GC1	70	slow	90
ENSG00000167378_IRGQ	ENSG00000167378	IRGQ	1860	70.47	1073	645	34.68		90	fast	80
ENSG00000167384_ZNF180	ENSG00000167384	ZNF180	2028	42.31	1202	571	28.16	GC3	80	slow	
ENSG00000167394_ZNF668	ENSG00000167394	ZNF668	1860	66.42	751	430	23.12			slow	90
ENSG00000167395_ZNF646	ENSG00000167395	ZNF646	5463	61.20	3472	1874	34.30	GC1	80	slow	70
ENSG00000167419_LPO	ENSG00000167419	LPO	2139	57.58	1265	702	32.82	GC1	70	fast	90
ENSG00000167434_CA4	ENSG00000167434	CA4	942	57.95	709	455	48.30			fast	90
ENSG00000167447_SMG8	ENSG00000167447	SMG8	2976	48.59	970	440	14.78	GC3	80	slow	70
ENSG00000167483_FAM129C	ENSG00000167483	FAM129C	1905	63.90	1232	718	37.69		80	fast	70
ENSG00000167487_KLHL26	ENSG00000167487	KLHL26	1824	65.24	770	468	25.66		80	fast	80
ENSG00000167491_GATAD2A	ENSG00000167491	GATAD2A	1899	61.05	968	598	31.49	GC1	70	fast	90
ENSG00000167508_MVD	ENSG00000167508	MVD	1203	63.23	649	377	31.34			fast	80
ENSG00000167513_CDT1	ENSG00000167513	CDT1	1608	65.86	979	607	37.75		70	fast	80
ENSG00000167524_NONAME	ENSG00000167524	NONAME	807	54.20	362	171	21.19	GC1		slow	70
ENSG00000167525_PROCA1	ENSG00000167525	PROCA1	1107	53.49	661	354	31.98	GC1	70	fast	70
ENSG00000167528_ZNF641	ENSG00000167528	ZNF641	1305	55.41	559	248	19.00	GC2		slow	90
ENSG00000167535_CACNB3	ENSG00000167535	CACNB3	1455	59.09	388	194	13.33	GC1		slow	90
ENSG00000167543_TP53I13	ENSG00000167543	TP53I13	1182	66.92	778	435	36.80	GC1	70	slow	80
ENSG00000167549_CORO6	ENSG00000167549	CORO6	1416	59.97	525	256	18.08			slow	80
ENSG00000167552_TUBA1A	ENSG00000167552	TUBA1A	1356	53.69	342	142	10.47	GC1		slow	
ENSG00000167553_TUBA1C	ENSG00000167553	TUBA1C	1350	53.95	325	129	9.56	GC1		slow	
ENSG00000167566_NCKAP5L	ENSG00000167566	NCKAP5L	3993	66.07	1580	778	19.48	GC1	80	slow	
ENSG00000167580_AQP2	ENSG00000167580	AQP2	816	64.37	346	205	25.12			fast	80
ENSG00000167588_GPD1	ENSG00000167588	GPD1	1050	55.88	392	215	20.48	GC1		fast	90
ENSG00000167595_PROSER3	ENSG00000167595	PROSER3	1431	60.90	1076	608	42.49	GC1	70	fast	70
ENSG00000167601_AXL	ENSG00000167601	AXL	2673	60.73	1361	637	23.83	GC1	70	fast	80
ENSG00000167604_NFKBID	ENSG00000167604	NFKBID	1242	62.12	632	340	27.38	GC1		fast	80
ENSG00000167608_TMC4	ENSG00000167608	TMC4	2118	60.57	1214	717	33.85		80	fast	80
ENSG00000167612_ANKRD33	ENSG00000167612	ANKRD33	1149	64.66	719	424	36.90			fast	90
ENSG00000167615_LENG8	ENSG00000167615	LENG8	2403	63.66	1080	583	24.26			slow	70
ENSG00000167619_TMEM145	ENSG00000167619	TMEM145	1689	59.58	792	342	20.25			fast	80
ENSG00000167632_TRAPPC9	ENSG00000167632	TRAPPC9	3453	57.64	1539	910	26.35		70	fast	80
ENSG00000167635_ZNF146	ENSG00000167635	ZNF146	879	40.07	217	73	8.30	GC3		slow	
ENSG00000167642_SPINT2	ENSG00000167642	SPINT2	759	57.10	503	312	41.11	GC1		slow	80
ENSG00000167645_YIF1B	ENSG00000167645	YIF1B	939	62.46	337	176	18.74			slow	80
ENSG00000167657_DAPK3	ENSG00000167657	DAPK3	1365	62.42	479	231	16.92			slow	70
ENSG00000167658_EEF2	ENSG00000167658	EEF2	2577	59.40	851	520	20.18		70	fast	90
ENSG00000167670_CHAF1A	ENSG00000167670	CHAF1A	2886	59.00	1794	1203	41.68	GC1	70	fast	90
ENSG00000167671_UBXN6	ENSG00000167671	UBXN6	1329	63.76	767	390	29.35			fast	80
ENSG00000167693_NXN	ENSG00000167693	NXN	981	57.03	274	162	16.51	GC1		slow	90
ENSG00000167695_FAM57A	ENSG00000167695	FAM57A	777	54.40	440	230	29.60	GC1		fast	90
ENSG00000167699_GLOD4	ENSG00000167699	GLOD4	1080	48.77	576	313	28.98	GC2		fast	90
ENSG00000167700_MFSD3	ENSG00000167700	MFSD3	1239	66.55	792	464	37.45		80	fast	80
ENSG00000167702_KIFC2	ENSG00000167702	KIFC2	2367	67.31	1325	680	28.73		80	fast	80
ENSG00000167703_SLC43A2	ENSG00000167703	SLC43A2	1707	58.24	636	339	19.86			slow	90
ENSG00000167705_RILP	ENSG00000167705	RILP	1200	66.08	696	383	31.92			fast	70
ENSG00000167711_SERPINF2	ENSG00000167711	SERPINF2	1476	60.05	988	522	35.37			fast	90
ENSG00000167716_WDR81	ENSG00000167716	WDR81	3210	62.92	1344	690	21.50		70	fast	80
ENSG00000167723_TRPV3	ENSG00000167723	TRPV3	2376	54.80	980	487	20.50		70	fast	90
ENSG00000167740_CYB5D2	ENSG00000167740	CYB5D2	795	60.31	497	298	37.48	GC1		fast	90
ENSG00000167741_GGT6	ENSG00000167741	GGT6	1488	65.56	978	590	39.65	GC1	70	fast	80
ENSG00000167755_KLK6	ENSG00000167755	KLK6	735	58.44	432	257	34.97	GC1		fast	70
ENSG00000167757_KLK11	ENSG00000167757	KLK11	831	57.99	378	181	21.78	GC1		fast	
ENSG00000167759_KLK13	ENSG00000167759	KLK13	837	59.87	407	198	23.66	GC1		slow	
ENSG00000167767_KRT80	ENSG00000167767	KRT80	1359	60.75	750	358	26.34			slow	70
ENSG00000167771_RCOR2	ENSG00000167771	RCOR2	1572	63.11	548	256	16.28			fast	80
ENSG00000167775_CD320	ENSG00000167775	CD320	792	64.64	590	400	50.51		80	fast	70
ENSG00000167778_SPRYD3	ENSG00000167778	SPRYD3	1329	57.04	427	218	16.40	GC1		slow	90
ENSG00000167779_IGFBP6	ENSG00000167779	IGFBP6	720	67.45	459	255	35.42	GC1		slow	80
ENSG00000167780_SOAT2	ENSG00000167780	SOAT2	1575	58.90	863	504	32.00		70	fast	90
ENSG00000167792_NDUFV1	ENSG00000167792	NDUFV1	1395	61.87	432	262	18.78			slow	80
ENSG00000167858_TEKT1	ENSG00000167858	TEKT1	1257	54.81	650	403	32.06	GC1	70	fast	80
ENSG00000167861_HID1	ENSG00000167861	HID1	2367	60.91	860	387	16.35			fast	70
ENSG00000167862_ICT1	ENSG00000167862	ICT1	621	53.65	403	220	35.43	GC1	70	fast	90
ENSG00000167880_EVPL	ENSG00000167880	EVPL	6102	65.53	3397	1792	29.37		80	slow	80
ENSG00000167881_SRP68	ENSG00000167881	SRP68	1860	53.46	711	454	24.41	GC1		slow	90
ENSG00000167889_MGAT5B	ENSG00000167889	MGAT5B	2379	62.56	939	449	18.87		70	fast	80
ENSG00000167895_TMC8	ENSG00000167895	TMC8	2169	63.28	1251	624	28.77		70	fast	70
ENSG00000167900_TK1	ENSG00000167900	TK1	705	61.35	344	191	27.09			slow	80
ENSG00000167904_TMEM68	ENSG00000167904	TMEM68	975	38.85	297	169	17.33	GC3		slow	90
ENSG00000167910_CYP7A1	ENSG00000167910	CYP7A1	1515	45.19	848	571	37.69	GC2	90	slow	90
ENSG00000167916_KRT24	ENSG00000167916	KRT24	1566	54.07	805	401	25.61	GC2		slow	70
ENSG00000167962_ZNF598	ENSG00000167962	ZNF598	2649	65.90	1487	833	31.45		80	fast	80
ENSG00000167967_E4F1	ENSG00000167967	E4F1	2352	64.79	1168	627	26.66		80	fast	80
ENSG00000167969_ECI1	ENSG00000167969	ECI1	882	61.01	560	299	33.90			fast	70
ENSG00000167971_CASKIN1	ENSG00000167971	CASKIN1	4194	66.64	1923	1025	24.44		70	fast	
ENSG00000167978_SRRM2	ENSG00000167978	SRRM2	8247	55.71	4270	2392	29.00	GC3	90	slow	80
ENSG00000167981_ZNF597	ENSG00000167981	ZNF597	1275	46.36	988	566	44.39	GC3	80	fast	70
ENSG00000167986_DDB1	ENSG00000167986	DDB1	3423	53.62	1059	632	18.46	GC1		slow	90
ENSG00000167994_RAB3IL1	ENSG00000167994	RAB3IL1	1149	63.93	531	268	23.32			slow	80
ENSG00000167995_BEST1	ENSG00000167995	BEST1	1761	55.65	923	525	29.81	GC1	70	fast	70
ENSG00000168004_HRASLS5	ENSG00000168004	HRASLS5	825	56.34	568	355	43.03	GC1	70	fast	90
ENSG00000168010_ATG16L2	ENSG00000168010	ATG16L2	1860	62.24	1174	624	33.55		70	fast	90
ENSG00000168016_TRANK1	ENSG00000168016	TRANK1	8016	52.74	4130	2477	30.90	GC1	90	fast	80
ENSG00000168026_TTC21A	ENSG00000168026	TTC21A	3966	55.46	2133	1065	26.85		70	slow	70
ENSG00000168032_ENTPD3	ENSG00000168032	ENTPD3	1590	51.61	990	615	38.68	GC1	80	fast	90
ENSG00000168036_CTNNB1	ENSG00000168036	CTNNB1	2346	49.50	616	378	16.11	GC3		slow	90
ENSG00000168060_NAALADL1	ENSG00000168060	NAALADL1	2235	61.81	1250	776	34.72		80	slow	80
ENSG00000168066_SF1	ENSG00000168066	SF1	1890	58.96	629	406	21.48	GC2		slow	90
ENSG00000168067_MAP4K2	ENSG00000168067	MAP4K2	2463	61.56	968	436	17.70		70	slow	70
ENSG00000168070_C11orf85	ENSG00000168070	C11orf85	660	47.21	426	285	43.18	GC2		slow	70
ENSG00000168077_SCARA3	ENSG00000168077	SCARA3	1821	60.46	854	492	27.02		80	slow	90
ENSG00000168079_SCARA5	ENSG00000168079	SCARA5	1485	64.58	688	324	21.82		70	slow	80
ENSG00000168090_COPS6	ENSG00000168090	COPS6	978	53.97	334	159	16.26	GC1		slow	80
ENSG00000168092_PAFAH1B2	ENSG00000168092	PAFAH1B2	690	48.33	189	94	13.62	GC2		slow	90
ENSG00000168096_ANKS3	ENSG00000168096	ANKS3	1983	60.83	1142	604	30.46		70	fast	90
ENSG00000168118_RAB4A	ENSG00000168118	RAB4A	657	45.26	221	153	23.29	GC3		slow	80
ENSG00000168135_KCNJ4	ENSG00000168135	KCNJ4	1335	64.75	280	122	9.14			slow	
ENSG00000168137_SETD5	ENSG00000168137	SETD5	4326	49.93	1428	630	14.56	GC3	80	slow	80
ENSG00000168140_VASN	ENSG00000168140	VASN	2031	68.89	1126	611	30.08		80	slow	70
ENSG00000168143_FAM83B	ENSG00000168143	FAM83B	3036	42.80	1750	1042	34.32	GC3	80	fast	90
ENSG00000168172_HOOK3	ENSG00000168172	HOOK3	2157	41.35	769	437	20.26	GC3		slow	90
ENSG00000168214_RBPJ	ENSG00000168214	RBPJ	1461	44.63	379	216	14.78	GC3		slow	90
ENSG00000168216_LMBRD1	ENSG00000168216	LMBRD1	1629	39.98	806	420	25.78	GC3		slow	90
ENSG00000168228_ZCCHC4	ENSG00000168228	ZCCHC4	1542	45.01	824	447	28.99	GC3	70	fast	90
ENSG00000168229_PTGDR	ENSG00000168229	PTGDR	1086	61.12	596	352	32.41		70	fast	80
ENSG00000168234_TTC39C	ENSG00000168234	TTC39C	1587	45.26	503	280	17.64	GC2	70	slow	90
ENSG00000168246_UBTD2	ENSG00000168246	UBTD2	636	49.36	220	138	21.70	GC2	70	slow	90
ENSG00000168259_DNAJC7	ENSG00000168259	DNAJC7	1485	45.61	447	224	15.08	GC3		slow	90
ENSG00000168268_NT5DC2	ENSG00000168268	NT5DC2	1476	59.07	479	254	17.21			slow	80
ENSG00000168280_KIF5C	ENSG00000168280	KIF5C	2748	50.43	821	518	18.85	GC1		slow	90
ENSG00000168282_MGAT2	ENSG00000168282	MGAT2	1344	52.30	550	264	19.64	GC1	70	slow	70
ENSG00000168286_THAP11	ENSG00000168286	THAP11	918	64.36	264	151	16.45			slow	
ENSG00000168297_PXK	ENSG00000168297	PXK	1740	46.85	696	364	20.92	GC2	70	slow	90
ENSG00000168300_PCMTD1	ENSG00000168300	PCMTD1	1074	42.71	379	209	19.46	GC3		slow	90
ENSG00000168301_KCTD6	ENSG00000168301	KCTD6	714	46.55	196	121	16.95	GC2		slow	90
ENSG00000168306_ACOX2	ENSG00000168306	ACOX2	2046	55.41	1214	762	37.24	GC1	80	fast	80
ENSG00000168310_IRF2	ENSG00000168310	IRF2	1050	51.32	365	209	19.90	GC2		slow	90
ENSG00000168329_CX3CR1	ENSG00000168329	CX3CR1	1071	50.45	616	378	35.29	GC1		slow	80
ENSG00000168348_INSM2	ENSG00000168348	INSM2	1683	68.87	1007	505	30.01		70	fast	80
ENSG00000168350_DEGS2	ENSG00000168350	DEGS2	972	65.81	409	197	20.27			slow	80
ENSG00000168356_SCN11A	ENSG00000168356	SCN11A	5343	45.36	2904	1790	33.50	GC2	80	fast	80
ENSG00000168385_SEPT2	ENSG00000168385	SEPT2	1086	50.46	417	271	24.95	GC1		slow	90
ENSG00000168386_FILIP1L	ENSG00000168386	FILIP1L	3408	43.17	1426	710	20.83	GC3	80	fast	90
ENSG00000168389_MFSD2A	ENSG00000168389	MFSD2A	1590	55.73	741	427	26.86	GC1		fast	90
ENSG00000168393_DTYMK	ENSG00000168393	DTYMK	639	60.25	341	224	35.05		70	slow	
ENSG00000168394_TAP1	ENSG00000168394	TAP1	2265	58.94	1351	836	36.91	GC1	80	fast	90
ENSG00000168395_ING5	ENSG00000168395	ING5	723	54.25	271	147	20.33	GC1		fast	70
ENSG00000168397_ATG4B	ENSG00000168397	ATG4B	1182	58.70	537	335	28.34			fast	80
ENSG00000168398_BDKRB2	ENSG00000168398	BDKRB2	1182	60.82	615	326	27.58		70	fast	70
ENSG00000168411_RFWD3	ENSG00000168411	RFWD3	2325	51.21	1431	865	37.20	GC2	80	fast	90
ENSG00000168418_KCNG4	ENSG00000168418	KCNG4	1521	65.02	777	479	31.49		80	slow	80
ENSG00000168427_KLHL30	ENSG00000168427	KLHL30	1737	67.64	843	434	24.99			fast	70
ENSG00000168434_COG7	ENSG00000168434	COG7	2313	54.51	978	597	25.81	GC1	70	fast	90
ENSG00000168438_CDC40	ENSG00000168438	CDC40	1740	43.11	525	290	16.67	GC3		slow	90
ENSG00000168439_STIP1	ENSG00000168439	STIP1	1632	51.89	912	562	34.44	GC1		fast	90
ENSG00000168453_HR	ENSG00000168453	HR	3555	64.17	2046	1195	33.61	GC1	80	fast	90
ENSG00000168481_LGI3	ENSG00000168481	LGI3	1647	60.23	554	302	18.34		70	slow	80
ENSG00000168487_BMP1	ENSG00000168487	BMP1	2961	59.34	1123	589	19.89			fast	90
ENSG00000168488_ATXN2L	ENSG00000168488	ATXN2L	3240	60.22	1220	646	19.94	GC1		fast	90
ENSG00000168490_PHYHIP	ENSG00000168490	PHYHIP	993	60.20	283	123	12.39			slow	80
ENSG00000168491_CCDC110	ENSG00000168491	CCDC110	2499	34.36	1614	900	36.01	GC3	80	fast	90
ENSG00000168497_SDPR	ENSG00000168497	SDPR	1278	57.31	732	434	33.96			fast	90
ENSG00000168502_MTCL1	ENSG00000168502	MTCL1	4719	61.38	2899	1770	37.51		80	fast	90
ENSG00000168517_HEXIM2	ENSG00000168517	HEXIM2	861	65.06	547	285	33.10		70	slow	90
ENSG00000168522_FNTA	ENSG00000168522	FNTA	1140	44.11	453	232	20.35	GC3		slow	90
ENSG00000168528_SERINC2	ENSG00000168528	SERINC2	1365	60.48	674	371	27.18			fast	80
ENSG00000168538_TRAPPC11	ENSG00000168538	TRAPPC11	3402	45.23	1350	882	25.93	GC3		slow	90
ENSG00000168542_COL3A1	ENSG00000168542	COL3A1	4398	58.39	2049	1295	29.45	GC3	80	slow	90
ENSG00000168546_GFRA2	ENSG00000168546	GFRA2	1395	60.79	416	198	14.19			slow	80
ENSG00000168556_ING2	ENSG00000168556	ING2	843	44.85	223	135	16.01	GC3		slow	90
ENSG00000168564_CDKN2AIP	ENSG00000168564	CDKN2AIP	1752	48.44	829	421	24.03	GC3	70	fast	80
ENSG00000168566_SNRNP48	ENSG00000168566	SNRNP48	1020	44.33	497	269	26.37	GC3		slow	70
ENSG00000168575_SLC20A2	ENSG00000168575	SLC20A2	1962	55.38	915	588	29.97	GC1		fast	90
ENSG00000168591_TMUB2	ENSG00000168591	TMUB2	942	58.30	396	186	19.75	GC1		slow	90
ENSG00000168610_STAT3	ENSG00000168610	STAT3	2313	51.62	591	390	16.86	GC1		slow	90
ENSG00000168615_ADAM9	ENSG00000168615	ADAM9	2460	44.62	1188	676	27.48	GC3	80	slow	90
ENSG00000168619_ADAM18	ENSG00000168619	ADAM18	2217	37.68	1456	823	37.12	GC3	80	fast	90
ENSG00000168621_GDNF	ENSG00000168621	GDNF	636	54.56	251	136	21.38	GC1		slow	80
ENSG00000168646_AXIN2	ENSG00000168646	AXIN2	2532	61.04	1325	658	25.99		80	fast	80
ENSG00000168658_VWA3B	ENSG00000168658	VWA3B	3810	47.49	2293	1312	34.44	GC2	80	fast	80
ENSG00000168675_LDLRAD4	ENSG00000168675	LDLRAD4	921	61.63	486	309	33.55			fast	80
ENSG00000168676_KCTD19	ENSG00000168676	KCTD19	2781	53.52	1284	702	25.24	GC1	80	fast	90
ENSG00000168679_SLC16A4	ENSG00000168679	SLC16A4	1479	44.00	967	493	33.33	GC3	80	fast	80
ENSG00000168685_IL7R	ENSG00000168685	IL7R	1380	45.08	883	563	40.80	GC3	80	fast	90
ENSG00000168710_AHCYL1	ENSG00000168710	AHCYL1	1593	50.99	432	239	15.00	GC2		slow	90
ENSG00000168724_DNAJC21	ENSG00000168724	DNAJC21	1599	44.62	773	383	23.95	GC3		slow	80
ENSG00000168748_CA7	ENSG00000168748	CA7	795	59.34	313	147	18.49		70	slow	80
ENSG00000168758_SEMA4C	ENSG00000168758	SEMA4C	2502	62.39	1258	646	25.82		70	slow	80
ENSG00000168781_PPIP5K1	ENSG00000168781	PPIP5K1	4272	52.74	1712	912	21.35	GC2	80	fast	90
ENSG00000168785_TSPAN5	ENSG00000168785	TSPAN5	807	46.32	187	98	12.14	GC2		slow	90
ENSG00000168792_ABHD15	ENSG00000168792	ABHD15	1407	66.59	595	283	20.11		70	fast	70
ENSG00000168795_ZBTB5	ENSG00000168795	ZBTB5	2034	53.37	719	434	21.34	GC1	80	slow	80
ENSG00000168803_ADAL	ENSG00000168803	ADAL	1068	41.70	575	257	24.06	GC3		fast	90
ENSG00000168807_SNTB2	ENSG00000168807	SNTB2	1617	56.71	559	219	13.54	GC1		fast	80
ENSG00000168811_IL12A	ENSG00000168811	IL12A	741	50.98	506	297	40.08	GC1		fast	90
ENSG00000168813_ZNF507	ENSG00000168813	ZNF507	2868	47.04	1494	966	33.68	GC2	90	fast	90
ENSG00000168826_ZBTB49	ENSG00000168826	ZBTB49	2298	54.64	1327	905	39.38	GC1	70	fast	80
ENSG00000168827_GFM1	ENSG00000168827	GFM1	2265	46.38	978	607	26.80	GC3	70	fast	90
ENSG00000168828_OR13J1	ENSG00000168828	OR13J1	939	57.81	429	222	23.64			slow	
ENSG00000168876_ANKRD49	ENSG00000168876	ANKRD49	720	46.87	341	209	29.03	GC3		slow	90
ENSG00000168878_SFTPB	ENSG00000168878	SFTPB	1113	62.46	789	449	40.34		80	fast	90
ENSG00000168883_USP39	ENSG00000168883	USP39	1698	51.95	562	336	19.79	GC1	70	slow	90
ENSG00000168884_TNIP2	ENSG00000168884	TNIP2	1248	64.43	758	430	34.46			fast	80
ENSG00000168890_TMEM150A	ENSG00000168890	TMEM150A	816	59.02	334	187	22.92			slow	80
ENSG00000168904_LRRC28	ENSG00000168904	LRRC28	1104	49.26	394	189	17.12	GC2		slow	80
ENSG00000168906_MAT2A	ENSG00000168906	MAT2A	1188	46.84	224	91	7.66	GC3		slow	70
ENSG00000168907_PLA2G4F	ENSG00000168907	PLA2G4F	2550	59.25	1674	935	36.67		80	fast	90
ENSG00000168916_ZNF608	ENSG00000168916	ZNF608	4539	53.96	1520	855	18.84	GC2	90	slow	90
ENSG00000168917_SLC35G2	ENSG00000168917	SLC35G2	1239	40.80	422	201	16.22	GC3		slow	70
ENSG00000168918_INPP5D	ENSG00000168918	INPP5D	3552	57.36	1758	967	27.22		70	fast	90
ENSG00000168924_LETM1	ENSG00000168924	LETM1	2220	60.44	1191	718	32.34		80	fast	80
ENSG00000168938_PPIC	ENSG00000168938	PPIC	639	50.38	280	165	25.82	GC2		fast	90
ENSG00000168944_CEP120	ENSG00000168944	CEP120	2961	43.62	1309	720	24.32	GC3	90	slow	90
ENSG00000168952_STXBP6	ENSG00000168952	STXBP6	633	49.90	194	113	17.85	GC2		slow	90
ENSG00000168955_TM4SF20	ENSG00000168955	TM4SF20	690	45.74	458	327	47.39	GC2		fast	90
ENSG00000168959_GRM5	ENSG00000168959	GRM5	3609	53.97	1349	691	19.15	GC1		fast	70
ENSG00000168994_PXDC1	ENSG00000168994	PXDC1	696	54.54	316	164	23.56	GC1		fast	80
ENSG00000169016_E2F6	ENSG00000169016	E2F6	846	45.30	390	233	27.54	GC3		fast	80
ENSG00000169018_FEM1B	ENSG00000169018	FEM1B	1884	47.74	549	334	17.73	GC2	70	slow	80
ENSG00000169026_MFSD7	ENSG00000169026	MFSD7	1419	62.75	962	581	40.94		80	fast	80
ENSG00000169031_COL4A3	ENSG00000169031	COL4A3	5010	57.44	2793	1754	35.01	GC3	90	slow	80
ENSG00000169032_MAP2K1	ENSG00000169032	MAP2K1	1182	53.31	394	200	16.92	GC1		slow	90
ENSG00000169047_IRS1	ENSG00000169047	IRS1	3723	64.48	1553	834	22.40		80	slow	80
ENSG00000169057_MECP2	ENSG00000169057	MECP2	1461	61.00	499	303	20.74	GC1		slow	80
ENSG00000169062_UPF3A	ENSG00000169062	UPF3A	1431	50.67	987	617	43.12	GC2	80	fast	90
ENSG00000169064_ZBBX	ENSG00000169064	ZBBX	2520	39.22	1791	929	36.87	GC3	80	fast	90
ENSG00000169085_C8orf46	ENSG00000169085	C8orf46	612	56.89	345	196	32.03	GC1		fast	90
ENSG00000169087_HSPBAP1	ENSG00000169087	HSPBAP1	1470	45.06	867	520	35.37	GC3	70	fast	90
ENSG00000169116_PARM1	ENSG00000169116	PARM1	930	57.92	686	452	48.60	GC2	80	fast	70
ENSG00000169122_FAM110B	ENSG00000169122	FAM110B	1113	62.88	369	227	20.40		70	slow	
ENSG00000169129_AFAP1L2	ENSG00000169129	AFAP1L2	2460	59.19	1305	711	28.90		80	fast	90
ENSG00000169155_ZBTB43	ENSG00000169155	ZBTB43	1404	49.63	504	252	17.95	GC2		slow	90
ENSG00000169169_CPT1C	ENSG00000169169	CPT1C	2412	60.02	1128	553	22.93		70	fast	70
ENSG00000169180_XPO6	ENSG00000169180	XPO6	3375	51.79	1072	592	17.54	GC1	70	slow	90
ENSG00000169188_APEX2	ENSG00000169188	APEX2	1557	55.46	846	487	31.28	GC1	80	slow	80
ENSG00000169189_NSMCE1	ENSG00000169189	NSMCE1	801	51.92	400	228	28.46	GC1		fast	80
ENSG00000169213_RAB3B	ENSG00000169213	RAB3B	660	52.92	196	117	17.73	GC1		slow	90
ENSG00000169217_CD2BP2	ENSG00000169217	CD2BP2	1026	59.07	423	246	23.98	GC1	80	slow	80
ENSG00000169218_RSPO1	ENSG00000169218	RSPO1	792	63.24	321	175	22.10			fast	90
ENSG00000169221_TBC1D10B	ENSG00000169221	TBC1D10B	2151	62.15	847	375	17.43	GC1		fast	80
ENSG00000169223_LMAN2	ENSG00000169223	LMAN2	1071	59.46	397	225	21.01			slow	90
ENSG00000169231_THBS3	ENSG00000169231	THBS3	2871	58.07	979	601	20.93	GC1	70	slow	90
ENSG00000169239_CA5B	ENSG00000169239	CA5B	954	51.22	474	272	28.51	GC2		fast	80
ENSG00000169241_SLC50A1	ENSG00000169241	SLC50A1	666	56.45	374	216	32.43		70	fast	90
ENSG00000169242_EFNA1	ENSG00000169242	EFNA1	618	56.54	323	160	25.89	GC1		slow	80
ENSG00000169247_SH3TC2	ENSG00000169247	SH3TC2	3870	55.85	1960	1132	29.25	GC1	80	fast	90
ENSG00000169251_NMD3	ENSG00000169251	NMD3	1512	41.03	621	337	22.29	GC3	70	slow	90
ENSG00000169252_ADRB2	ENSG00000169252	ADRB2	1257	54.95	570	300	23.87			slow	90
ENSG00000169255_B3GALNT1	ENSG00000169255	B3GALNT1	996	42.24	345	194	19.48	GC2		slow	80
ENSG00000169282_KCNAB1	ENSG00000169282	KCNAB1	1206	49.95	505	251	20.81	GC2		fast	90
ENSG00000169288_MRPL1	ENSG00000169288	MRPL1	978	38.94	491	261	26.69	GC3	70	fast	80
ENSG00000169291_SHE	ENSG00000169291	SHE	1491	61.90	893	454	30.45			fast	90
ENSG00000169297_NR0B1	ENSG00000169297	NR0B1	1416	64.84	944	538	37.99		70	fast	90
ENSG00000169299_PGM2	ENSG00000169299	PGM2	1839	46.92	882	529	28.77	GC2	70	slow	90
ENSG00000169302_STK32A	ENSG00000169302	STK32A	1191	47.76	528	263	22.08	GC1		fast	90
ENSG00000169306_IL1RAPL1	ENSG00000169306	IL1RAPL1	2007	44.30	504	199	9.92	GC3	70	fast	80
ENSG00000169313_P2RY12	ENSG00000169313	P2RY12	1029	43.02	445	278	27.02	GC2	70	slow	80
ENSG00000169347_GP2	ENSG00000169347	GP2	1605	55.04	1064	665	41.43	GC1	80	slow	80
ENSG00000169359_SLC33A1	ENSG00000169359	SLC33A1	1653	46.79	724	464	28.07	GC2		slow	90
ENSG00000169371_SNUPN	ENSG00000169371	SNUPN	1086	51.15	535	278	25.60	GC2		fast	90
ENSG00000169372_CRADD	ENSG00000169372	CRADD	600	56.90	288	159	26.50	GC1		slow	70
ENSG00000169375_SIN3A	ENSG00000169375	SIN3A	3825	49.75	1143	629	16.44	GC2	80	slow	90
ENSG00000169379_ARL13B	ENSG00000169379	ARL13B	1293	43.77	622	318	24.59	GC3		slow	90
ENSG00000169398_PTK2	ENSG00000169398	PTK2	3159	52.51	1081	682	21.59	GC1	80	fast	90
ENSG00000169403_PTAFR	ENSG00000169403	PTAFR	1029	53.93	491	313	30.42		70	slow	80
ENSG00000169410_PTPN9	ENSG00000169410	PTPN9	1752	51.20	583	309	17.64	GC1	70	slow	90
ENSG00000169427_KCNK9	ENSG00000169427	KCNK9	1125	60.51	272	109	9.69			slow	
ENSG00000169432_SCN9A	ENSG00000169432	SCN9A	5973	42.76	2372	1303	21.81	GC3	80	slow	90
ENSG00000169435_RASSF6	ENSG00000169435	RASSF6	1050	39.67	593	352	33.52	GC3	70	fast	90
ENSG00000169436_COL22A1	ENSG00000169436	COL22A1	4875	64.46	2494	1350	27.69	GC2	90	fast	70
ENSG00000169439_SDC2	ENSG00000169439	SDC2	606	48.04	283	155	25.58	GC3		slow	80
ENSG00000169490_TM2D2	ENSG00000169490	TM2D2	645	53.01	268	158	24.50	GC2		slow	90
ENSG00000169495_HTRA4	ENSG00000169495	HTRA4	1431	56.31	861	412	28.79	GC1		fast	80
ENSG00000169499_PLEKHA2	ENSG00000169499	PLEKHA2	1278	54.32	539	296	23.16	GC1	70	fast	90
ENSG00000169504_CLIC4	ENSG00000169504	CLIC4	762	43.64	258	127	16.67	GC2		slow	90
ENSG00000169507_SLC38A11	ENSG00000169507	SLC38A11	1332	40.95	639	351	26.35	GC3	70	fast	90
ENSG00000169508_GPR183	ENSG00000169508	GPR183	1086	42.40	478	355	32.69	GC2		slow	90
ENSG00000169515_CCDC8	ENSG00000169515	CCDC8	1566	63.88	946	539	34.42	GC1	70	slow	
ENSG00000169550_MUC15	ENSG00000169550	MUC15	1005	41.47	725	490	48.76	GC3	80	fast	90
ENSG00000169554_ZEB2	ENSG00000169554	ZEB2	3630	47.34	971	454	12.51	GC2	70	slow	90
ENSG00000169562_GJB1	ENSG00000169562	GJB1	852	58.65	225	128	15.02			slow	80
ENSG00000169564_PCBP1	ENSG00000169564	PCBP1	1071	55.41	309	222	20.73	GC1		slow	80
ENSG00000169583_CLIC3	ENSG00000169583	CLIC3	714	64.96	336	184	25.77			slow	70
ENSG00000169592_INO80E	ENSG00000169592	INO80E	735	62.65	272	119	16.19			slow	80
ENSG00000169594_BNC1	ENSG00000169594	BNC1	2895	56.52	1532	986	34.06	GC1	80	fast	90
ENSG00000169598_DFFB	ENSG00000169598	DFFB	1017	60.47	599	386	37.95		80	fast	90
ENSG00000169599_NFU1	ENSG00000169599	NFU1	762	43.92	350	150	19.69	GC3		fast	80
ENSG00000169604_ANTXR1	ENSG00000169604	ANTXR1	1695	52.82	549	319	18.82	GC2	70	slow	80
ENSG00000169607_CKAP2L	ENSG00000169607	CKAP2L	2238	45.10	1688	1072	47.90	GC3	80	fast	90
ENSG00000169618_PROKR1	ENSG00000169618	PROKR1	1182	54.85	565	329	27.83			slow	90
ENSG00000169621_APLF	ENSG00000169621	APLF	1539	44.20	1041	633	41.13	GC3	80	fast	90
ENSG00000169635_HIC2	ENSG00000169635	HIC2	1848	65.38	724	383	20.73		70	slow	
ENSG00000169660_HEXDC	ENSG00000169660	HEXDC	1461	62.18	831	519	35.52		70	fast	90
ENSG00000169679_BUB1	ENSG00000169679	BUB1	3258	46.11	2032	1276	39.17	GC3	80	slow	80
ENSG00000169682_SPNS1	ENSG00000169682	SPNS1	1587	62.54	616	305	19.22		70	fast	80
ENSG00000169683_LRRC45	ENSG00000169683	LRRC45	2013	63.11	1065	549	27.27		80	fast	70
ENSG00000169684_CHRNA5	ENSG00000169684	CHRNA5	1359	43.80	612	401	29.51	GC3		fast	90
ENSG00000169692_AGPAT2	ENSG00000169692	AGPAT2	705	60.19	432	237	33.62			fast	80
ENSG00000169696_ASPSCR1	ENSG00000169696	ASPSCR1	1602	63.70	1025	566	35.33		70	fast	
ENSG00000169710_FASN	ENSG00000169710	FASN	7536	64.43	4134	2460	32.64		90	fast	70
ENSG00000169718_DUS1L	ENSG00000169718	DUS1L	1428	61.27	637	342	23.95			fast	70
ENSG00000169727_GPS1	ENSG00000169727	GPS1	1467	59.85	533	288	19.63			fast	70
ENSG00000169740_ZNF32	ENSG00000169740	ZNF32	822	46.72	228	109	13.26	GC3	70	slow	80
ENSG00000169744_LDB2	ENSG00000169744	LDB2	1122	50.86	386	219	19.52	GC1		fast	90
ENSG00000169758_C15orf27	ENSG00000169758	C15orf27	1617	58.95	811	354	21.89			fast	80
ENSG00000169760_NLGN1	ENSG00000169760	NLGN1	1851	43.94	472	245	13.24	GC3		slow	90
ENSG00000169762_TAPT1	ENSG00000169762	TAPT1	1620	44.35	629	397	24.51	GC2		fast	90
ENSG00000169764_UGP2	ENSG00000169764	UGP2	1527	40.80	477	260	17.03	GC3	70	slow	90
ENSG00000169783_LINGO1	ENSG00000169783	LINGO1	1863	62.91	402	214	11.49			slow	70
ENSG00000169813_HNRNPF	ENSG00000169813	HNRNPF	1245	51.93	356	224	17.99	GC2	70	slow	
ENSG00000169814_BTD	ENSG00000169814	BTD	1596	52.51	834	507	31.77	GC1	70	fast	80
ENSG00000169826_CSGALNACT2	ENSG00000169826	CSGALNACT2	1629	43.30	531	257	15.78	GC3	70	slow	90
ENSG00000169851_PCDH7	ENSG00000169851	PCDH7	3366	56.08	1036	538	15.98	GC1	80	slow	80
ENSG00000169855_ROBO1	ENSG00000169855	ROBO1	4899	49.89	1634	966	19.72	GC3	70	slow	80
ENSG00000169856_ONECUT1	ENSG00000169856	ONECUT1	1398	62.47	360	156	11.16			slow	80
ENSG00000169860_P2RY1	ENSG00000169860	P2RY1	1122	53.26	372	205	18.27			slow	70
ENSG00000169862_CTNND2	ENSG00000169862	CTNND2	3630	58.30	1166	572	15.76	GC1		fast	80
ENSG00000169891_REPS2	ENSG00000169891	REPS2	1716	51.13	852	424	24.71	GC2	70	fast	90
ENSG00000169895_SYAP1	ENSG00000169895	SYAP1	1059	49.21	561	320	30.22	GC2	70	fast	90
ENSG00000169896_ITGAM	ENSG00000169896	ITGAM	3459	53.30	2113	1354	39.14	GC1	80	fast	80
ENSG00000169902_TPST1	ENSG00000169902	TPST1	1113	45.95	427	249	22.37	GC2	70	slow	90
ENSG00000169905_TOR1AIP2	ENSG00000169905	TOR1AIP2	1413	50.77	924	572	40.48	GC2	80	fast	90
ENSG00000169908_TM4SF1	ENSG00000169908	TM4SF1	609	51.61	353	249	40.89	GC2		fast	90
ENSG00000169914_OTUD3	ENSG00000169914	OTUD3	1194	51.54	568	259	21.69	GC2		fast	90
ENSG00000169919_GUSB	ENSG00000169919	GUSB	1953	57.68	1001	602	30.82		70	fast	90
ENSG00000169925_BRD3	ENSG00000169925	BRD3	2181	60.93	744	430	19.72		80	slow	70
ENSG00000169933_FRMPD4	ENSG00000169933	FRMPD4	3936	53.54	1712	1021	25.94	GC1	80	fast	90
ENSG00000169946_ZFPM2	ENSG00000169946	ZFPM2	3453	49.62	1327	779	22.56	GC2		slow	90
ENSG00000169957_ZNF768	ENSG00000169957	ZNF768	1623	61.16	592	239	14.73	GC1		slow	
ENSG00000169962_TAS1R3	ENSG00000169962	TAS1R3	2559	64.52	1629	951	37.16		80	fast	70
ENSG00000169967_MAP3K2	ENSG00000169967	MAP3K2	1860	44.04	665	375	20.16	GC3	70	slow	90
ENSG00000169972_PUSL1	ENSG00000169972	PUSL1	906	64.10	488	309	34.11			fast	70
ENSG00000169989_TIGD4	ENSG00000169989	TIGD4	1539	39.48	687	401	26.06	GC3	80	slow	80
ENSG00000169992_NLGN2	ENSG00000169992	NLGN2	2508	64.66	844	398	15.87			fast	80
ENSG00000169994_MYO7B	ENSG00000169994	MYO7B	6354	58.70	3508	1708	26.88		80	slow	
ENSG00000170004_CHD3	ENSG00000170004	CHD3	5907	55.83	2211	1141	19.32	GC1	90	fast	90
ENSG00000170011_MYRIP	ENSG00000170011	MYRIP	2580	58.13	1516	866	33.57	GC1	80	fast	90
ENSG00000170017_ALCAM	ENSG00000170017	ALCAM	1752	43.08	717	396	22.60	GC3	70	slow	90
ENSG00000170027_YWHAG	ENSG00000170027	YWHAG	744	54.66	183	121	16.26			slow	90
ENSG00000170035_UBE2E3	ENSG00000170035	UBE2E3	624	45.64	82	31	4.97	GC3		slow	70
ENSG00000170037_CNTROB	ENSG00000170037	CNTROB	2718	59.89	1787	961	35.36	GC1	80	fast	90
ENSG00000170044_ZPLD1	ENSG00000170044	ZPLD1	1257	46.11	527	283	22.51	GC2		slow	90
ENSG00000170049_KCNAB3	ENSG00000170049	KCNAB3	1215	57.71	473	224	18.44	GC1		slow	90
ENSG00000170075_GPR37L1	ENSG00000170075	GPR37L1	1446	66.01	725	413	28.56		70	slow	70
ENSG00000170085_SIMC1	ENSG00000170085	SIMC1	2547	51.49	1385	794	31.17	GC2	80	slow	80
ENSG00000170088_TMEM192	ENSG00000170088	TMEM192	816	45.83	462	291	35.66	GC2	70	slow	90
ENSG00000170099_SERPINA6	ENSG00000170099	SERPINA6	1215	55.08	821	515	42.39		80	fast	70
ENSG00000170113_NIPA1	ENSG00000170113	NIPA1	954	56.49	397	201	21.07			fast	90
ENSG00000170145_SIK2	ENSG00000170145	SIK2	2778	54.57	1165	665	23.94	GC2	80	fast	90
ENSG00000170153_RNF150	ENSG00000170153	RNF150	1317	56.16	384	202	15.34	GC1		fast	80
ENSG00000170162_VGLL2	ENSG00000170162	VGLL2	954	67.52	478	238	24.95			fast	80
ENSG00000170175_CHRNB1	ENSG00000170175	CHRNB1	1506	57.01	768	399	26.49	GC1	70	fast	90
ENSG00000170185_USP38	ENSG00000170185	USP38	3129	46.07	1509	805	25.73	GC3	80	fast	90
ENSG00000170209_ANKK1	ENSG00000170209	ANKK1	2292	61.27	1572	760	33.16		70	fast	80
ENSG00000170214_ADRA1B	ENSG00000170214	ADRA1B	1551	61.61	478	198	12.77			fast	90
ENSG00000170222_ADPRM	ENSG00000170222	ADPRM	1029	44.84	547	348	33.82	GC3	70	slow	90
ENSG00000170234_PWWP2A	ENSG00000170234	PWWP2A	1674	52.61	795	378	22.58	GC2		fast	80
ENSG00000170236_USP50	ENSG00000170236	USP50	999	47.40	503	308	30.83	GC2		slow	90
ENSG00000170242_USP47	ENSG00000170242	USP47	4089	40.91	1309	642	15.70	GC3	80	slow	90
ENSG00000170248_PDCD6IP	ENSG00000170248	PDCD6IP	2607	47.29	949	534	20.48	GC3	70	slow	90
ENSG00000170264_FAM161A	ENSG00000170264	FAM161A	1986	43.07	1430	773	38.92	GC3	80	fast	90
ENSG00000170266_GLB1	ENSG00000170266	GLB1	1980	53.65	1163	770	38.89	GC1	70	fast	90
ENSG00000170275_CRTAP	ENSG00000170275	CRTAP	1206	57.41	589	260	21.56			fast	80
ENSG00000170289_CNGB3	ENSG00000170289	CNGB3	2346	43.73	1401	775	33.03	GC3	80	fast	90
ENSG00000170291_ELP5	ENSG00000170291	ELP5	951	57.28	575	330	34.70	GC1		fast	80
ENSG00000170310_STX8	ENSG00000170310	STX8	711	48.07	323	178	25.04	GC2		fast	90
ENSG00000170312_CDK1	ENSG00000170312	CDK1	894	39.54	251	105	11.74	GC3		slow	80
ENSG00000170322_NFRKB	ENSG00000170322	NFRKB	3936	56.66	1570	954	24.24	GC1	80	slow	80
ENSG00000170325_PRDM10	ENSG00000170325	PRDM10	3474	54.55	1370	877	25.24	GC1	80	fast	90
ENSG00000170345_FOS	ENSG00000170345	FOS	1143	60.80	393	201	17.59			slow	90
ENSG00000170348_TMED10	ENSG00000170348	TMED10	660	51.80	234	129	19.55	GC1		slow	80
ENSG00000170365_SMAD1	ENSG00000170365	SMAD1	1398	50.97	378	232	16.60	GC2	70	slow	90
ENSG00000170370_EMX2	ENSG00000170370	EMX2	759	63.15	190	74	9.75			slow	80
ENSG00000170379_TCAF2	ENSG00000170379	TCAF2	2754	59.23	1766	1114	40.45	GC1	70	fast	80
ENSG00000170381_SEMA3E	ENSG00000170381	SEMA3E	2328	45.88	1081	617	26.50	GC3	80	fast	90
ENSG00000170382_LRRN2	ENSG00000170382	LRRN2	2139	64.82	984	464	21.69		70	slow	70
ENSG00000170390_DCLK2	ENSG00000170390	DCLK2	2352	52.82	919	494	21.00	GC2	80	fast	90
ENSG00000170412_GPRC5C	ENSG00000170412	GPRC5C	1410	62.98	637	368	26.10			slow	90
ENSG00000170417_TMEM182	ENSG00000170417	TMEM182	690	47.91	314	197	28.55	GC2		slow	90
ENSG00000170419_VSTM2A	ENSG00000170419	VSTM2A	744	54.12	363	228	30.65	GC1		slow	80
ENSG00000170425_ADORA2B	ENSG00000170425	ADORA2B	999	56.38	609	305	30.53	GC1		fast	80
ENSG00000170426_SDR9C7	ENSG00000170426	SDR9C7	942	55.90	468	250	26.54	GC1		fast	90
ENSG00000170445_HARS	ENSG00000170445	HARS	1530	53.48	571	325	21.24	GC1	70	slow	90
ENSG00000170448_NFXL1	ENSG00000170448	NFXL1	2742	45.85	1253	614	22.39	GC3	80	fast	90
ENSG00000170454_KRT75	ENSG00000170454	KRT75	1656	59.39	951	525	31.70		70	slow	90
ENSG00000170464_DNAJC18	ENSG00000170464	DNAJC18	1077	44.84	510	216	20.06	GC3		slow	90
ENSG00000170469_SPATA24	ENSG00000170469	SPATA24	618	51.30	199	85	13.75	GC1		slow	80
ENSG00000170471_RALGAPB	ENSG00000170471	RALGAPB	4488	44.92	1188	563	12.54	GC3	80	slow	90
ENSG00000170473_WIBG	ENSG00000170473	WIBG	612	59.36	284	164	26.80	GC1		slow	90
ENSG00000170477_KRT4	ENSG00000170477	KRT4	1569	57.81	784	484	30.85		70	slow	90
ENSG00000170482_SLC23A1	ENSG00000170482	SLC23A1	1797	56.44	724	389	21.65	GC1	80	slow	90
ENSG00000170485_NPAS2	ENSG00000170485	NPAS2	2472	56.78	1152	630	25.49	GC1	80	fast	80
ENSG00000170486_KRT72	ENSG00000170486	KRT72	1536	60.48	867	480	31.25			slow	70
ENSG00000170500_LONRF2	ENSG00000170500	LONRF2	1800	48.34	1428	732	40.67	GC2	80	fast	80
ENSG00000170502_NUDT9	ENSG00000170502	NUDT9	1053	47.38	519	282	26.78	GC3	70	slow	90
ENSG00000170509_HSD17B13	ENSG00000170509	HSD17B13	903	43.92	521	262	29.01	GC3		slow	70
ENSG00000170522_ELOVL6	ENSG00000170522	ELOVL6	798	47.38	222	117	14.66	GC1		fast	90
ENSG00000170525_PFKFB3	ENSG00000170525	PFKFB3	1581	56.20	685	356	22.52			slow	80
ENSG00000170537_TMC7	ENSG00000170537	TMC7	2166	48.51	950	549	25.35	GC1	70	fast	80
ENSG00000170540_ARL6IP1	ENSG00000170540	ARL6IP1	612	45.89	205	94	15.36	GC2		slow	80
ENSG00000170558_CDH2	ENSG00000170558	CDH2	2721	47.37	888	548	20.14	GC3	70	slow	90
ENSG00000170571_EMB	ENSG00000170571	EMB	864	39.13	614	341	39.47	GC3		fast	90
ENSG00000170577_SIX2	ENSG00000170577	SIX2	891	67.29	213	77	8.64			slow	70
ENSG00000170579_DLGAP1	ENSG00000170579	DLGAP1	2934	58.82	906	500	17.04		80	fast	90
ENSG00000170606_HSPA4	ENSG00000170606	HSPA4	2523	42.64	838	448	17.76	GC3	80	slow	90
ENSG00000170613_FAM71B	ENSG00000170613	FAM71B	1812	53.87	1306	820	45.25	GC2	70	fast	70
ENSG00000170615_SLC26A5	ENSG00000170615	SLC26A5	2226	46.35	876	500	22.46	GC2		slow	90
ENSG00000170619_COMMD5	ENSG00000170619	COMMD5	675	63.60	340	177	26.22		70	slow	
ENSG00000170624_SGCD	ENSG00000170624	SGCD	870	47.37	238	116	13.33	GC2	70	slow	80
ENSG00000170632_ARMC10	ENSG00000170632	ARMC10	927	45.96	526	309	33.33	GC2		fast	80
ENSG00000170633_RNF34	ENSG00000170633	RNF34	1119	49.67	503	289	25.83	GC2		slow	90
ENSG00000170638_TRABD	ENSG00000170638	TRABD	1134	64.56	476	276	24.34		70	fast	80
ENSG00000170653_ATF7	ENSG00000170653	ATF7	1485	54.94	446	197	13.27	GC2	80	slow	80
ENSG00000170681_MURC	ENSG00000170681	MURC	1092	48.53	576	347	31.78	GC2		fast	90
ENSG00000170684_ZNF296	ENSG00000170684	ZNF296	1422	67.99	832	393	27.64		70	fast	
ENSG00000170703_TTLL6	ENSG00000170703	TTLL6	2529	51.62	1547	924	36.54	GC1	70	slow	80
ENSG00000170734_POLH	ENSG00000170734	POLH	2139	48.66	1190	700	32.73	GC3	80	slow	90
ENSG00000170743_SYT9	ENSG00000170743	SYT9	1476	50.76	487	251	17.01	GC1		slow	90
ENSG00000170759_KIF5B	ENSG00000170759	KIF5B	2892	40.80	945	485	16.77	GC3	80	slow	90
ENSG00000170775_GPR37	ENSG00000170775	GPR37	1845	56.68	946	610	33.06	GC1	80	fast	90
ENSG00000170776_AKAP13	ENSG00000170776	AKAP13	8448	53.37	5047	3076	36.41	GC2	80	slow	
ENSG00000170786_SDR16C5	ENSG00000170786	SDR16C5	930	43.45	565	383	41.18	GC3		fast	90
ENSG00000170802_FOXN2	ENSG00000170802	FOXN2	1296	44.19	579	291	22.45	GC3		slow	90
ENSG00000170819_BFSP2	ENSG00000170819	BFSP2	1248	60.24	845	475	38.06	GC1	80	fast	90
ENSG00000170820_FSHR	ENSG00000170820	FSHR	2088	47.23	1028	559	26.77	GC2	80	slow	90
ENSG00000170832_USP32	ENSG00000170832	USP32	4755	44.91	1654	771	16.21	GC3	80	fast	90
ENSG00000170835_CEL	ENSG00000170835	CEL	1836	60.08	942	561	30.56			fast	70
ENSG00000170836_PPM1D	ENSG00000170836	PPM1D	1818	51.26	725	361	19.86	GC2	70	fast	90
ENSG00000170852_KBTBD2	ENSG00000170852	KBTBD2	1872	42.86	537	275	14.69	GC3	70	slow	90
ENSG00000170854_MINA	ENSG00000170854	MINA	1398	50.56	750	441	31.55	GC2	70	fast	90
ENSG00000170871_KIAA0232	ENSG00000170871	KIAA0232	4191	49.40	2168	1396	33.31	GC2	70	fast	90
ENSG00000170873_MTSS1	ENSG00000170873	MTSS1	2268	58.61	815	484	21.34	GC1		fast	90
ENSG00000170876_TMEM43	ENSG00000170876	TMEM43	1203	57.77	549	312	25.94			fast	90
ENSG00000170892_TSEN34	ENSG00000170892	TSEN34	933	65.02	532	249	26.69	GC1	70	slow	80
ENSG00000170903_MSANTD4	ENSG00000170903	MSANTD4	1038	47.01	406	285	27.46	GC2		slow	80
ENSG00000170915_PAQR8	ENSG00000170915	PAQR8	1071	60.39	388	256	23.90			slow	80
ENSG00000170921_TANC2	ENSG00000170921	TANC2	5904	52.22	1778	980	16.60	GC2	80	fast	90
ENSG00000170927_PKHD1	ENSG00000170927	PKHD1	12222	49.04	7516	4497	36.79	GC2	90	slow	70
ENSG00000170955_PRKCDBP	ENSG00000170955	PRKCDBP	786	70.13	464	229	29.13			fast	80
ENSG00000170961_HAS2	ENSG00000170961	HAS2	1659	43.97	462	276	16.64	GC2	80	slow	90
ENSG00000170962_PDGFD	ENSG00000170962	PDGFD	1113	49.52	471	271	24.35	GC2		fast	90
ENSG00000170967_DDI1	ENSG00000170967	DDI1	1209	55.65	695	464	38.38	GC1		slow	80
ENSG00000170989_S1PR1	ENSG00000170989	S1PR1	1149	55.37	423	238	20.71			slow	70
ENSG00000171004_HS6ST2	ENSG00000171004	HS6ST2	1512	52.73	451	194	12.83	GC1		slow	
ENSG00000171017_LRRC8E	ENSG00000171017	LRRC8E	2388	61.07	906	529	22.15		80	slow	70
ENSG00000171054_OR13H1	ENSG00000171054	OR13H1	927	46.91	648	428	46.17	GC2	70	fast	70
ENSG00000171055_FEZ2	ENSG00000171055	FEZ2	1131	49.44	531	267	23.61	GC2		fast	90
ENSG00000171060_C8orf74	ENSG00000171060	C8orf74	882	53.58	540	299	33.90	GC1		fast	70
ENSG00000171094_ALK	ENSG00000171094	ALK	4677	59.32	1916	1089	23.28	GC1	80	slow	70
ENSG00000171097_CCBL1	ENSG00000171097	CCBL1	1269	57.47	579	342	26.95		80	fast	70
ENSG00000171100_MTM1	ENSG00000171100	MTM1	1812	43.83	708	454	25.06	GC3	70	fast	90
ENSG00000171109_MFN1	ENSG00000171109	MFN1	2226	41.30	823	419	18.82	GC3	80	slow	90
ENSG00000171115_GIMAP8	ENSG00000171115	GIMAP8	1995	51.84	1585	1044	52.33	GC1	80	fast	
ENSG00000171121_KCNMB3	ENSG00000171121	KCNMB3	831	48.87	566	338	40.67	GC2		slow	80
ENSG00000171148_TADA3	ENSG00000171148	TADA3	1299	58.62	415	240	18.48	GC1		slow	90
ENSG00000171150_SOCS5	ENSG00000171150	SOCS5	1611	46.84	586	381	23.65	GC3		slow	80
ENSG00000171163_ZNF692	ENSG00000171163	ZNF692	1545	60.07	981	600	38.83	GC1	80	fast	90
ENSG00000171169_NAIF1	ENSG00000171169	NAIF1	984	63.75	325	176	17.89		70	slow	80
ENSG00000171174_RBKS	ENSG00000171174	RBKS	969	49.71	450	243	25.08	GC2		fast	90
ENSG00000171189_GRIK1	ENSG00000171189	GRIK1	2733	46.09	987	586	21.44	GC2	80	slow	80
ENSG00000171204_TMEM126B	ENSG00000171204	TMEM126B	693	41.28	455	250	36.08	GC3		fast	90
ENSG00000171206_TRIM8	ENSG00000171206	TRIM8	1656	63.19	399	170	10.27			slow	80
ENSG00000171208_NETO2	ENSG00000171208	NETO2	1575	44.81	647	428	27.17	GC3		fast	90
ENSG00000171241_SHCBP1	ENSG00000171241	SHCBP1	2019	44.82	975	507	25.11	GC3	70	fast	80
ENSG00000171243_SOSTDC1	ENSG00000171243	SOSTDC1	621	52.98	182	93	14.98	GC1		slow	80
ENSG00000171262_FAM98B	ENSG00000171262	FAM98B	1203	45.51	670	307	25.52	GC3		fast	90
ENSG00000171298_GAA	ENSG00000171298	GAA	2859	64.63	1625	917	32.07		80	fast	80
ENSG00000171302_CANT1	ENSG00000171302	CANT1	1206	62.85	505	314	26.04			slow	70
ENSG00000171303_KCNK3	ENSG00000171303	KCNK3	1185	66.14	316	92	7.76			fast	70
ENSG00000171307_ZDHHC16	ENSG00000171307	ZDHHC16	1134	55.51	331	174	15.34	GC1		slow	90
ENSG00000171310_CHST11	ENSG00000171310	CHST11	1059	57.88	301	141	13.31			slow	80
ENSG00000171316_CHD7	ENSG00000171316	CHD7	8994	52.63	3286	2122	23.59	GC2	70	fast	90
ENSG00000171320_ESCO2	ENSG00000171320	ESCO2	1815	39.05	1110	609	33.55	GC3	70	slow	90
ENSG00000171357_LURAP1	ENSG00000171357	LURAP1	720	63.87	356	177	24.58			slow	80
ENSG00000171365_CLCN5	ENSG00000171365	CLCN5	2451	48.41	846	467	19.05	GC2	70	slow	90
ENSG00000171385_KCND3	ENSG00000171385	KCND3	1968	59.48	466	266	13.52			slow	70
ENSG00000171401_KRT13	ENSG00000171401	KRT13	1344	60.25	628	341	25.37			slow	
ENSG00000171408_PDE7B	ENSG00000171408	PDE7B	1512	50.39	570	325	21.49	GC2		fast	90
ENSG00000171431_KRT20	ENSG00000171431	KRT20	1272	48.18	954	611	48.03	GC2	80	fast	80
ENSG00000171435_KSR2	ENSG00000171435	KSR2	2487	59.04	771	382	15.36			slow	70
ENSG00000171444_MCC	ENSG00000171444	MCC	2493	56.42	953	542	21.74	GC1	70	fast	90
ENSG00000171446_KRT27	ENSG00000171446	KRT27	1380	54.08	637	337	24.42	GC1	70	fast	70
ENSG00000171451_DSEL	ENSG00000171451	DSEL	3660	43.20	1347	765	20.90	GC3	80	fast	70
ENSG00000171453_POLR1C	ENSG00000171453	POLR1C	1041	53.52	380	229	22.00	GC2	70	slow	80
ENSG00000171456_ASXL1	ENSG00000171456	ASXL1	4575	55.61	2648	1653	36.13	GC2	90	fast	90
ENSG00000171462_DLK2	ENSG00000171462	DLK2	1152	64.17	495	277	24.05	GC1	70	slow	80
ENSG00000171467_ZNF318	ENSG00000171467	ZNF318	6498	47.88	3749	2019	31.07	GC3	90	slow	90
ENSG00000171475_WIPF2	ENSG00000171475	WIPF2	1323	59.78	578	284	21.47	GC2		slow	90
ENSG00000171487_NLRP5	ENSG00000171487	NLRP5	3462	52.72	2668	1831	52.89	GC1	80	fast	80
ENSG00000171488_LRRC8C	ENSG00000171488	LRRC8C	2412	46.91	832	595	24.67	GC2	70	slow	90
ENSG00000171490_RSL1D1	ENSG00000171490	RSL1D1	1479	46.90	994	645	43.61	GC2	80	fast	70
ENSG00000171492_LRRC8D	ENSG00000171492	LRRC8D	2577	44.15	662	381	14.78	GC2	80	slow	70
ENSG00000171495_MROH2B	ENSG00000171495	MROH2B	4758	47.78	2613	1529	32.14	GC2	80	fast	90
ENSG00000171497_PPID	ENSG00000171497	PPID	1113	41.86	395	225	20.22	GC3	70	slow	90
ENSG00000171502_COL24A1	ENSG00000171502	COL24A1	5145	48.42	2722	1332	25.89	GC3	90	fast	80
ENSG00000171503_ETFDH	ENSG00000171503	ETFDH	1854	45.80	766	479	25.84	GC3		fast	90
ENSG00000171509_RXFP1	ENSG00000171509	RXFP1	2277	39.72	1187	656	28.81	GC3	70	slow	90
ENSG00000171517_LPAR3	ENSG00000171517	LPAR3	1065	51.07	427	248	23.29	GC1		slow	80
ENSG00000171533_MAP6	ENSG00000171533	MAP6	2343	61.10	1523	901	38.45	GC1	70	fast	90
ENSG00000171551_ECEL1	ENSG00000171551	ECEL1	2328	62.52	774	397	17.05			fast	90
ENSG00000171552_BCL2L1	ENSG00000171552	BCL2L1	702	56.67	269	118	16.81	GC1		slow	90
ENSG00000171557_FGG	ENSG00000171557	FGG	1332	42.82	691	454	34.08	GC3	70	slow	90
ENSG00000171560_FGA	ENSG00000171560	FGA	2505	48.84	1616	989	39.48	GC2	70	slow	70
ENSG00000171564_FGB	ENSG00000171564	FGB	1476	45.22	737	475	32.18	GC3	80	fast	90
ENSG00000171566_PLRG1	ENSG00000171566	PLRG1	1548	44.70	506	280	18.09	GC3	70	slow	80
ENSG00000171595_DNAI2	ENSG00000171595	DNAI2	1797	57.52	775	472	26.27		70	slow	90
ENSG00000171596_NMUR1	ENSG00000171596	NMUR1	1281	64.17	767	427	33.33			fast	70
ENSG00000171603_CLSTN1	ENSG00000171603	CLSTN1	2859	56.78	1246	794	27.77	GC1	80	fast	90
ENSG00000171604_CXXC5	ENSG00000171604	CXXC5	963	64.44	280	166	17.24			slow	90
ENSG00000171608_PIK3CD	ENSG00000171608	PIK3CD	3135	60.84	1164	562	17.93		70	fast	80
ENSG00000171611_PTCRA	ENSG00000171611	PTCRA	675	65.77	481	315	46.67	GC1		slow	70
ENSG00000171612_SLC25A33	ENSG00000171612	SLC25A33	966	48.61	412	248	25.67	GC2		fast	90
ENSG00000171617_ENC1	ENSG00000171617	ENC1	1770	54.56	467	316	17.85	GC1	70	slow	80
ENSG00000171621_SPSB1	ENSG00000171621	SPSB1	822	61.09	243	144	17.52			slow	70
ENSG00000171634_BPTF	ENSG00000171634	BPTF	8160	45.64	3593	2044	25.05	GC3	80	slow	90
ENSG00000171659_GPR34	ENSG00000171659	GPR34	1143	38.06	555	310	27.12	GC3		slow	80
ENSG00000171680_PLEKHG5	ENSG00000171680	PLEKHG5	3162	62.94	1750	814	25.74		70	fast	80
ENSG00000171681_ATF7IP	ENSG00000171681	ATF7IP	3783	44.82	1899	1037	27.41	GC3	80	slow	90
ENSG00000171700_RGS19	ENSG00000171700	RGS19	654	64.97	314	153	23.39			slow	70
ENSG00000171714_ANO5	ENSG00000171714	ANO5	2715	41.26	1482	909	33.48	GC3	80	slow	80
ENSG00000171720_HDAC3	ENSG00000171720	HDAC3	1287	52.15	348	209	16.24	GC1		fast	90
ENSG00000171722_C1orf111	ENSG00000171722	C1orf111	765	60.93	468	254	33.20			slow	80
ENSG00000171723_GPHN	ENSG00000171723	GPHN	2319	48.16	490	209	9.01	GC3		slow	90
ENSG00000171724_VAT1L	ENSG00000171724	VAT1L	1260	54.45	405	226	17.94	GC1		fast	90
ENSG00000171729_TMEM51	ENSG00000171729	TMEM51	753	60.84	335	202	26.83			slow	90
ENSG00000171747_LGALS4	ENSG00000171747	LGALS4	972	56.23	488	308	31.69	GC1		fast	
ENSG00000171757_LRRC34	ENSG00000171757	LRRC34	1287	39.16	733	399	31.00	GC3		fast	90
ENSG00000171759_PAH	ENSG00000171759	PAH	1359	48.52	606	368	27.08	GC2		slow	90
ENSG00000171766_GATM	ENSG00000171766	GATM	1272	49.43	423	222	17.45	GC2		slow	90
ENSG00000171772_SYCE1	ENSG00000171772	SYCE1	1002	54.94	707	423	42.22	GC1		slow	80
ENSG00000171773_NXNL1	ENSG00000171773	NXNL1	636	65.71	312	172	27.04			fast	70
ENSG00000171777_RASGRP4	ENSG00000171777	RASGRP4	2025	62.47	964	541	26.72		80	fast	90
ENSG00000171790_SLFNL1	ENSG00000171790	SLFNL1	1224	67.64	775	496	40.52		70	fast	80
ENSG00000171793_CTPS1	ENSG00000171793	CTPS1	1776	49.92	571	376	21.17	GC2		slow	90
ENSG00000171811_CFAP46	ENSG00000171811	CFAP46	3804	58.21	2449	1435	37.72		70	fast	70
ENSG00000171812_COL8A2	ENSG00000171812	COL8A2	2112	68.86	830	449	21.26	GC1	80	slow	80
ENSG00000171815_PCDHB1	ENSG00000171815	PCDHB1	2457	50.37	1179	620	25.23	GC2	80	slow	70
ENSG00000171824_EXOSC10	ENSG00000171824	EXOSC10	2661	50.94	1187	772	29.01	GC2	80	slow	90
ENSG00000171843_MLLT3	ENSG00000171843	MLLT3	1701	45.05	526	243	14.29	GC3		slow	90
ENSG00000171848_RRM2	ENSG00000171848	RRM2	1170	49.12	480	302	25.81	GC1		fast	80
ENSG00000171853_TRAPPC12	ENSG00000171853	TRAPPC12	2277	55.02	1261	902	39.61	GC1	70	fast	80
ENSG00000171861_RNMTL1	ENSG00000171861	RNMTL1	1263	56.89	721	444	35.15	GC1	70	slow	90
ENSG00000171862_PTEN	ENSG00000171862	PTEN	1212	39.06	220	82	6.77	GC3		slow	90
ENSG00000171867_PRNP	ENSG00000171867	PRNP	762	59.27	303	187	24.54	GC1		fast	70
ENSG00000171872_KLF17	ENSG00000171872	KLF17	1170	53.58	880	487	41.62	GC2	80	fast	70
ENSG00000171877_FRMD5	ENSG00000171877	FRMD5	1620	51.55	585	266	16.42	GC2		slow	90
ENSG00000171885_AQP4	ENSG00000171885	AQP4	972	50.99	352	196	20.16	GC2		slow	90
ENSG00000171914_TLN2	ENSG00000171914	TLN2	7629	56.19	2448	1537	20.15	GC1	90	slow	90
ENSG00000171940_ZNF217	ENSG00000171940	ZNF217	3153	55.18	1990	1362	43.20	GC1	90	fast	70
ENSG00000171951_SCG2	ENSG00000171951	SCG2	1860	45.15	853	413	22.20	GC3	70	slow	70
ENSG00000171953_ATPAF2	ENSG00000171953	ATPAF2	870	59.27	462	256	29.43			slow	80
ENSG00000171954_CYP4F22	ENSG00000171954	CYP4F22	1596	58.39	728	393	24.62			fast	80
ENSG00000171988_JMJD1C	ENSG00000171988	JMJD1C	7614	40.74	3317	1536	20.17	GC3	90	slow	90
ENSG00000171992_SYNPO	ENSG00000171992	SYNPO	2787	64.24	1542	858	30.79		80	fast	80
ENSG00000172007_RAB33B	ENSG00000172007	RAB33B	690	49.84	267	138	20.00	GC2		slow	90
ENSG00000172009_THOP1	ENSG00000172009	THOP1	2064	61.95	907	546	26.45		70	fast	90
ENSG00000172020_GAP43	ENSG00000172020	GAP43	726	57.06	349	166	22.87	GC2		slow	90
ENSG00000172031_EPHX4	ENSG00000172031	EPHX4	1089	43.28	445	197	18.09	GC3		fast	90
ENSG00000172037_LAMB2	ENSG00000172037	LAMB2	5406	61.57	2442	1394	25.79	GC1	90	fast	90
ENSG00000172046_USP19	ENSG00000172046	USP19	4146	59.54	1692	937	22.60	GC1	80	fast	90
ENSG00000172053_QARS	ENSG00000172053	QARS	2328	56.08	1013	601	25.82	GC1	80	fast	90
ENSG00000172059_KLF11	ENSG00000172059	KLF11	1551	58.26	973	604	38.94	GC1	70	fast	90
ENSG00000172061_LRRC15	ENSG00000172061	LRRC15	1755	58.48	892	497	28.32			slow	80
ENSG00000172071_EIF2AK3	ENSG00000172071	EIF2AK3	3348	47.30	1601	968	28.91	GC3	80	slow	90
ENSG00000172081_MOB3A	ENSG00000172081	MOB3A	654	60.71	238	123	18.81			slow	70
ENSG00000172086_KRCC1	ENSG00000172086	KRCC1	774	43.58	484	227	29.33	GC3	80	slow	80
ENSG00000172116_CD8B	ENSG00000172116	CD8B	633	57.95	478	307	48.50	GC1		fast	70
ENSG00000172137_CALB2	ENSG00000172137	CALB2	816	50.88	343	152	18.63	GC1		slow	90
ENSG00000172139_SLC9C1	ENSG00000172139	SLC9C1	3456	35.66	2302	1408	40.74	GC3	90	fast	90
ENSG00000172159_FRMD3	ENSG00000172159	FRMD3	1794	47.46	694	328	18.28	GC2		slow	80
ENSG00000172164_SNTB1	ENSG00000172164	SNTB1	1611	57.94	618	307	19.06	GC1		slow	
ENSG00000172167_MTBP	ENSG00000172167	MTBP	2718	41.50	1739	988	36.35	GC3	80	fast	90
ENSG00000172171_TEFM	ENSG00000172171	TEFM	1083	42.99	643	377	34.81	GC3		slow	80
ENSG00000172175_MALT1	ENSG00000172175	MALT1	2469	45.69	1134	732	29.65	GC3	80	fast	90
ENSG00000172197_MBOAT1	ENSG00000172197	MBOAT1	1485	46.54	727	415	27.95	GC2	70	fast	90
ENSG00000172209_GPR22	ENSG00000172209	GPR22	1302	37.09	285	110	8.45	GC3		slow	70
ENSG00000172215_CXCR6	ENSG00000172215	CXCR6	1026	54.83	616	354	34.50			slow	80
ENSG00000172239_PAIP1	ENSG00000172239	PAIP1	1335	44.56	461	179	13.41	GC3	70	slow	70
ENSG00000172244_C5orf34	ENSG00000172244	C5orf34	1917	39.95	1060	567	29.58	GC3	90	fast	90
ENSG00000172260_NEGR1	ENSG00000172260	NEGR1	1050	47.34	389	150	14.29	GC2		fast	80
ENSG00000172262_ZNF131	ENSG00000172262	ZNF131	1773	44.11	668	331	18.67	GC3		slow	90
ENSG00000172269_DPAGT1	ENSG00000172269	DPAGT1	1227	52.08	410	212	17.28	GC1	70	slow	90
ENSG00000172273_HINFP	ENSG00000172273	HINFP	1554	57.10	749	395	25.42	GC1	70	slow	80
ENSG00000172292_CERS6	ENSG00000172292	CERS6	1179	46.74	548	265	22.48	GC2	70	slow	80
ENSG00000172296_SPTLC3	ENSG00000172296	SPTLC3	1659	46.37	780	452	27.25	GC3	80	fast	80
ENSG00000172318_B3GALT1	ENSG00000172318	B3GALT1	981	45.84	282	172	17.53	GC2		slow	90
ENSG00000172331_BPGM	ENSG00000172331	BPGM	780	48.01	304	190	24.36	GC2		slow	80
ENSG00000172339_ALG14	ENSG00000172339	ALG14	651	50.62	386	253	38.86	GC2	70	fast	90
ENSG00000172340_SUCLG2	ENSG00000172340	SUCLG2	1299	47.21	552	311	23.94	GC3		fast	90
ENSG00000172345_STARD5	ENSG00000172345	STARD5	642	56.33	334	207	32.24	GC1		fast	80
ENSG00000172348_RCAN2	ENSG00000172348	RCAN2	732	51.68	291	166	22.68	GC2		fast	80
ENSG00000172350_ABCG4	ENSG00000172350	ABCG4	1941	57.80	659	370	19.06			slow	80
ENSG00000172354_GNB2	ENSG00000172354	GNB2	1023	59.52	302	137	13.39			slow	80
ENSG00000172361_CFAP53	ENSG00000172361	CFAP53	1545	46.06	938	503	32.56	GC2	70	fast	90
ENSG00000172367_PDZD3	ENSG00000172367	PDZD3	1518	61.86	979	607	39.99	GC1		fast	90
ENSG00000172375_C2CD2L	ENSG00000172375	C2CD2L	2124	61.66	930	452	21.28	GC1	70	fast	90
ENSG00000172379_ARNT2	ENSG00000172379	ARNT2	2127	57.93	697	405	19.04	GC1		slow	70
ENSG00000172382_PRSS27	ENSG00000172382	PRSS27	930	64.46	506	276	29.68			fast	70
ENSG00000172399_MYOZ2	ENSG00000172399	MYOZ2	795	44.05	311	162	20.38	GC3		slow	90
ENSG00000172403_SYNPO2	ENSG00000172403	SYNPO2	3795	55.47	2140	1258	33.15	GC2	80	slow	70
ENSG00000172404_DNAJB7	ENSG00000172404	DNAJB7	936	39.53	621	298	31.84	GC3	80	slow	70
ENSG00000172409_CLP1	ENSG00000172409	CLP1	1278	54.08	423	262	20.50	GC1		slow	90
ENSG00000172421_EFCAB3	ENSG00000172421	EFCAB3	1317	41.01	675	342	25.97	GC3	70	slow	80
ENSG00000172426_RSPH9	ENSG00000172426	RSPH9	831	58.08	304	152	18.29			slow	
ENSG00000172432_GTPBP2	ENSG00000172432	GTPBP2	1809	58.89	684	263	14.54	GC1		fast	90
ENSG00000172456_FGGY	ENSG00000172456	FGGY	1725	51.51	704	353	20.46	GC2		slow	80
ENSG00000172461_FUT9	ENSG00000172461	FUT9	1080	41.84	347	192	17.78	GC3		slow	90
ENSG00000172466_ZNF24	ENSG00000172466	ZNF24	1107	46.98	366	198	17.89	GC3		slow	90
ENSG00000172469_MANEA	ENSG00000172469	MANEA	1389	39.64	679	420	30.24	GC3	70	slow	90
ENSG00000172493_AFF1	ENSG00000172493	AFF1	3636	54.38	1974	1113	30.61	GC2	80	fast	80
ENSG00000172497_ACOT12	ENSG00000172497	ACOT12	1668	46.34	988	540	32.37	GC3	70	fast	90
ENSG00000172530_BANP	ENSG00000172530	BANP	1578	59.51	631	404	25.60			fast	80
ENSG00000172534_HCFC1	ENSG00000172534	HCFC1	6276	63.26	2383	1441	22.96		80	slow	70
ENSG00000172543_CTSW	ENSG00000172543	CTSW	1131	59.25	755	506	44.74			fast	90
ENSG00000172548_NIPAL4	ENSG00000172548	NIPAL4	1215	55.19	689	379	31.19			fast	90
ENSG00000172554_SNTG2	ENSG00000172554	SNTG2	1548	51.52	828	509	32.88	GC2	80	slow	
ENSG00000172568_FNDC9	ENSG00000172568	FNDC9	675	57.18	324	181	26.81	GC1		slow	80
ENSG00000172572_PDE3A	ENSG00000172572	PDE3A	3411	52.27	1453	789	23.13	GC2	80	fast	90
ENSG00000172575_RASGRP1	ENSG00000172575	RASGRP1	2394	50.75	1003	551	23.02	GC1	70	fast	90
ENSG00000172578_KLHL6	ENSG00000172578	KLHL6	1860	53.73	650	402	21.61	GC1	70	fast	90
ENSG00000172594_SMPDL3A	ENSG00000172594	SMPDL3A	1362	42.51	743	452	33.19	GC3	80	fast	90
ENSG00000172602_RND1	ENSG00000172602	RND1	699	53.79	223	122	17.45	GC1		slow	80
ENSG00000172638_EFEMP2	ENSG00000172638	EFEMP2	1332	61.16	479	249	18.69		70	fast	90
ENSG00000172667_ZMAT3	ENSG00000172667	ZMAT3	870	52.83	354	193	22.18	GC2		slow	90
ENSG00000172673_THEMIS	ENSG00000172673	THEMIS	1893	42.69	1128	594	31.38	GC3	90	slow	90
ENSG00000172717_FAM71D	ENSG00000172717	FAM71D	1248	46.44	863	570	45.67	GC2	70	fast	90
ENSG00000172728_FUT10	ENSG00000172728	FUT10	1437	49.75	773	482	33.54	GC2		fast	90
ENSG00000172732_MUS81	ENSG00000172732	MUS81	1656	63.65	941	530	32.00		80	fast	80
ENSG00000172733_PURG	ENSG00000172733	PURG	996	52.41	397	194	19.48	GC2		slow	90
ENSG00000172765_TMCC1	ENSG00000172765	TMCC1	1950	52.53	568	314	16.10	GC2		slow	70
ENSG00000172766_NAA16	ENSG00000172766	NAA16	2595	38.11	1034	518	19.96	GC3		slow	90
ENSG00000172771_EFCAB12	ENSG00000172771	EFCAB12	1710	56.91	1256	806	47.13		80	fast	80
ENSG00000172772_OR10W1	ENSG00000172772	OR10W1	945	53.67	513	288	30.48	GC1		fast	
ENSG00000172775_FAM192A	ENSG00000172775	FAM192A	765	49.65	267	135	17.65	GC2		slow	90
ENSG00000172782_FADS6	ENSG00000172782	FADS6	1017	61.46	539	281	27.63			fast	80
ENSG00000172795_DCP2	ENSG00000172795	DCP2	1269	41.31	436	193	15.21	GC3		slow	90
ENSG00000172803_SNX32	ENSG00000172803	SNX32	1212	57.25	721	369	30.45			slow	80
ENSG00000172817_CYP7B1	ENSG00000172817	CYP7B1	1500	41.20	978	663	44.20	GC3	80	fast	90
ENSG00000172818_OVOL1	ENSG00000172818	OVOL1	804	62.07	275	136	16.92			slow	70
ENSG00000172819_RARG	ENSG00000172819	RARG	1362	58.95	541	213	15.64			slow	80
ENSG00000172830_SSH3	ENSG00000172830	SSH3	1953	64.70	941	494	25.29		70	slow	80
ENSG00000172845_SP3	ENSG00000172845	SP3	2070	42.77	348	129	6.23	GC3		slow	80
ENSG00000172869_DMXL1	ENSG00000172869	DMXL1	9087	40.31	3574	1764	19.41	GC3	90	slow	90
ENSG00000172878_METAP1D	ENSG00000172878	METAP1D	1008	47.80	397	207	20.54	GC3		slow	90
ENSG00000172889_EGFL7	ENSG00000172889	EGFL7	825	66.40	656	311	37.70			fast	70
ENSG00000172893_DHCR7	ENSG00000172893	DHCR7	1428	60.19	582	370	25.91			fast	70
ENSG00000172901_NONAME	ENSG00000172901	NONAME	2976	45.15	1781	1031	34.64	GC2	80	fast	90
ENSG00000172915_NBEA	ENSG00000172915	NBEA	8643	45.50	3091	1922	22.24	GC3	80	fast	90
ENSG00000172932_ANKRD13D	ENSG00000172932	ANKRD13D	1725	62.86	693	338	19.59			fast	90
ENSG00000172936_MYD88	ENSG00000172936	MYD88	891	59.77	405	242	27.16			fast	80
ENSG00000172939_OXSR1	ENSG00000172939	OXSR1	1584	44.65	542	279	17.61	GC3		fast	90
ENSG00000172954_LCLAT1	ENSG00000172954	LCLAT1	1134	45.61	571	323	28.48	GC2	70	fast	90
ENSG00000172977_KAT5	ENSG00000172977	KAT5	1641	57.93	435	231	14.08			slow	90
ENSG00000172985_SH3RF3	ENSG00000172985	SH3RF3	2073	62.60	1146	615	29.67	GC1	70	slow	
ENSG00000172986_GXYLT2	ENSG00000172986	GXYLT2	1104	48.87	446	262	23.73	GC2		fast	90
ENSG00000172992_DCAKD	ENSG00000172992	DCAKD	696	59.85	289	160	22.99			slow	80
ENSG00000172995_ARPP21	ENSG00000172995	ARPP21	2436	52.52	1006	586	24.06	GC2	70	slow	90
ENSG00000173020_ADRBK1	ENSG00000173020	ADRBK1	1959	59.31	625	322	16.44			slow	80
ENSG00000173039_RELA	ENSG00000173039	RELA	1647	61.35	620	320	19.43	GC1	70	fast	80
ENSG00000173040_EVC2	ENSG00000173040	EVC2	3852	58.34	2469	1387	36.01		90	fast	90
ENSG00000173065_FAM222B	ENSG00000173065	FAM222B	1689	61.70	368	161	9.53	GC1		slow	80
ENSG00000173068_BNC2	ENSG00000173068	BNC2	3297	52.14	942	544	16.50	GC2	90	slow	80
ENSG00000173083_HPSE	ENSG00000173083	HPSE	1623	47.68	960	545	33.58	GC2		fast	90
ENSG00000173085_COQ2	ENSG00000173085	COQ2	1116	52.07	649	384	34.41	GC2		fast	90
ENSG00000173114_LRRN3	ENSG00000173114	LRRN3	2127	41.22	958	503	23.65	GC3	70	slow	80
ENSG00000173120_KDM2A	ENSG00000173120	KDM2A	3489	52.99	1253	585	16.77	GC1		slow	90
ENSG00000173137_ADCK5	ENSG00000173137	ADCK5	1743	63.33	949	549	31.50		70	fast	80
ENSG00000173145_NOC3L	ENSG00000173145	NOC3L	2403	40.47	1046	574	23.89	GC3	80	fast	90
ENSG00000173157_ADAMTS20	ENSG00000173157	ADAMTS20	5745	46.38	3221	1634	28.44	GC3	80	fast	90
ENSG00000173171_MTX1	ENSG00000173171	MTX1	1401	63.87	726	375	26.77		70	slow	
ENSG00000173175_ADCY5	ENSG00000173175	ADCY5	3765	60.79	1260	536	14.24		70	fast	80
ENSG00000173193_PARP14	ENSG00000173193	PARP14	5391	44.03	3750	2475	45.91	GC3	90	fast	80
ENSG00000173210_ABLIM3	ENSG00000173210	ABLIM3	2052	56.40	692	305	14.86	GC1		fast	90
ENSG00000173212_MAB21L3	ENSG00000173212	MAB21L3	1089	58.38	668	417	38.29		70	fast	90
ENSG00000173218_VANGL1	ENSG00000173218	VANGL1	1575	55.67	551	329	20.89	GC1		slow	90
ENSG00000173226_IQCB1	ENSG00000173226	IQCB1	1797	42.12	803	412	22.93	GC3	80	slow	90
ENSG00000173230_GOLGB1	ENSG00000173230	GOLGB1	9789	42.44	5475	2960	30.24	GC3	90	slow	90
ENSG00000173239_LIPM	ENSG00000173239	LIPM	1272	46.31	645	388	30.50	GC2	70	slow	90
ENSG00000173250_GPR151	ENSG00000173250	GPR151	1257	52.39	713	401	31.90	GC2	70	slow	90
ENSG00000173269_MMRN2	ENSG00000173269	MMRN2	2823	63.49	2119	1266	44.85		80	fast	80
ENSG00000173273_TNKS	ENSG00000173273	TNKS	3984	50.67	1362	817	20.51	GC3	80	slow	90
ENSG00000173281_PPP1R3B	ENSG00000173281	PPP1R3B	858	51.20	367	246	28.67	GC1		slow	80
ENSG00000173320_STOX2	ENSG00000173320	STOX2	2781	54.70	1256	790	28.41	GC1	70	slow	90
ENSG00000173327_MAP3K11	ENSG00000173327	MAP3K11	2544	66.22	968	530	20.83		70	fast	80
ENSG00000173334_TRIB1	ENSG00000173334	TRIB1	1119	60.45	442	211	18.86		70	fast	80
ENSG00000173338_KCNK7	ENSG00000173338	KCNK7	924	66.37	528	293	31.71			fast	80
ENSG00000173369_C1QB	ENSG00000173369	C1QB	762	61.64	442	276	36.22			fast	80
ENSG00000173376_NDNF	ENSG00000173376	NDNF	1707	48.60	747	479	28.06	GC2	70	slow	80
ENSG00000173389_IQCF1	ENSG00000173389	IQCF1	615	56.06	465	320	52.03	GC1		fast	80
ENSG00000173391_OLR1	ENSG00000173391	OLR1	825	45.64	593	376	45.58	GC2	70	fast	90
ENSG00000173402_DAG1	ENSG00000173402	DAG1	2688	59.80	1069	672	25.00	GC1	70	slow	90
ENSG00000173406_DAB1	ENSG00000173406	DAB1	1767	52.01	469	220	12.45	GC2		slow	90
ENSG00000173409_ARV1	ENSG00000173409	ARV1	816	45.67	406	226	27.70	GC2		fast	80
ENSG00000173421_CCDC36	ENSG00000173421	CCDC36	1761	50.49	1360	874	49.63	GC2	90	fast	90
ENSG00000173442_EHBP1L1	ENSG00000173442	EHBP1L1	4434	62.87	2897	1553	35.02	GC1	70	fast	80
ENSG00000173465_SSSCA1	ENSG00000173465	SSSCA1	600	62.96	279	143	23.83	GC1		slow	80
ENSG00000173473_SMARCC1	ENSG00000173473	SMARCC1	3144	48.51	1082	596	18.96	GC3	80	slow	90
ENSG00000173482_PTPRM	ENSG00000173482	PTPRM	4284	50.78	1536	963	22.48	GC2	80	slow	90
ENSG00000173511_VEGFB	ENSG00000173511	VEGFB	624	64.92	297	115	18.43	GC1		fast	80
ENSG00000173531_MST1	ENSG00000173531	MST1	2136	62.17	1090	652	30.52		80	fast	80
ENSG00000173540_GMPPB	ENSG00000173540	GMPPB	1095	58.76	382	213	19.45		70	slow	80
ENSG00000173542_MOB1B	ENSG00000173542	MOB1B	651	41.58	187	88	13.52	GC3		slow	90
ENSG00000173545_ZNF622	ENSG00000173545	ZNF622	1431	56.78	736	446	31.17	GC1		slow	90
ENSG00000173546_CSPG4	ENSG00000173546	CSPG4	6963	65.32	3748	2085	29.94		80	fast	80
ENSG00000173548_SNX33	ENSG00000173548	SNX33	1725	59.32	622	317	18.38			slow	70
ENSG00000173557_C2orf70	ENSG00000173557	C2orf70	606	60.80	347	187	30.86			slow	70
ENSG00000173559_NABP1	ENSG00000173559	NABP1	615	44.79	342	154	25.04	GC3		fast	90
ENSG00000173567_GPR113	ENSG00000173567	GPR113	3048	60.65	2098	1309	42.95		80	fast	80
ENSG00000173575_CHD2	ENSG00000173575	CHD2	5487	47.95	1816	1128	20.56	GC2	70	fast	90
ENSG00000173578_XCR1	ENSG00000173578	XCR1	1002	55.50	568	327	32.63			fast	80
ENSG00000173581_CCDC106	ENSG00000173581	CCDC106	843	62.32	351	207	24.56			fast	80
ENSG00000173588_CEP83	ENSG00000173588	CEP83	2106	38.41	982	442	20.99	GC3	70	fast	90
ENSG00000173599_PC	ENSG00000173599	PC	3537	62.10	1265	657	18.58			fast	90
ENSG00000173611_SCAI	ENSG00000173611	SCAI	1770	42.85	493	218	12.32	GC3		fast	90
ENSG00000173612_GPRC6A	ENSG00000173612	GPRC6A	2787	43.13	1457	721	25.87	GC2	80	fast	80
ENSG00000173614_NMNAT1	ENSG00000173614	NMNAT1	843	48.17	411	280	33.21	GC2	70	fast	90
ENSG00000173621_LRFN4	ENSG00000173621	LRFN4	1911	69.15	643	338	17.69			slow	70
ENSG00000173638_SLC19A1	ENSG00000173638	SLC19A1	1548	64.28	969	630	40.70			fast	80
ENSG00000173653_RCE1	ENSG00000173653	RCE1	990	61.77	401	185	18.69			slow	80
ENSG00000173681_CXorf23	ENSG00000173681	CXorf23	2145	40.21	1583	887	41.35	GC3	80	fast	90
ENSG00000173698_GPR64	ENSG00000173698	GPR64	3066	45.58	1725	938	30.59	GC3	90	slow	90
ENSG00000173702_MUC13	ENSG00000173702	MUC13	1494	45.01	1271	1041	69.68	GC3		fast	80
ENSG00000173705_SUSD5	ENSG00000173705	SUSD5	1872	58.64	1279	717	38.30	GC1	80	fast	80
ENSG00000173714_WFIKKN2	ENSG00000173714	WFIKKN2	1725	64.90	650	379	21.97			slow	80
ENSG00000173715_C11orf80	ENSG00000173715	C11orf80	1521	49.88	1082	580	38.13	GC2	70	fast	90
ENSG00000173757_STAT5B	ENSG00000173757	STAT5B	2364	55.83	1005	505	21.36	GC1		fast	90
ENSG00000173762_CD7	ENSG00000173762	CD7	639	61.83	513	373	58.37			fast	70
ENSG00000173786_CNP	ENSG00000173786	CNP	1263	60.85	575	318	25.18		70	slow	80
ENSG00000173801_JUP	ENSG00000173801	JUP	2238	62.11	695	356	15.91			slow	90
ENSG00000173818_ENDOV	ENSG00000173818	ENDOV	846	63.81	439	237	28.01		70	fast	70
ENSG00000173821_RNF213	ENSG00000173821	RNF213	9831	53.85	6000	4094	41.64	GC1	90	fast	70
ENSG00000173825_TIGD3	ENSG00000173825	TIGD3	1416	64.11	640	349	24.65			fast	
ENSG00000173826_KCNH6	ENSG00000173826	KCNH6	2976	61.39	1335	664	22.31		80	slow	80
ENSG00000173838_MARCH10	ENSG00000173838	MARCH10	2442	48.54	1791	1046	42.83	GC3	80	fast	90
ENSG00000173846_PLK3	ENSG00000173846	PLK3	1944	59.76	807	382	19.65	GC1	70	fast	80
ENSG00000173848_NET1	ENSG00000173848	NET1	1668	48.96	844	537	32.19	GC2		fast	90
ENSG00000173852_DPY19L1	ENSG00000173852	DPY19L1	1950	40.31	685	354	18.15	GC3		slow	90
ENSG00000173868_PHOSPHO1	ENSG00000173868	PHOSPHO1	804	67.47	329	172	21.39			slow	80
ENSG00000173889_PHC3	ENSG00000173889	PHC3	2955	48.42	1000	511	17.29	GC3		slow	90
ENSG00000173890_GPR160	ENSG00000173890	GPR160	1017	35.88	655	368	36.18	GC3		slow	80
ENSG00000173894_CBX2	ENSG00000173894	CBX2	1488	65.29	740	471	31.65		80	fast	80
ENSG00000173898_SPTBN2	ENSG00000173898	SPTBN2	7173	63.11	2759	1398	19.49		80	slow	70
ENSG00000173905_GOLIM4	ENSG00000173905	GOLIM4	2091	51.68	1067	670	32.04	GC2	80	fast	90
ENSG00000173914_RBM4B	ENSG00000173914	RBM4B	1080	56.16	394	209	19.35	GC1		slow	90
ENSG00000173917_HOXB2	ENSG00000173917	HOXB2	1068	66.68	466	229	21.44			fast	80
ENSG00000173918_C1QTNF1	ENSG00000173918	C1QTNF1	849	61.73	397	224	26.38			fast	80
ENSG00000173926_MARCH3	ENSG00000173926	MARCH3	762	55.82	172	85	11.15	GC1		slow	90
ENSG00000173928_SWSAP1	ENSG00000173928	SWSAP1	690	65.45	380	197	28.55	GC1	80	fast	70
ENSG00000173930_SLCO4C1	ENSG00000173930	SLCO4C1	2172	41.90	1345	790	36.37	GC3	80	fast	90
ENSG00000173950_XXYLT1	ENSG00000173950	XXYLT1	1182	63.48	487	218	18.44			fast	80
ENSG00000173988_LRRC63	ENSG00000173988	LRRC63	1554	37.57	1229	863	55.53	GC3	70	fast	90
ENSG00000173992_CCS	ENSG00000173992	CCS	825	62.94	368	216	26.18		70	fast	70
ENSG00000174004_NRROS	ENSG00000174004	NRROS	2079	58.64	1135	691	33.24		70	slow	90
ENSG00000174010_KLHL15	ENSG00000174010	KLHL15	1815	45.26	522	296	16.31	GC2		slow	90
ENSG00000174013_FBXO45	ENSG00000174013	FBXO45	855	55.39	277	125	14.62	GC2		slow	80
ENSG00000174015_SPERT	ENSG00000174015	SPERT	1347	63.63	727	373	27.69		70	fast	90
ENSG00000174016_FAM46D	ENSG00000174016	FAM46D	1173	38.18	501	238	20.29	GC3	70	slow	70
ENSG00000174032_SLC25A30	ENSG00000174032	SLC25A30	876	49.39	355	211	24.09	GC2		slow	90
ENSG00000174038_C9orf131	ENSG00000174038	C9orf131	3234	53.19	2668	1615	49.94	GC2	80	fast	70
ENSG00000174080_CTSF	ENSG00000174080	CTSF	1383	59.95	736	408	29.50			fast	80
ENSG00000174125_TLR1	ENSG00000174125	TLR1	2361	39.36	1439	868	36.76	GC3	80	slow	90
ENSG00000174130_TLR6	ENSG00000174130	TLR6	2391	38.83	1402	818	34.21	GC3	80	slow	80
ENSG00000174136_RGMB	ENSG00000174136	RGMB	1410	58.55	539	261	18.51	GC1		fast	80
ENSG00000174145_NWD2	ENSG00000174145	NWD2	4929	48.28	1783	1112	22.56	GC2	80	slow	70
ENSG00000174151_CYB561D1	ENSG00000174151	CYB561D1	690	60.26	311	158	22.90			slow	90
ENSG00000174165_ZDHHC24	ENSG00000174165	ZDHHC24	855	69.70	345	182	21.29			fast	80
ENSG00000174173_TRMT10C	ENSG00000174173	TRMT10C	1260	37.46	688	376	29.84	GC3	80	slow	80
ENSG00000174175_SELP	ENSG00000174175	SELP	2493	52.64	1640	1024	41.08	GC2	90	fast	90
ENSG00000174177_CTU2	ENSG00000174177	CTU2	1548	63.17	984	617	39.86		80	fast	80
ENSG00000174197_MGA	ENSG00000174197	MGA	9093	44.60	3787	1829	20.11	GC3	90	slow	80
ENSG00000174206_C12orf66	ENSG00000174206	C12orf66	1338	53.63	409	248	18.54	GC1		slow	90
ENSG00000174226_SNX31	ENSG00000174226	SNX31	1323	48.18	766	432	32.65	GC2		fast	90
ENSG00000174227_PIGG	ENSG00000174227	PIGG	2952	53.68	1719	1141	38.65	GC1	80	fast	80
ENSG00000174231_PRPF8	ENSG00000174231	PRPF8	7008	51.65	2036	1280	18.26	GC1	80	slow	90
ENSG00000174233_ADCY6	ENSG00000174233	ADCY6	3501	59.78	1157	649	18.54		70	slow	80
ENSG00000174238_PITPNA	ENSG00000174238	PITPNA	813	46.59	241	110	13.53	GC2		slow	80
ENSG00000174243_DDX23	ENSG00000174243	DDX23	2463	53.84	725	425	17.26	GC1	80	slow	80
ENSG00000174279_EVX2	ENSG00000174279	EVX2	1410	68.68	466	194	13.76			slow	
ENSG00000174282_ZBTB4	ENSG00000174282	ZBTB4	2997	65.69	1353	782	26.09	GC1	70	slow	80
ENSG00000174292_TNK1	ENSG00000174292	TNK1	1998	64.54	1100	612	30.63	GC1	70	slow	80
ENSG00000174306_ZHX3	ENSG00000174306	ZHX3	2871	58.68	1418	860	29.95	GC1	90	fast	70
ENSG00000174326_SLC16A11	ENSG00000174326	SLC16A11	1386	69.05	793	441	31.82		80	slow	80
ENSG00000174327_SLC16A13	ENSG00000174327	SLC16A13	1281	61.71	629	364	28.42	GC1	80	slow	90
ENSG00000174332_GLIS1	ENSG00000174332	GLIS1	1863	65.93	904	456	24.48			slow	80
ENSG00000174343_CHRNA9	ENSG00000174343	CHRNA9	1440	49.24	595	345	23.96	GC1		slow	90
ENSG00000174348_PODN	ENSG00000174348	PODN	1881	61.88	695	372	19.78			slow	70
ENSG00000174358_SLC6A19	ENSG00000174358	SLC6A19	1905	59.53	959	545	28.61			fast	80
ENSG00000174371_EXO1	ENSG00000174371	EXO1	2508	42.80	1446	893	35.61	GC3	80	fast	90
ENSG00000174405_LIG4	ENSG00000174405	LIG4	2736	42.24	1386	902	32.97	GC3	80	slow	80
ENSG00000174417_TRHR	ENSG00000174417	TRHR	1197	45.36	463	235	19.63	GC2		slow	90
ENSG00000174429_ABRA	ENSG00000174429	ABRA	1146	55.40	638	395	34.47	GC1	70	slow	90
ENSG00000174437_ATP2A2	ENSG00000174437	ATP2A2	3129	48.82	1053	598	19.11	GC2	70	slow	90
ENSG00000174442_ZWILCH	ENSG00000174442	ZWILCH	1770	42.83	964	559	31.58	GC3	70	fast	90
ENSG00000174448_STARD6	ENSG00000174448	STARD6	663	39.35	370	216	32.58	GC3	70	slow	90
ENSG00000174453_VWC2L	ENSG00000174453	VWC2L	666	45.51	121	63	9.46	GC3		slow	80
ENSG00000174469_CNTNAP2	ENSG00000174469	CNTNAP2	3894	52.64	1382	818	21.01	GC1		fast	
ENSG00000174473_GALNTL6	ENSG00000174473	GALNTL6	1263	52.11	402	225	17.81	GC1		fast	80
ENSG00000174482_LINGO2	ENSG00000174482	LINGO2	1821	50.56	558	327	17.96	GC1		slow	90
ENSG00000174485_DENND4A	ENSG00000174485	DENND4A	5598	41.59	2575	1370	24.47	GC3	80	slow	90
ENSG00000174514_MFSD4	ENSG00000174514	MFSD4	1545	59.56	666	373	24.14		70	fast	90
ENSG00000174516_PELI3	ENSG00000174516	PELI3	1407	65.02	475	253	17.98			slow	80
ENSG00000174529_TMEM81	ENSG00000174529	TMEM81	771	51.96	437	253	32.81	GC1		slow	
ENSG00000174564_IL20RB	ENSG00000174564	IL20RB	933	55.07	558	323	34.62	GC1	70	slow	70
ENSG00000174576_NPAS4	ENSG00000174576	NPAS4	2409	57.57	826	453	18.80	GC1	80	slow	80
ENSG00000174579_MSL2	ENSG00000174579	MSL2	1734	43.28	412	155	8.94	GC3		slow	90
ENSG00000174606_ANGEL2	ENSG00000174606	ANGEL2	1635	44.65	795	415	25.38	GC3		slow	90
ENSG00000174607_UGT8	ENSG00000174607	UGT8	1626	48.19	822	474	29.15	GC2	70	fast	90
ENSG00000174611_KY	ENSG00000174611	KY	1986	58.49	854	455	22.91		70	fast	80
ENSG00000174628_IQCK	ENSG00000174628	IQCK	861	51.10	541	332	38.56	GC2	70	fast	80
ENSG00000174640_SLCO2A1	ENSG00000174640	SLCO2A1	1935	58.00	963	606	31.32			fast	90
ENSG00000174669_SLC29A2	ENSG00000174669	SLC29A2	1371	59.41	559	277	20.20		70	fast	80
ENSG00000174684_B4GAT1	ENSG00000174684	B4GAT1	1248	61.59	420	215	17.23			slow	80
ENSG00000174705_SH3PXD2B	ENSG00000174705	SH3PXD2B	2664	59.11	1184	697	26.16	GC1	90	slow	80
ENSG00000174718_KIAA1551	ENSG00000174718	KIAA1551	5304	38.83	4075	2552	48.11	GC3	90	fast	90
ENSG00000174738_NR1D2	ENSG00000174738	NR1D2	1740	44.95	683	385	22.13	GC3		slow	90
ENSG00000174740_PABPC5	ENSG00000174740	PABPC5	1149	47.62	389	191	16.62	GC2		slow	70
ENSG00000174744_BRMS1	ENSG00000174744	BRMS1	741	59.63	289	134	18.08			slow	70
ENSG00000174780_SRP72	ENSG00000174780	SRP72	2016	44.58	742	361	17.91	GC3	70	slow	90
ENSG00000174791_RIN1	ENSG00000174791	RIN1	2352	68.14	1220	689	29.29		80	slow	80
ENSG00000174799_CEP135	ENSG00000174799	CEP135	3423	38.16	1658	888	25.94	GC3	80	fast	90
ENSG00000174804_FZD4	ENSG00000174804	FZD4	1614	52.67	495	260	16.11	GC1	70	slow	80
ENSG00000174827_PDZK1	ENSG00000174827	PDZK1	1557	50.16	953	519	33.33	GC2		fast	90
ENSG00000174839_DENND6A	ENSG00000174839	DENND6A	1827	44.62	712	326	17.84	GC3	70	slow	90
ENSG00000174840_PDE12	ENSG00000174840	PDE12	1830	56.18	753	402	21.97	GC1	70	slow	80
ENSG00000174842_GLMN	ENSG00000174842	GLMN	1800	36.71	805	397	22.06	GC3	80	slow	80
ENSG00000174851_YIF1A	ENSG00000174851	YIF1A	882	59.46	318	161	18.25	GC1		slow	90
ENSG00000174928_C3orf33	ENSG00000174928	C3orf33	885	39.30	497	285	32.20	GC3		fast	90
ENSG00000174938_SEZ6L2	ENSG00000174938	SEZ6L2	2772	62.56	992	536	19.34	GC1	70	slow	90
ENSG00000174939_ASPHD1	ENSG00000174939	ASPHD1	1104	64.74	542	302	27.36	GC1		slow	80
ENSG00000174943_KCTD13	ENSG00000174943	KCTD13	990	61.11	379	183	18.48			fast	90
ENSG00000174946_GPR171	ENSG00000174946	GPR171	960	41.35	456	284	29.58	GC2		slow	70
ENSG00000174948_GPR149	ENSG00000174948	GPR149	2205	51.60	1418	753	34.15	GC2	80	fast	90
ENSG00000174953_DHX36	ENSG00000174953	DHX36	3024	41.62	1314	648	21.43	GC3	90	slow	80
ENSG00000174963_ZIC4	ENSG00000174963	ZIC4	1005	63.44	329	148	14.73		70	slow	80
ENSG00000174982_OR4S2	ENSG00000174982	OR4S2	933	43.18	467	232	24.87	GC2		slow	
ENSG00000174989_FBXW8	ENSG00000174989	FBXW8	1797	56.20	869	444	24.71	GC1		fast	80
ENSG00000175040_CHST2	ENSG00000175040	CHST2	1593	66.89	626	295	18.52			slow	
ENSG00000175048_ZDHHC14	ENSG00000175048	ZDHHC14	1470	57.09	386	195	13.27	GC1		fast	70
ENSG00000175054_ATR	ENSG00000175054	ATR	7935	40.60	3252	1712	21.58	GC3	90	slow	90
ENSG00000175065_DSG4	ENSG00000175065	DSG4	3123	45.81	1718	1047	33.53	GC3	80	fast	90
ENSG00000175066_GK5	ENSG00000175066	GK5	1590	44.69	826	428	26.92	GC3		fast	90
ENSG00000175073_VCPIP1	ENSG00000175073	VCPIP1	3672	47.37	1170	581	15.82	GC3	80	slow	90
ENSG00000175084_DES	ENSG00000175084	DES	1413	61.60	439	215	15.22			fast	80
ENSG00000175087_PDIK1L	ENSG00000175087	PDIK1L	1026	44.29	222	98	9.55	GC3		slow	90
ENSG00000175093_SPSB4	ENSG00000175093	SPSB4	822	69.21	287	144	17.52			slow	90
ENSG00000175104_TRAF6	ENSG00000175104	TRAF6	1590	48.30	835	441	27.74	GC2		slow	80
ENSG00000175105_ZNF654	ENSG00000175105	ZNF654	1722	37.68	450	126	7.32	GC3	70	slow	
ENSG00000175115_PACS1	ENSG00000175115	PACS1	2664	56.56	929	510	19.14	GC1	70	fast	90
ENSG00000175130_MARCKSL1	ENSG00000175130	MARCKSL1	600	62.72	264	103	17.17	GC1		slow	
ENSG00000175137_SH3BP5L	ENSG00000175137	SH3BP5L	1179	64.13	485	310	26.29			fast	90
ENSG00000175161_CADM2	ENSG00000175161	CADM2	1314	44.98	356	205	15.60	GC3		fast	90
ENSG00000175175_PPM1E	ENSG00000175175	PPM1E	1809	48.00	757	383	21.17	GC2	70	slow	90
ENSG00000175182_FAM131A	ENSG00000175182	FAM131A	1101	62.31	556	273	24.80	GC1		slow	70
ENSG00000175189_INHBC	ENSG00000175189	INHBC	1059	59.30	600	343	32.39	GC1		slow	80
ENSG00000175193_PARL	ENSG00000175193	PARL	1140	47.48	474	256	22.46	GC3		fast	90
ENSG00000175198_PCCA	ENSG00000175198	PCCA	2187	45.35	861	447	20.44	GC3	70	fast	90
ENSG00000175203_DCTN2	ENSG00000175203	DCTN2	1215	52.28	472	234	19.26	GC2		slow	90
ENSG00000175213_ZNF408	ENSG00000175213	ZNF408	2160	63.99	1324	807	37.36	GC1	80	fast	90
ENSG00000175215_CTDSP2	ENSG00000175215	CTDSP2	816	55.28	264	136	16.67	GC1		slow	90
ENSG00000175216_CKAP5	ENSG00000175216	CKAP5	6102	45.56	2123	1123	18.40	GC3	90	slow	90
ENSG00000175220_ARHGAP1	ENSG00000175220	ARHGAP1	1320	56.32	484	246	18.64		70	slow	80
ENSG00000175224_ATG13	ENSG00000175224	ATG13	1656	50.93	569	318	19.20	GC2		slow	90
ENSG00000175267_VWA3A	ENSG00000175267	VWA3A	3528	53.52	2240	1193	33.82	GC1	70	fast	80
ENSG00000175294_CATSPER1	ENSG00000175294	CATSPER1	2319	54.69	1728	1088	46.92	GC1	80	fast	
ENSG00000175305_CCNE2	ENSG00000175305	CCNE2	1215	39.79	474	218	17.94	GC3		fast	90
ENSG00000175309_PHYKPL	ENSG00000175309	PHYKPL	1353	57.62	767	423	31.26	GC1	70	fast	90
ENSG00000175311_ANKS4B	ENSG00000175311	ANKS4B	1254	48.94	699	385	30.70	GC2	80	slow	90
ENSG00000175318_GRAMD2	ENSG00000175318	GRAMD2	1071	54.56	612	321	29.97	GC1	70	fast	80
ENSG00000175325_PROP1	ENSG00000175325	PROP1	681	61.48	413	231	33.92	GC1	70	fast	80
ENSG00000175329_ISX	ENSG00000175329	ISX	732	61.81	508	327	44.67	GC1		fast	80
ENSG00000175352_NRIP3	ENSG00000175352	NRIP3	723	51.34	282	130	17.98	GC1		fast	90
ENSG00000175354_PTPN2	ENSG00000175354	PTPN2	1248	41.61	528	333	26.68	GC3	70	fast	90
ENSG00000175356_SCUBE2	ENSG00000175356	SCUBE2	2871	52.32	1303	628	21.87	GC2	70	slow	80
ENSG00000175387_SMAD2	ENSG00000175387	SMAD2	1404	45.12	329	186	13.25	GC3		slow	90
ENSG00000175414_ARL10	ENSG00000175414	ARL10	735	65.17	354	148	20.14			slow	70
ENSG00000175426_PCSK1	ENSG00000175426	PCSK1	2262	49.27	973	557	24.62	GC2	70	slow	90
ENSG00000175445_LPL	ENSG00000175445	LPL	1428	48.78	630	386	27.03	GC2	70	slow	90
ENSG00000175463_TBC1D10C	ENSG00000175463	TBC1D10C	1341	65.74	596	315	23.49		70	slow	80
ENSG00000175471_MCTP1	ENSG00000175471	MCTP1	2334	43.52	766	329	14.10	GC3	70	slow	80
ENSG00000175497_DPP10	ENSG00000175497	DPP10	2331	39.96	864	402	17.25	GC3	70	fast	90
ENSG00000175513_TSGA10IP	ENSG00000175513	TSGA10IP	1680	63.71	1142	660	39.29		80	fast	
ENSG00000175514_GPR152	ENSG00000175514	GPR152	1413	66.95	700	388	27.46			slow	
ENSG00000175520_UBQLN3	ENSG00000175520	UBQLN3	1968	55.82	1231	735	37.35	GC2	80	fast	90
ENSG00000175535_PNLIP	ENSG00000175535	PNLIP	1398	47.18	797	506	36.19	GC2	70	slow	80
ENSG00000175544_CABP4	ENSG00000175544	CABP4	837	63.87	496	292	34.89		70	slow	80
ENSG00000175556_LONRF3	ENSG00000175556	LONRF3	2280	54.66	1287	679	29.78	GC2		fast	90
ENSG00000175567_UCP2	ENSG00000175567	UCP2	930	60.11	332	186	20.00	GC1		slow	90
ENSG00000175595_ERCC4	ENSG00000175595	ERCC4	2751	49.99	1299	842	30.61	GC2	70	slow	80
ENSG00000175600_SUGCT	ENSG00000175600	SUGCT	1188	46.37	589	278	23.40	GC3	70	fast	90
ENSG00000175606_TMEM70	ENSG00000175606	TMEM70	774	46.70	506	284	36.69	GC3		slow	80
ENSG00000175634_RPS6KB2	ENSG00000175634	RPS6KB2	1455	61.49	561	288	19.79		70	slow	80
ENSG00000175662_TOM1L2	ENSG00000175662	TOM1L2	1524	57.29	607	358	23.49	GC1	70	fast	80
ENSG00000175664_TEX26	ENSG00000175664	TEX26	870	44.28	660	442	50.80	GC3	70	fast	90
ENSG00000175697_GPR156	ENSG00000175697	GPR156	2442	54.61	1571	926	37.92	GC1	80	fast	90
ENSG00000175707_KDF1	ENSG00000175707	KDF1	1197	63.82	497	284	23.73	GC1	70	slow	90
ENSG00000175711_B3GNTL1	ENSG00000175711	B3GNTL1	1026	58.70	476	306	29.82	GC1		fast	80
ENSG00000175727_MLXIP	ENSG00000175727	MLXIP	2679	59.34	1270	697	26.02	GC1	80	fast	90
ENSG00000175766_EIF4E1B	ENSG00000175766	EIF4E1B	693	58.73	421	256	36.94			fast	90
ENSG00000175782_SLC35E3	ENSG00000175782	SLC35E3	942	48.69	380	211	22.40	GC1		slow	80
ENSG00000175826_CTDNEP1	ENSG00000175826	CTDNEP1	735	52.24	218	92	12.52	GC1		slow	80
ENSG00000175832_ETV4	ENSG00000175832	ETV4	1458	59.92	544	246	16.87	GC1		slow	90
ENSG00000175877_WBSCR28	ENSG00000175877	WBSCR28	798	63.44	588	312	39.10			fast	
ENSG00000175893_ZDHHC21	ENSG00000175893	ZDHHC21	798	42.14	233	105	13.16	GC3		slow	90
ENSG00000175899_A2M	ENSG00000175899	A2M	4428	49.03	2704	1642	37.08	GC2	80	slow	80
ENSG00000175906_ARL4D	ENSG00000175906	ARL4D	606	61.93	224	124	20.46			slow	80
ENSG00000175931_UBE2O	ENSG00000175931	UBE2O	3876	61.17	1422	719	18.55		70	slow	70
ENSG00000175938_ORAI3	ENSG00000175938	ORAI3	894	63.53	313	148	16.55			slow	70
ENSG00000175970_UNC119B	ENSG00000175970	UNC119B	756	54.05	346	187	24.74	GC1		fast	90
ENSG00000175984_DENND2C	ENSG00000175984	DENND2C	2787	44.43	1282	680	24.40	GC3	80	fast	90
ENSG00000176014_TUBB6	ENSG00000176014	TUBB6	1341	60.03	423	262	19.54			slow	80
ENSG00000176018_LYSMD3	ENSG00000176018	LYSMD3	921	39.67	412	209	22.69	GC3		slow	90
ENSG00000176020_AMIGO3	ENSG00000176020	AMIGO3	1527	64.92	883	571	37.39		80	slow	80
ENSG00000176029_C11orf16	ENSG00000176029	C11orf16	1407	58.76	1075	649	46.13	GC1	80	fast	90
ENSG00000176040_TMPRSS7	ENSG00000176040	TMPRSS7	2484	48.96	1022	507	20.41	GC2		fast	80
ENSG00000176049_JAKMIP2	ENSG00000176049	JAKMIP2	2463	46.69	735	427	17.34	GC2		slow	90
ENSG00000176055_MBLAC2	ENSG00000176055	MBLAC2	840	56.79	269	142	16.90	GC1		slow	80
ENSG00000176083_ZNF683	ENSG00000176083	ZNF683	1569	61.60	1184	698	44.49	GC1	80	fast	80
ENSG00000176095_IP6K1	ENSG00000176095	IP6K1	1326	58.92	451	231	17.42			slow	90
ENSG00000176102_CSTF3	ENSG00000176102	CSTF3	2154	42.16	629	283	13.14	GC3	70	slow	90
ENSG00000176105_YES1	ENSG00000176105	YES1	1626	41.48	446	236	14.51	GC3	80	slow	80
ENSG00000176108_CHMP6	ENSG00000176108	CHMP6	606	57.78	280	132	21.78			slow	70
ENSG00000176142_TMEM39A	ENSG00000176142	TMEM39A	1467	47.74	437	201	13.70	GC2		slow	90
ENSG00000176148_TCP11L1	ENSG00000176148	TCP11L1	1530	49.93	803	452	29.54	GC2	80	fast	90
ENSG00000176155_CCDC57	ENSG00000176155	CCDC57	2511	61.57	1916	1270	50.58		80	fast	80
ENSG00000176160_HSF5	ENSG00000176160	HSF5	1761	52.59	696	245	13.91	GC2		fast	90
ENSG00000176170_SPHK1	ENSG00000176170	SPHK1	1371	65.85	872	486	35.45		70	slow	70
ENSG00000176177_ENTHD1	ENSG00000176177	ENTHD1	1836	45.02	1280	785	42.76	GC3	80	slow	80
ENSG00000176194_CIDEA	ENSG00000176194	CIDEA	660	56.82	381	261	39.55		70	fast	80
ENSG00000176200_OR4D11	ENSG00000176200	OR4D11	936	50.34	378	197	21.05	GC1		slow	
ENSG00000176208_ATAD5	ENSG00000176208	ATAD5	5544	37.95	3359	1869	33.71	GC3	90	slow	80
ENSG00000176225_RTTN	ENSG00000176225	RTTN	6690	47.32	3616	2192	32.77	GC2	80	fast	80
ENSG00000176273_SLC35G1	ENSG00000176273	SLC35G1	1098	50.30	654	428	38.98	GC2	70	fast	90
ENSG00000176302_FOXR1	ENSG00000176302	FOXR1	879	57.71	493	288	32.76	GC1		fast	80
ENSG00000176387_HSD11B2	ENSG00000176387	HSD11B2	1218	63.28	649	362	29.72		70	fast	80
ENSG00000176390_CRLF3	ENSG00000176390	CRLF3	1323	47.76	445	260	19.65	GC2		fast	90
ENSG00000176393_RNPEP	ENSG00000176393	RNPEP	1953	58.23	1151	586	30.01	GC1		fast	80
ENSG00000176399_DMRTA1	ENSG00000176399	DMRTA1	1494	54.48	984	570	38.15	GC2	80	fast	90
ENSG00000176406_RIMS2	ENSG00000176406	RIMS2	3972	45.93	1390	669	16.84	GC3		fast	80
ENSG00000176407_KCMF1	ENSG00000176407	KCMF1	1146	47.77	305	162	14.14	GC3		slow	80
ENSG00000176410_DNAJC30	ENSG00000176410	DNAJC30	681	66.50	422	235	34.51			fast	70
ENSG00000176422_SPRYD4	ENSG00000176422	SPRYD4	624	58.48	289	150	24.04	GC1		slow	80
ENSG00000176438_SYNE3	ENSG00000176438	SYNE3	2928	62.47	1805	906	30.94		80	fast	80
ENSG00000176444_CLK2	ENSG00000176444	CLK2	1503	54.60	588	361	24.02	GC1		fast	90
ENSG00000176454_LPCAT4	ENSG00000176454	LPCAT4	1575	60.67	697	371	23.56	GC1	70	fast	90
ENSG00000176463_SLCO3A1	ENSG00000176463	SLCO3A1	1992	59.17	781	380	19.08			fast	90
ENSG00000176473_WDR25	ENSG00000176473	WDR25	1635	60.08	954	628	38.41	GC1	70	fast	80
ENSG00000176542_KIAA2018	ENSG00000176542	KIAA2018	6720	47.11	3174	1739	25.88	GC3	90	slow	90
ENSG00000176571_CNBD1	ENSG00000176571	CNBD1	1305	38.14	914	531	40.69	GC3	70	fast	70
ENSG00000176601_MAP3K19	ENSG00000176601	MAP3K19	3984	42.88	2642	1483	37.22	GC3	80	fast	90
ENSG00000176623_RMDN1	ENSG00000176623	RMDN1	945	44.67	528	287	30.37	GC3	80	fast	90
ENSG00000176624_MEX3C	ENSG00000176624	MEX3C	1404	49.54	360	180	12.82	GC3		slow	90
ENSG00000176635_HORMAD2	ENSG00000176635	HORMAD2	927	42.29	576	293	31.61	GC3		fast	90
ENSG00000176658_MYO1D	ENSG00000176658	MYO1D	3021	47.61	1095	682	22.58	GC2	70	fast	90
ENSG00000176697_BDNF	ENSG00000176697	BDNF	765	53.24	196	114	14.90	GC1		slow	90
ENSG00000176715_ACSF3	ENSG00000176715	ACSF3	1728	61.20	993	641	37.09		80	fast	80
ENSG00000176720_BOK	ENSG00000176720	BOK	642	67.23	278	121	18.85			fast	70
ENSG00000176749_CDK5R1	ENSG00000176749	CDK5R1	924	62.37	188	81	8.77			slow	70
ENSG00000176774_MAGEB18	ENSG00000176774	MAGEB18	1035	52.81	722	462	44.64	GC2		fast	80
ENSG00000176783_RUFY1	ENSG00000176783	RUFY1	2088	51.65	973	486	23.28	GC1	80	fast	80
ENSG00000176787_OR52E2	ENSG00000176787	OR52E2	954	45.02	458	236	24.74	GC2		slow	
ENSG00000176834_VSIG10	ENSG00000176834	VSIG10	1614	58.17	1052	638	39.53	GC1		fast	90
ENSG00000176845_METRNL	ENSG00000176845	METRNL	891	66.25	513	316	35.47		70	fast	80
ENSG00000176853_FAM91A1	ENSG00000176853	FAM91A1	2517	43.28	940	544	21.61	GC3	70	fast	90
ENSG00000176884_GRIN1	ENSG00000176884	GRIN1	2880	59.80	1025	388	13.47			fast	
ENSG00000176890_TYMS	ENSG00000176890	TYMS	942	52.65	382	204	21.66	GC1		fast	80
ENSG00000176893_OR51G2	ENSG00000176893	OR51G2	942	49.71	515	295	31.32	GC1		fast	80
ENSG00000176900_OR51T1	ENSG00000176900	OR51T1	1014	47.12	556	315	31.07	GC2		slow	
ENSG00000176903_PNMA1	ENSG00000176903	PNMA1	1062	56.72	399	206	19.40	GC1		slow	80
ENSG00000176909_MAMSTR	ENSG00000176909	MAMSTR	1245	65.09	832	474	38.07	GC1	70	fast	90
ENSG00000176915_ANKLE2	ENSG00000176915	ANKLE2	2673	51.95	1813	1251	46.80	GC2	80	fast	90
ENSG00000176919_C8G	ENSG00000176919	C8G	609	63.42	396	233	38.26			fast	70
ENSG00000176927_EFCAB5	ENSG00000176927	EFCAB5	4485	42.08	2903	1721	38.37	GC3	80	fast	90
ENSG00000176946_THAP4	ENSG00000176946	THAP4	1659	63.12	944	559	33.69		80	fast	80
ENSG00000176971_FIBIN	ENSG00000176971	FIBIN	636	59.23	217	100	15.72			slow	70
ENSG00000176974_SHMT1	ENSG00000176974	SHMT1	1455	57.25	645	420	28.87	GC1		fast	90
ENSG00000176978_DPP7	ENSG00000176978	DPP7	1473	63.62	892	500	33.94		70	fast	70
ENSG00000176986_SEC24C	ENSG00000176986	SEC24C	3291	54.43	1224	606	18.41	GC2	80	slow	90
ENSG00000176994_SMCR8	ENSG00000176994	SMCR8	2817	54.71	1405	900	31.95	GC1	90	fast	90
ENSG00000177000_MTHFR	ENSG00000177000	MTHFR	2091	59.21	882	492	23.53		70	fast	90
ENSG00000177025_C19orf18	ENSG00000177025	C19orf18	642	44.69	538	353	54.98	GC3		fast	
ENSG00000177045_SIX5	ENSG00000177045	SIX5	2214	70.58	1122	522	23.58		70	fast	80
ENSG00000177054_ZDHHC13	ENSG00000177054	ZDHHC13	1869	43.58	813	446	23.86	GC3	80	slow	90
ENSG00000177058_SLC38A9	ENSG00000177058	SLC38A9	1686	40.92	626	316	18.74	GC3	80	slow	90
ENSG00000177076_ACER2	ENSG00000177076	ACER2	828	54.51	261	155	18.72	GC1		fast	90
ENSG00000177082_WDR73	ENSG00000177082	WDR73	1119	56.44	585	349	31.19	GC1	70	slow	80
ENSG00000177084_POLE	ENSG00000177084	POLE	6834	55.89	2947	1880	27.51	GC1	80	fast	90
ENSG00000177119_ANO6	ENSG00000177119	ANO6	2703	44.51	1300	811	30.00	GC2	70	slow	90
ENSG00000177125_ZBTB34	ENSG00000177125	ZBTB34	1515	52.92	408	239	15.78	GC1		slow	70
ENSG00000177150_FAM210A	ENSG00000177150	FAM210A	822	43.37	421	248	30.17	GC3	70	slow	80
ENSG00000177169_ULK1	ENSG00000177169	ULK1	3156	65.25	1554	829	26.27		80	fast	80
ENSG00000177181_RIMKLA	ENSG00000177181	RIMKLA	1053	56.08	390	236	22.41	GC1	70	slow	90
ENSG00000177182_CLVS1	ENSG00000177182	CLVS1	1065	47.89	331	199	18.69	GC2		slow	90
ENSG00000177189_RPS6KA3	ENSG00000177189	RPS6KA3	2223	41.38	680	245	11.02	GC3	70	slow	90
ENSG00000177192_PUS1	ENSG00000177192	PUS1	1284	63.31	676	440	34.27		70	slow	70
ENSG00000177200_CHD9	ENSG00000177200	CHD9	8706	42.49	3060	1542	17.71	GC3	90	slow	90
ENSG00000177238_TRIM72	ENSG00000177238	TRIM72	1434	67.14	872	385	26.85			fast	80
ENSG00000177294_FBXO39	ENSG00000177294	FBXO39	1332	53.41	638	393	29.50			slow	90
ENSG00000177301_KCNA2	ENSG00000177301	KCNA2	1500	51.74	345	213	14.20	GC1		slow	70
ENSG00000177302_TOP3A	ENSG00000177302	TOP3A	3012	56.92	1497	992	32.93	GC1	80	slow	80
ENSG00000177303_CASKIN2	ENSG00000177303	CASKIN2	3606	65.70	1628	951	26.37		80	slow	80
ENSG00000177380_PPFIA3	ENSG00000177380	PPFIA3	3585	62.25	1371	573	15.98		70	slow	70
ENSG00000177414_UBE2U	ENSG00000177414	UBE2U	957	38.88	729	449	46.92	GC3	70	fast	70
ENSG00000177427_MIEF2	ENSG00000177427	MIEF2	1365	67.51	853	520	38.10		80	fast	80
ENSG00000177453_NIM1K	ENSG00000177453	NIM1K	1311	51.48	543	351	26.77	GC1	70	slow	90
ENSG00000177455_CD19	ENSG00000177455	CD19	1674	59.76	1175	721	43.07	GC1	70	fast	90
ENSG00000177463_NR2C2	ENSG00000177463	NR2C2	1791	52.65	526	334	18.65	GC1	70	slow	90
ENSG00000177465_ACOT4	ENSG00000177465	ACOT4	1266	58.23	738	395	31.20	GC1		fast	80
ENSG00000177468_OLIG3	ENSG00000177468	OLIG3	819	65.55	263	121	14.77			slow	80
ENSG00000177469_PTRF	ENSG00000177469	PTRF	1173	65.11	355	158	13.47			slow	80
ENSG00000177479_ARIH2	ENSG00000177479	ARIH2	1479	51.57	461	243	16.43	GC1		slow	90
ENSG00000177483_RBM44	ENSG00000177483	RBM44	3168	39.17	2316	1318	41.60	GC3	80	fast	90
ENSG00000177485_ZBTB33	ENSG00000177485	ZBTB33	2019	41.43	821	400	19.81	GC3	80	slow	90
ENSG00000177511_ST8SIA3	ENSG00000177511	ST8SIA3	1143	44.69	313	144	12.60	GC2		slow	90
ENSG00000177548_RABEP2	ENSG00000177548	RABEP2	1707	65.50	812	391	22.91			fast	90
ENSG00000177558_FAM187B	ENSG00000177558	FAM187B	1110	58.75	870	656	59.10			fast	80
ENSG00000177565_TBL1XR1	ENSG00000177565	TBL1XR1	1545	43.60	540	221	14.30	GC3		slow	90
ENSG00000177575_CD163	ENSG00000177575	CD163	3450	50.65	2074	1261	36.55	GC3	80	fast	90
ENSG00000177614_PGBD5	ENSG00000177614	PGBD5	1269	57.77	545	301	23.72		70	fast	90
ENSG00000177628_GBA	ENSG00000177628	GBA	1611	57.80	714	458	28.43	GC1	70	slow	80
ENSG00000177646_ACAD9	ENSG00000177646	ACAD9	1866	55.09	925	537	28.78	GC1	80	slow	70
ENSG00000177663_IL17RA	ENSG00000177663	IL17RA	2553	60.33	1675	988	38.70			fast	80
ENSG00000177669_MBOAT4	ENSG00000177669	MBOAT4	1308	55.13	755	433	33.10	GC1	80	slow	
ENSG00000177673_C2orf57	ENSG00000177673	C2orf57	1179	62.14	929	549	46.56	GC1	80	fast	
ENSG00000177697_CD151	ENSG00000177697	CD151	762	59.79	273	133	17.45			slow	
ENSG00000177707_PVRL3	ENSG00000177707	PVRL3	1572	40.56	489	218	13.87	GC3		slow	80
ENSG00000177728_KIAA0195	ENSG00000177728	KIAA0195	4071	60.63	1446	737	18.10		80	slow	70
ENSG00000177731_FLII	ENSG00000177731	FLII	3819	59.58	1434	834	21.84		80	slow	80
ENSG00000177791_MYOZ1	ENSG00000177791	MYOZ1	894	54.43	380	212	23.71	GC2	70	slow	90
ENSG00000177830_CHID1	ENSG00000177830	CHID1	1182	61.91	626	352	29.78			fast	80
ENSG00000177885_GRB2	ENSG00000177885	GRB2	654	51.37	224	95	14.53	GC1		slow	90
ENSG00000177917_ARL6IP6	ENSG00000177917	ARL6IP6	681	55.69	370	214	31.42	GC2	70	slow	80
ENSG00000177943_MAMDC4	ENSG00000177943	MAMDC4	3660	67.05	2120	1240	33.88		90	fast	70
ENSG00000177947_ODF3	ENSG00000177947	ODF3	765	62.64	317	160	20.92			fast	90
ENSG00000177963_RIC8A	ENSG00000177963	RIC8A	1593	61.34	949	492	30.89		80	slow	80
ENSG00000177981_ASB8	ENSG00000177981	ASB8	867	52.25	205	115	13.26	GC2	70	slow	80
ENSG00000177990_DPY19L2	ENSG00000177990	DPY19L2	2277	41.84	930	414	18.18	GC3	70	fast	
ENSG00000177994_C2orf73	ENSG00000177994	C2orf73	867	43.92	562	293	33.79	GC3		fast	90
ENSG00000178028_DMAP1	ENSG00000178028	DMAP1	1407	58.66	435	265	18.83	GC1		slow	80
ENSG00000178033_FAM26E	ENSG00000178033	FAM26E	930	50.03	487	293	31.51	GC1	70	slow	90
ENSG00000178035_IMPDH2	ENSG00000178035	IMPDH2	1545	53.03	499	346	22.39	GC1	70	slow	80
ENSG00000178038_ALS2CL	ENSG00000178038	ALS2CL	2862	62.86	1478	738	25.79		70	fast	70
ENSG00000178053_MLF1	ENSG00000178053	MLF1	855	42.51	456	247	28.89	GC3	70	fast	80
ENSG00000178074_C2orf69	ENSG00000178074	C2orf69	1161	46.33	531	244	21.02	GC3	80	slow	80
ENSG00000178075_GRAMD1C	ENSG00000178075	GRAMD1C	1971	41.48	1091	559	28.36	GC3	80	fast	90
ENSG00000178105_DDX10	ENSG00000178105	DDX10	2628	43.17	1216	643	24.47	GC3	80	fast	90
ENSG00000178125_PPP1R42	ENSG00000178125	PPP1R42	939	35.73	417	172	18.32	GC3		slow	
ENSG00000178127_NDUFV2	ENSG00000178127	NDUFV2	747	43.87	270	162	21.69	GC3		slow	90
ENSG00000178149_DALRD3	ENSG00000178149	DALRD3	1629	62.87	982	599	36.77	GC1	70	fast	90
ENSG00000178171_AMER3	ENSG00000178171	AMER3	2583	61.10	1888	1233	47.74	GC1	90	fast	70
ENSG00000178175_ZNF366	ENSG00000178175	ZNF366	2235	61.76	1171	677	30.29		80	fast	90
ENSG00000178177_LCORL	ENSG00000178177	LCORL	1668	39.88	316	96	5.76	GC3		slow	90
ENSG00000178184_PARD6G	ENSG00000178184	PARD6G	1131	65.15	565	371	32.80		70	fast	70
ENSG00000178187_ZNF454	ENSG00000178187	ZNF454	1584	43.26	631	279	17.61	GC3	70	slow	
ENSG00000178199_ZC3H12D	ENSG00000178199	ZC3H12D	1443	64.63	830	437	30.28		70	fast	70
ENSG00000178202_KDELC2	ENSG00000178202	KDELC2	1527	46.26	688	401	26.26	GC2	70	fast	90
ENSG00000178209_PLEC	ENSG00000178209	PLEC	14046	66.14	6041	3084	21.96		80	fast	70
ENSG00000178217_SH2D4B	ENSG00000178217	SH2D4B	1296	59.12	629	322	24.85	GC1		fast	90
ENSG00000178226_PRSS36	ENSG00000178226	PRSS36	2568	66.52	1473	675	26.29		70	fast	70
ENSG00000178235_SLITRK1	ENSG00000178235	SLITRK1	2091	51.95	595	275	13.15	GC1		slow	90
ENSG00000178252_WDR6	ENSG00000178252	WDR6	3366	60.72	1627	974	28.94	GC1	70	fast	90
ENSG00000178295_GEN1	ENSG00000178295	GEN1	2730	40.02	1833	1092	40.00	GC3	90	fast	90
ENSG00000178301_AQP11	ENSG00000178301	AQP11	816	54.23	437	230	28.19	GC1	80	slow	80
ENSG00000178343_SHISA3	ENSG00000178343	SHISA3	717	63.26	333	135	18.83			fast	70
ENSG00000178385_PLEKHM3	ENSG00000178385	PLEKHM3	2283	51.93	1020	560	24.53	GC1	80	fast	90
ENSG00000178394_HTR1A	ENSG00000178394	HTR1A	1269	59.80	552	322	25.37		70	slow	80
ENSG00000178401_DNAJC22	ENSG00000178401	DNAJC22	1026	56.05	542	279	27.19	GC1	80	slow	80
ENSG00000178404_KIAA1731NL	ENSG00000178404	KIAA1731NL	1749	61.08	1535	1096	62.66	GC1	80	fast	
ENSG00000178425_NT5DC1	ENSG00000178425	NT5DC1	1359	43.70	635	273	20.09	GC3		fast	70
ENSG00000178445_GLDC	ENSG00000178445	GLDC	3063	52.38	1266	732	23.90	GC2	70	fast	90
ENSG00000178460_MCMDC2	ENSG00000178460	MCMDC2	2046	37.29	955	430	21.02	GC3	70	fast	90
ENSG00000178462_TUBAL3	ENSG00000178462	TUBAL3	1341	54.19	756	468	34.90	GC1	70	fast	70
ENSG00000178467_P4HTM	ENSG00000178467	P4HTM	1488	62.29	622	287	19.29		70	fast	90
ENSG00000178502_KLHL11	ENSG00000178502	KLHL11	2127	49.99	805	319	15.00	GC2	70	slow	70
ENSG00000178522_AMBN	ENSG00000178522	AMBN	1266	53.03	784	478	37.76	GC2	80	fast	90
ENSG00000178538_CA8	ENSG00000178538	CA8	873	48.27	336	194	22.22	GC2	70	fast	90
ENSG00000178562_CD28	ENSG00000178562	CD28	663	47.65	402	269	40.57	GC2		fast	90
ENSG00000178568_ERBB4	ENSG00000178568	ERBB4	3849	47.15	1301	610	15.85	GC2	70	slow	
ENSG00000178607_ERN1	ENSG00000178607	ERN1	2913	57.14	1171	669	22.97		80	fast	90
ENSG00000178662_CSRNP3	ENSG00000178662	CSRNP3	1758	51.34	609	377	21.44	GC2	70	slow	80
ENSG00000178691_SUZ12	ENSG00000178691	SUZ12	2220	41.64	594	209	9.41	GC3		fast	90
ENSG00000178694_NSUN3	ENSG00000178694	NSUN3	1020	44.31	554	308	30.20	GC3		slow	90
ENSG00000178719_GRINA	ENSG00000178719	GRINA	1086	59.86	458	243	22.38			slow	80
ENSG00000178750_STX19	ENSG00000178750	STX19	885	37.87	385	192	21.69	GC3	70	slow	
ENSG00000178764_ZHX2	ENSG00000178764	ZHX2	2514	57.73	1095	658	26.17	GC1	80	slow	80
ENSG00000178772_CPN2	ENSG00000178772	CPN2	1644	63.89	978	542	32.97		80	slow	70
ENSG00000178773_CPNE7	ENSG00000178773	CPNE7	1737	60.21	835	422	24.29		80	slow	
ENSG00000178795_GDPD4	ENSG00000178795	GDPD4	1830	42.58	1234	753	41.15	GC3	80	fast	70
ENSG00000178802_MPI	ENSG00000178802	MPI	1272	55.65	643	325	25.55	GC1	70	fast	90
ENSG00000178814_OPLAH	ENSG00000178814	OPLAH	3867	65.86	1749	925	23.92		70	fast	80
ENSG00000178826_TMEM139	ENSG00000178826	TMEM139	633	56.93	422	233	36.81	GC2		fast	80
ENSG00000178852_EFCAB13	ENSG00000178852	EFCAB13	2640	35.80	1836	898	34.02	GC3	70	fast	
ENSG00000178860_MSC	ENSG00000178860	MSC	621	67.94	266	132	21.26			slow	80
ENSG00000178896_EXOSC4	ENSG00000178896	EXOSC4	738	64.70	236	135	18.29	GC1		slow	
ENSG00000178904_DPY19L3	ENSG00000178904	DPY19L3	2151	43.25	1034	634	29.47	GC2	70	fast	90
ENSG00000178921_PFAS	ENSG00000178921	PFAS	4017	62.14	1902	1116	27.78	GC1	80	fast	90
ENSG00000178922_HYI	ENSG00000178922	HYI	834	63.00	430	194	23.26			fast	80
ENSG00000178950_GAK	ENSG00000178950	GAK	3939	61.63	2039	1339	33.99		80	fast	80
ENSG00000178965_ERICH3	ENSG00000178965	ERICH3	4518	48.44	3418	1960	43.38	GC3	80	fast	
ENSG00000178966_RMI1	ENSG00000178966	RMI1	1884	36.62	994	463	24.58	GC3	80	slow	70
ENSG00000178971_CTC1	ENSG00000178971	CTC1	3654	57.19	2382	1470	40.23	GC1	90	fast	80
ENSG00000178974_FBXO34	ENSG00000178974	FBXO34	2142	50.73	898	447	20.87	GC2	80	slow	
ENSG00000178982_EIF3K	ENSG00000178982	EIF3K	657	53.89	209	107	16.29			slow	90
ENSG00000178997_EXD1	ENSG00000178997	EXD1	1578	44.03	953	522	33.08	GC3	80	slow	90
ENSG00000178999_AURKB	ENSG00000178999	AURKB	1035	57.41	378	209	20.19			slow	80
ENSG00000179008_C14orf39	ENSG00000179008	C14orf39	1764	32.05	996	468	26.53	GC3	80	fast	80
ENSG00000179021_C3orf38	ENSG00000179021	C3orf38	990	43.74	518	274	27.68	GC3	70	fast	90
ENSG00000179044_EXOC3L1	ENSG00000179044	EXOC3L1	2220	64.04	1254	745	33.56	GC1	90	fast	90
ENSG00000179051_RCC2	ENSG00000179051	RCC2	1284	58.93	364	247	19.24			slow	90
ENSG00000179091_CYC1	ENSG00000179091	CYC1	978	62.46	401	218	22.29			slow	70
ENSG00000179094_PER1	ENSG00000179094	PER1	3876	63.35	1743	995	25.67	GC1	80	slow	80
ENSG00000179097_HTR1F	ENSG00000179097	HTR1F	1101	41.59	426	228	20.71	GC3	70	slow	80
ENSG00000179104_TMTC2	ENSG00000179104	TMTC2	2511	48.20	897	512	20.39	GC2		fast	90
ENSG00000179115_FARSA	ENSG00000179115	FARSA	1527	62.25	600	382	25.02			fast	90
ENSG00000179119_SPTY2D1	ENSG00000179119	SPTY2D1	2055	49.90	1120	596	29.00	GC3	90	slow	90
ENSG00000179133_C10orf67	ENSG00000179133	C10orf67	888	37.88	634	410	46.17	GC3	70	fast	80
ENSG00000179134_SAMD4B	ENSG00000179134	SAMD4B	2085	62.08	659	314	15.06			slow	70
ENSG00000179148_ALOXE3	ENSG00000179148	ALOXE3	2373	58.65	1199	686	28.91		70	fast	90
ENSG00000179151_EDC3	ENSG00000179151	EDC3	1527	53.40	496	273	17.88	GC1	70	slow	80
ENSG00000179152_TCAIM	ENSG00000179152	TCAIM	1491	44.17	778	470	31.52	GC3	70	fast	90
ENSG00000179163_FUCA1	ENSG00000179163	FUCA1	1401	52.26	752	491	35.05	GC1	70	fast	90
ENSG00000179178_TMEM125	ENSG00000179178	TMEM125	660	68.27	291	163	24.70			slow	
ENSG00000179218_CALR	ENSG00000179218	CALR	1254	53.42	464	309	24.64	GC1	70	slow	80
ENSG00000179222_MAGED1	ENSG00000179222	MAGED1	2346	54.36	896	384	16.37	GC2	80	slow	70
ENSG00000179241_LDLRAD3	ENSG00000179241	LDLRAD3	1038	62.06	384	220	21.19			fast	80
ENSG00000179270_C2orf71	ENSG00000179270	C2orf71	3891	60.48	2981	1839	47.26	GC1	80	fast	80
ENSG00000179295_PTPN11	ENSG00000179295	PTPN11	1782	47.00	557	338	18.97	GC2		fast	90
ENSG00000179299_NSUN7	ENSG00000179299	NSUN7	2178	40.86	1154	602	27.64	GC3	80	slow	90
ENSG00000179314_WSCD1	ENSG00000179314	WSCD1	1728	63.65	788	428	24.77			fast	90
ENSG00000179331_RAB39A	ENSG00000179331	RAB39A	654	48.87	197	114	17.43	GC2		slow	90
ENSG00000179335_CLK3	ENSG00000179335	CLK3	1473	56.02	394	198	13.44	GC1		slow	90
ENSG00000179348_GATA2	ENSG00000179348	GATA2	1443	65.64	457	233	16.15			slow	70
ENSG00000179361_ARID3B	ENSG00000179361	ARID3B	1680	59.59	812	433	25.77	GC1	80	fast	90
ENSG00000179364_PACS2	ENSG00000179364	PACS2	2553	61.60	935	475	18.61		80	fast	
ENSG00000179387_ELMOD2	ENSG00000179387	ELMOD2	882	38.57	398	220	24.94	GC3		slow	90
ENSG00000179388_EGR3	ENSG00000179388	EGR3	1164	62.50	295	176	15.12			slow	90
ENSG00000179399_GPC5	ENSG00000179399	GPC5	1569	48.13	868	413	26.32	GC2	70	slow	
ENSG00000179409_GEMIN4	ENSG00000179409	GEMIN4	3180	53.66	1510	927	29.15	GC1	80	slow	90
ENSG00000179454_KLHL28	ENSG00000179454	KLHL28	1716	42.54	540	297	17.31	GC3	70	slow	90
ENSG00000179456_ZBTB18	ENSG00000179456	ZBTB18	1596	56.71	387	213	13.35			slow	70
ENSG00000179476_C14orf28	ENSG00000179476	C14orf28	933	38.30	205	88	9.43	GC3		slow	80
ENSG00000179477_ALOX12B	ENSG00000179477	ALOX12B	2106	58.54	1070	538	25.55		70	fast	80
ENSG00000179520_SLC17A8	ENSG00000179520	SLC17A8	1770	47.42	752	413	23.33	GC2		slow	90
ENSG00000179526_SHARPIN	ENSG00000179526	SHARPIN	1161	66.16	771	427	36.78	GC1		slow	70
ENSG00000179546_HTR1D	ENSG00000179546	HTR1D	1134	55.09	464	260	22.93	GC1		slow	70
ENSG00000179562_GCC1	ENSG00000179562	GCC1	2328	58.96	960	534	22.94		80	slow	90
ENSG00000179583_CIITA	ENSG00000179583	CIITA	3480	64.12	2112	1219	35.03		80	fast	80
ENSG00000179593_ALOX15B	ENSG00000179593	ALOX15B	2034	60.46	1209	688	33.82		70	fast	70
ENSG00000179603_GRM8	ENSG00000179603	GRM8	2727	47.48	769	418	15.33	GC2	70	fast	80
ENSG00000179639_FCER1A	ENSG00000179639	FCER1A	777	46.34	623	469	60.36	GC2	70	fast	90
ENSG00000179715_PCED1B	ENSG00000179715	PCED1B	1293	61.65	853	548	42.38		70	fast	70
ENSG00000179761_PIPOX	ENSG00000179761	PIPOX	1173	54.26	651	386	32.91	GC1	80	slow	90
ENSG00000179776_CDH5	ENSG00000179776	CDH5	2355	57.70	1286	736	31.25		70	fast	80
ENSG00000179796_LRRC3B	ENSG00000179796	LRRC3B	780	47.16	200	122	15.64	GC2		slow	90
ENSG00000179832_MROH1	ENSG00000179832	MROH1	4926	63.24	2796	1413	28.68		80	fast	
ENSG00000179833_SERTAD2	ENSG00000179833	SERTAD2	945	61.15	367	238	25.19		70	slow	80
ENSG00000179841_AKAP5	ENSG00000179841	AKAP5	1287	42.20	743	372	28.90	GC3	70	slow	70
ENSG00000179889_PDXDC1	ENSG00000179889	PDXDC1	2367	50.56	1151	696	29.40	GC2	70	fast	90
ENSG00000179915_NRXN1	ENSG00000179915	NRXN1	3603	48.29	776	379	10.52	GC2		fast	
ENSG00000179921_GPBAR1	ENSG00000179921	GPBAR1	993	68.84	377	163	16.41		70	slow	
ENSG00000179934_CCR8	ENSG00000179934	CCR8	1068	49.95	620	384	35.96	GC1		slow	80
ENSG00000179941_BBS10	ENSG00000179941	BBS10	2178	40.27	1383	739	33.93	GC3	80	slow	90
ENSG00000179981_TSHZ1	ENSG00000179981	TSHZ1	3195	62.22	1362	874	27.36		70	fast	90
ENSG00000179988_PSTK	ENSG00000179988	PSTK	1077	47.96	667	403	37.42	GC2	80	fast	90
ENSG00000180008_SOCS4	ENSG00000180008	SOCS4	1326	40.60	463	217	16.37	GC3	70	slow	80
ENSG00000180011_ZADH2	ENSG00000180011	ZADH2	1134	55.33	574	303	26.72	GC1	70	fast	
ENSG00000180035_ZNF48	ENSG00000180035	ZNF48	1863	61.91	790	406	21.79	GC1	70	fast	90
ENSG00000180053_NKX2-6	ENSG00000180053	NKX2-6	900	69.03	645	428	47.56		70	fast	70
ENSG00000180061_TMEM150B	ENSG00000180061	TMEM150B	705	60.75	409	247	35.04			fast	70
ENSG00000180089_TMEM86B	ENSG00000180089	TMEM86B	681	65.28	474	328	48.16		80	fast	
ENSG00000180096_SEPT1	ENSG00000180096	SEPT1	1104	58.13	382	200	18.12			slow	70
ENSG00000180098_TRNAU1AP	ENSG00000180098	TRNAU1AP	864	51.92	245	140	16.20	GC1		slow	90
ENSG00000180116_C12orf40	ENSG00000180116	C12orf40	1959	36.29	1522	859	43.85	GC3	80	fast	90
ENSG00000180182_MED14	ENSG00000180182	MED14	4365	46.95	1378	688	15.76	GC3	80	slow	90
ENSG00000180198_RCC1	ENSG00000180198	RCC1	1344	58.03	521	314	23.36	GC1	70	slow	90
ENSG00000180210_F2	ENSG00000180210	F2	1872	60.12	1042	627	33.49		80	fast	90
ENSG00000180228_PRKRA	ENSG00000180228	PRKRA	942	44.78	325	165	17.52	GC3		fast	90
ENSG00000180245_RRH	ENSG00000180245	RRH	1014	44.23	558	354	34.91	GC3	80	fast	90
ENSG00000180263_FGD6	ENSG00000180263	FGD6	4305	43.42	2421	1431	33.24	GC3	80	slow	90
ENSG00000180269_GPR139	ENSG00000180269	GPR139	1059	51.42	403	218	20.59			slow	80
ENSG00000180287_PLD5	ENSG00000180287	PLD5	1335	44.94	501	308	23.07	GC2	70	fast	90
ENSG00000180316_PNPLA1	ENSG00000180316	PNPLA1	1599	56.44	982	565	35.33	GC1		fast	80
ENSG00000180318_ALX1	ENSG00000180318	ALX1	981	50.57	282	132	13.46	GC2		slow	90
ENSG00000180329_CCDC43	ENSG00000180329	CCDC43	684	53.48	311	171	25.00	GC2		slow	90
ENSG00000180332_KCTD4	ENSG00000180332	KCTD4	780	41.47	165	85	10.90	GC3		slow	80
ENSG00000180336_C17orf104	ENSG00000180336	C17orf104	2799	38.30	907	374	13.36	GC3	80	fast	90
ENSG00000180347_CCDC129	ENSG00000180347	CCDC129	3156	51.40	2521	1649	52.25	GC2	90	fast	90
ENSG00000180353_HCLS1	ENSG00000180353	HCLS1	1446	52.89	673	398	27.52	GC2	70	fast	90
ENSG00000180357_ZNF609	ENSG00000180357	ZNF609	4236	54.97	1367	723	17.07	GC2	80	slow	90
ENSG00000180370_PAK2	ENSG00000180370	PAK2	1575	43.97	478	280	17.78	GC3	70	slow	90
ENSG00000180376_CCDC66	ENSG00000180376	CCDC66	2853	40.24	1818	998	34.98	GC3	90	fast	90
ENSG00000180423_HARBI1	ENSG00000180423	HARBI1	1050	50.65	439	198	18.86	GC2		slow	90
ENSG00000180433_OR6K6	ENSG00000180433	OR6K6	984	52.07	508	299	30.39	GC1		slow	
ENSG00000180481_GLIPR1L2	ENSG00000180481	GLIPR1L2	1017	43.69	665	423	41.59	GC3	70	fast	90
ENSG00000180488_FAM73A	ENSG00000180488	FAM73A	1890	41.85	797	419	22.17	GC3	70	fast	90
ENSG00000180537_RNF182	ENSG00000180537	RNF182	744	54.45	298	188	25.27	GC1		slow	80
ENSG00000180613_GSX2	ENSG00000180613	GSX2	915	65.94	385	170	18.58			slow	70
ENSG00000180660_MAB21L1	ENSG00000180660	MAB21L1	1080	57.48	281	183	16.94			slow	80
ENSG00000180667_YOD1	ENSG00000180667	YOD1	1047	52.24	466	248	23.69	GC2		slow	80
ENSG00000180758_GPR157	ENSG00000180758	GPR157	1008	65.59	472	265	26.29			fast	80
ENSG00000180772_AGTR2	ENSG00000180772	AGTR2	1092	42.87	357	187	17.12	GC3		slow	70
ENSG00000180773_SLC36A4	ENSG00000180773	SLC36A4	1476	40.51	667	384	26.02	GC3	70	fast	90
ENSG00000180776_ZDHHC20	ENSG00000180776	ZDHHC20	1098	42.04	480	260	23.68	GC3		fast	90
ENSG00000180785_OR51E1	ENSG00000180785	OR51E1	954	48.94	401	219	22.96	GC2	70	slow	80
ENSG00000180787_ZFP3	ENSG00000180787	ZFP3	1512	46.86	783	540	35.71	GC2	70	slow	70
ENSG00000180815_MAP3K15	ENSG00000180815	MAP3K15	3576	49.58	2270	1204	33.67	GC2	80	fast	90
ENSG00000180817_PPA1	ENSG00000180817	PPA1	870	43.52	380	173	19.89	GC3		slow	90
ENSG00000180818_HOXC10	ENSG00000180818	HOXC10	1029	58.81	220	63	6.12			slow	70
ENSG00000180878_C11orf42	ENSG00000180878	C11orf42	1002	60.42	486	255	25.45	GC1		slow	90
ENSG00000180881_CAPS2	ENSG00000180881	CAPS2	1800	39.11	1096	616	34.22	GC3	70	fast	90
ENSG00000180891_CUEDC1	ENSG00000180891	CUEDC1	1155	61.38	572	296	25.63			fast	80
ENSG00000180901_KCTD2	ENSG00000180901	KCTD2	792	58.20	412	169	21.34	GC1		fast	80
ENSG00000180902_D2HGDH	ENSG00000180902	D2HGDH	1566	63.64	944	493	31.48			fast	80
ENSG00000180957_PITPNB	ENSG00000180957	PITPNB	816	42.92	257	151	18.50	GC3		slow	90
ENSG00000180979_LRRC57	ENSG00000180979	LRRC57	720	48.59	279	131	18.19	GC2		slow	90
ENSG00000180998_GPR137C	ENSG00000180998	GPR137C	1254	48.57	478	169	13.48	GC2	70	fast	90
ENSG00000181019_NQO1	ENSG00000181019	NQO1	825	49.26	387	238	28.85	GC2		slow	90
ENSG00000181026_AEN	ENSG00000181026	AEN	978	64.18	553	338	34.56			fast	80
ENSG00000181031_RPH3AL	ENSG00000181031	RPH3AL	906	62.82	423	228	25.17			fast	80
ENSG00000181045_SLC26A11	ENSG00000181045	SLC26A11	1821	62.18	842	512	28.12		80	fast	70
ENSG00000181090_EHMT1	ENSG00000181090	EHMT1	3804	59.57	1955	1142	30.02	GC1	90	fast	80
ENSG00000181092_ADIPOQ	ENSG00000181092	ADIPOQ	735	53.35	372	234	31.84	GC2		fast	90
ENSG00000181104_F2R	ENSG00000181104	F2R	1284	51.86	680	482	37.54	GC1	70	fast	90
ENSG00000181192_DHTKD1	ENSG00000181192	DHTKD1	2760	52.06	1202	669	24.24	GC2	80	fast	80
ENSG00000181195_PENK	ENSG00000181195	PENK	804	55.65	425	250	31.09	GC1	70	fast	90
ENSG00000181222_POLR2A	ENSG00000181222	POLR2A	5856	56.76	2009	1242	21.21	GC1	70	fast	90
ENSG00000181264_TMEM136	ENSG00000181264	TMEM136	738	53.91	268	145	19.65	GC1		slow	70
ENSG00000181284_TMEM102	ENSG00000181284	TMEM102	1533	66.60	814	482	31.44	GC1	80	slow	80
ENSG00000181291_TMEM132E	ENSG00000181291	TMEM132E	2955	66.69	1184	560	18.95			fast	80
ENSG00000181315_ZNF322	ENSG00000181315	ZNF322	1209	42.96	481	231	19.11	GC3		slow	70
ENSG00000181333_HEPHL1	ENSG00000181333	HEPHL1	3480	47.47	1498	829	23.82	GC2	90	slow	70
ENSG00000181350_LRRC75A	ENSG00000181350	LRRC75A	891	65.59	358	168	18.86			fast	70
ENSG00000181355_OFCC1	ENSG00000181355	OFCC1	873	45.21	601	345	39.52	GC3		fast	
ENSG00000181378_CCDC108	ENSG00000181378	CCDC108	5664	57.87	3466	1938	34.22		90	fast	80
ENSG00000181392_SYNE4	ENSG00000181392	SYNE4	1182	63.00	898	530	44.84	GC1	80	fast	90
ENSG00000181472_ZBTB2	ENSG00000181472	ZBTB2	1545	57.94	548	371	24.01			slow	90
ENSG00000181481_RNF135	ENSG00000181481	RNF135	1263	57.12	880	526	41.65	GC1	70	fast	80
ENSG00000181513_ACBD4	ENSG00000181513	ACBD4	909	59.77	485	267	29.37	GC1	70	slow	90
ENSG00000181523_SGSH	ENSG00000181523	SGSH	1509	62.59	739	389	25.78			fast	70
ENSG00000181544_FANCB	ENSG00000181544	FANCB	2580	38.53	1966	1164	45.12	GC3	90	fast	90
ENSG00000181555_SETD2	ENSG00000181555	SETD2	7608	43.80	3373	1646	21.64	GC3	80	fast	90
ENSG00000181631_P2RY13	ENSG00000181631	P2RY13	1014	45.66	575	382	37.67	GC2	70	slow	80
ENSG00000181634_TNFSF15	ENSG00000181634	TNFSF15	753	53.05	455	284	37.72	GC1		slow	90
ENSG00000181690_PLAG1	ENSG00000181690	PLAG1	1500	49.41	477	345	23.00	GC2	70	slow	90
ENSG00000181704_YIPF6	ENSG00000181704	YIPF6	711	44.98	302	143	20.11	GC3		slow	70
ENSG00000181722_ZBTB20	ENSG00000181722	ZBTB20	2226	60.46	631	306	13.75			slow	90
ENSG00000181751_C5orf30	ENSG00000181751	C5orf30	624	53.34	219	107	17.15	GC2		slow	80
ENSG00000181773_GPR3	ENSG00000181773	GPR3	993	61.77	322	176	17.72		70	slow	70
ENSG00000181789_COPG1	ENSG00000181789	COPG1	2625	55.54	984	529	20.15	GC1	70	fast	80
ENSG00000181803_OR6S1	ENSG00000181803	OR6S1	996	50.72	481	263	26.41	GC2		slow	70
ENSG00000181804_SLC9A9	ENSG00000181804	SLC9A9	1935	46.12	836	425	21.96	GC2		fast	80
ENSG00000181826_RELL1	ENSG00000181826	RELL1	816	55.11	418	276	33.82	GC1		fast	90
ENSG00000181827_RFX7	ENSG00000181827	RFX7	4095	47.07	1709	948	23.15	GC3	70	slow	90
ENSG00000181830_SLC35C1	ENSG00000181830	SLC35C1	1095	61.28	412	224	20.46			slow	80
ENSG00000181847_TIGIT	ENSG00000181847	TIGIT	798	57.08	591	387	48.50	GC1	70	fast	80
ENSG00000181852_RNF41	ENSG00000181852	RNF41	954	55.97	254	126	13.21	GC1		slow	90
ENSG00000181856_SLC2A4	ENSG00000181856	SLC2A4	1530	59.21	606	331	21.63	GC1		slow	80
ENSG00000181885_CLDN7	ENSG00000181885	CLDN7	636	58.44	287	147	23.11			slow	80
ENSG00000181894_ZNF329	ENSG00000181894	ZNF329	1629	45.65	853	453	27.81	GC3	70	fast	70
ENSG00000181929_PRKAG1	ENSG00000181929	PRKAG1	993	47.50	308	148	14.90	GC2		slow	90
ENSG00000181938_GINS3	ENSG00000181938	GINS3	651	53.45	267	174	26.73	GC1	70	slow	90
ENSG00000181982_CCDC149	ENSG00000181982	CCDC149	1533	53.08	789	478	31.18	GC2		fast	90
ENSG00000182010_RTKN2	ENSG00000182010	RTKN2	1830	40.17	877	397	21.69	GC3	80	fast	80
ENSG00000182013_PNMAL1	ENSG00000182013	PNMAL1	1320	58.94	881	477	36.14	GC1	70	fast	
ENSG00000182022_CHST15	ENSG00000182022	CHST15	1686	55.69	828	474	28.11			fast	90
ENSG00000182040_USH1G	ENSG00000182040	USH1G	1386	67.81	461	200	14.43		70	slow	80
ENSG00000182050_MGAT4C	ENSG00000182050	MGAT4C	1437	36.11	576	313	21.78	GC3	80	slow	90
ENSG00000182054_IDH2	ENSG00000182054	IDH2	1359	58.35	473	264	19.43			slow	90
ENSG00000182132_KCNIP1	ENSG00000182132	KCNIP1	684	46.88	265	163	23.83	GC1		slow	90
ENSG00000182134_TDRKH	ENSG00000182134	TDRKH	1686	49.70	759	427	25.33	GC2	70	slow	90
ENSG00000182149_IST1	ENSG00000182149	IST1	1095	48.27	361	194	17.72	GC3		slow	90
ENSG00000182150_ERCC6L2	ENSG00000182150	ERCC6L2	2106	41.12	954	471	22.36	GC3	70	fast	90
ENSG00000182156_ENPP7	ENSG00000182156	ENPP7	1332	61.10	813	434	32.58		80	fast	80
ENSG00000182158_CREB3L2	ENSG00000182158	CREB3L2	1563	56.75	641	400	25.59	GC1		fast	90
ENSG00000182168_UNC5C	ENSG00000182168	UNC5C	2796	53.40	1027	580	20.74	GC1	80	fast	90
ENSG00000182173_TSEN54	ENSG00000182173	TSEN54	1581	61.08	953	497	31.44		70	slow	70
ENSG00000182179_UBA7	ENSG00000182179	UBA7	3039	59.51	1958	1251	41.16	GC1	80	fast	90
ENSG00000182185_RAD51B	ENSG00000182185	RAD51B	921	44.00	455	227	24.65	GC3		fast	90
ENSG00000182196_ARL6IP4	ENSG00000182196	ARL6IP4	906	61.83	647	424	46.80			fast	80
ENSG00000182197_EXT1	ENSG00000182197	EXT1	2241	50.03	493	195	8.70	GC1		slow	90
ENSG00000182199_SHMT2	ENSG00000182199	SHMT2	1515	58.46	586	329	21.72	GC1	70	fast	80
ENSG00000182220_ATP6AP2	ENSG00000182220	ATP6AP2	1053	44.77	450	258	24.50	GC3		slow	90
ENSG00000182253_SYNM	ENSG00000182253	SYNM	4695	57.72	3521	2127	45.30	GC1	80	fast	90
ENSG00000182256_GABRG3	ENSG00000182256	GABRG3	1251	45.41	516	275	21.98	GC2		slow	
ENSG00000182261_NLRP10	ENSG00000182261	NLRP10	1944	51.84	1299	598	30.76	GC1		fast	
ENSG00000182264_IZUMO1	ENSG00000182264	IZUMO1	1053	52.97	828	552	52.42	GC1		fast	80
ENSG00000182271_TMIGD1	ENSG00000182271	TMIGD1	789	44.04	505	304	38.53	GC2	70	fast	90
ENSG00000182307_C8orf33	ENSG00000182307	C8orf33	687	63.84	492	282	41.05	GC1		fast	70
ENSG00000182325_FBXL6	ENSG00000182325	FBXL6	1587	65.35	842	449	28.29		70	fast	70
ENSG00000182327_GLTPD2	ENSG00000182327	GLTPD2	876	67.81	594	355	40.53		70	fast	80
ENSG00000182348_ZNF804B	ENSG00000182348	ZNF804B	3942	42.23	2826	1568	39.78	GC3	90	fast	90
ENSG00000182359_KBTBD3	ENSG00000182359	KBTBD3	1839	38.52	777	478	25.99	GC3	70	slow	90
ENSG00000182389_CACNB4	ENSG00000182389	CACNB4	1482	47.70	470	305	20.58	GC3	70	slow	90
ENSG00000182446_NPLOC4	ENSG00000182446	NPLOC4	1812	53.64	650	439	24.23	GC1		fast	80
ENSG00000182450_KCNK4	ENSG00000182450	KCNK4	1200	66.83	563	261	21.75		70	slow	80
ENSG00000182463_TSHZ2	ENSG00000182463	TSHZ2	3105	55.29	1335	858	27.63	GC1	80	slow	90
ENSG00000182473_EXOC7	ENSG00000182473	EXOC7	2208	57.07	836	394	17.84		70	slow	80
ENSG00000182489_XKRX	ENSG00000182489	XKRX	1365	47.80	473	242	17.73	GC1	70	slow	80
ENSG00000182492_BGN	ENSG00000182492	BGN	1110	58.68	357	196	17.66			slow	70
ENSG00000182504_CEP97	ENSG00000182504	CEP97	2583	44.45	1390	756	29.27	GC3	70	slow	80
ENSG00000182508_LHFPL1	ENSG00000182508	LHFPL1	663	55.15	230	93	14.03	GC1		slow	90
ENSG00000182511_FES	ENSG00000182511	FES	2469	62.50	1062	541	21.91		70	fast	90
ENSG00000182521_TBPL2	ENSG00000182521	TBPL2	1095	46.26	674	385	35.16	GC3		fast	90
ENSG00000182541_LIMK2	ENSG00000182541	LIMK2	1854	56.63	801	424	22.87			slow	90
ENSG00000182545_RNASE10	ENSG00000182545	RNASE10	651	49.78	472	303	46.54	GC2	70	fast	80
ENSG00000182557_SPNS3	ENSG00000182557	SPNS3	1524	61.73	913	551	36.15		70	fast	90
ENSG00000182568_SATB1	ENSG00000182568	SATB1	2385	52.47	936	475	19.92	GC2		slow	90
ENSG00000182578_CSF1R	ENSG00000182578	CSF1R	2892	58.32	1544	939	32.47		80	fast	80
ENSG00000182584_ACTL10	ENSG00000182584	ACTL10	738	65.43	363	203	27.51			slow	70
ENSG00000182606_TRAK1	ENSG00000182606	TRAK1	2865	59.67	1165	576	20.10			fast	90
ENSG00000182612_TSPAN10	ENSG00000182612	TSPAN10	1026	67.66	708	422	41.13			fast	
ENSG00000182621_PLCB1	ENSG00000182621	PLCB1	3453	45.04	1234	728	21.08	GC2	70	slow	90
ENSG00000182645_CCDC172	ENSG00000182645	CCDC172	777	35.97	457	239	30.76	GC3		fast	90
ENSG00000182667_NTM	ENSG00000182667	NTM	1026	53.63	352	194	18.91	GC1		fast	70
ENSG00000182670_TTC3	ENSG00000182670	TTC3	6018	42.63	3901	2300	38.22	GC3	80	fast	90
ENSG00000182685_BRICD5	ENSG00000182685	BRICD5	681	64.54	442	280	41.12			slow	70
ENSG00000182687_GALR2	ENSG00000182687	GALR2	1164	66.50	729	306	26.29			slow	70
ENSG00000182732_RGS6	ENSG00000182732	RGS6	1392	48.45	543	359	25.79	GC2	70	fast	90
ENSG00000182752_PAPPA	ENSG00000182752	PAPPA	4470	56.12	1764	1024	22.91	GC1	80	fast	90
ENSG00000182771_GRID1	ENSG00000182771	GRID1	2793	57.65	876	501	17.94			fast	80
ENSG00000182795_C1orf116	ENSG00000182795	C1orf116	1809	61.47	1307	828	45.77	GC1	80	fast	80
ENSG00000182810_DDX28	ENSG00000182810	DDX28	1623	59.24	951	523	32.22	GC1		fast	80
ENSG00000182827_ACBD3	ENSG00000182827	ACBD3	1587	51.35	719	336	21.17	GC2		fast	90
ENSG00000182836_PLCXD3	ENSG00000182836	PLCXD3	966	48.19	330	156	16.15	GC2		slow	90
ENSG00000182853_VMO1	ENSG00000182853	VMO1	603	63.35	357	225	37.31			fast	80
ENSG00000182858_ALG12	ENSG00000182858	ALG12	1470	63.51	855	569	38.71		70	fast	80
ENSG00000182866_LCK	ENSG00000182866	LCK	1530	57.79	539	292	19.08			slow	90
ENSG00000182870_GALNT9	ENSG00000182870	GALNT9	1815	63.58	822	385	21.21			fast	70
ENSG00000182872_RBM10	ENSG00000182872	RBM10	2796	60.11	1075	511	18.28	GC1	70	fast	90
ENSG00000182885_GPR97	ENSG00000182885	GPR97	1647	57.25	1139	765	46.45			fast	80
ENSG00000182901_RGS7	ENSG00000182901	RGS7	1410	44.47	544	297	21.06	GC3		slow	90
ENSG00000182919_C11orf54	ENSG00000182919	C11orf54	948	42.87	425	230	24.26	GC3		slow	90
ENSG00000182923_CEP63	ENSG00000182923	CEP63	2112	44.19	1075	627	29.69	GC3	70	slow	90
ENSG00000182934_SRPR	ENSG00000182934	SRPR	1917	52.76	744	409	21.34	GC2	70	slow	90
ENSG00000182938_OTOP3	ENSG00000182938	OTOP3	1737	62.39	822	455	26.19			fast	80
ENSG00000182944_EWSR1	ENSG00000182944	EWSR1	1971	57.30	790	327	16.59	GC2		slow	90
ENSG00000182950_ODF3L1	ENSG00000182950	ODF3L1	828	60.23	522	272	32.85		70	fast	70
ENSG00000182963_GJC1	ENSG00000182963	GJC1	1191	48.88	374	204	17.13	GC2	70	slow	80
ENSG00000182973_CNOT10	ENSG00000182973	CNOT10	2235	44.63	835	501	22.42	GC3		slow	90
ENSG00000182979_MTA1	ENSG00000182979	MTA1	2136	61.83	772	390	18.26		80	fast	
ENSG00000182985_CADM1	ENSG00000182985	CADM1	1404	52.45	475	217	15.46	GC1		slow	90
ENSG00000182993_C12orf60	ENSG00000182993	C12orf60	735	40.45	557	346	47.07	GC3	70	fast	80
ENSG00000183032_SLC25A21	ENSG00000183032	SLC25A21	834	43.81	336	165	19.78	GC3		slow	90
ENSG00000183035_CYLC1	ENSG00000183035	CYLC1	1938	35.72	1506	902	46.54	GC3	70	fast	80
ENSG00000183044_ABAT	ENSG00000183044	ABAT	1503	55.97	633	370	24.62			fast	90
ENSG00000183049_CAMK1D	ENSG00000183049	CAMK1D	1068	50.83	345	205	19.19	GC1		fast	80
ENSG00000183072_NKX2-5	ENSG00000183072	NKX2-5	972	70.10	350	167	17.18			slow	80
ENSG00000183077_AFMID	ENSG00000183077	AFMID	915	57.74	597	354	38.69	GC1		fast	80
ENSG00000183111_ARHGEF37	ENSG00000183111	ARHGEF37	2028	58.33	1099	633	31.21	GC1	70	slow	80
ENSG00000183117_CSMD1	ENSG00000183117	CSMD1	9135	52.94	4075	2669	29.22	GC2	80	slow	70
ENSG00000183128_CALHM3	ENSG00000183128	CALHM3	1035	63.49	562	283	27.34			fast	80
ENSG00000183137_CEP57L1	ENSG00000183137	CEP57L1	1383	37.77	787	406	29.36	GC3	80	slow	80
ENSG00000183150_GPR19	ENSG00000183150	GPR19	1248	48.64	524	333	26.68	GC1		slow	80
ENSG00000183207_RUVBL2	ENSG00000183207	RUVBL2	1392	61.03	443	241	17.31			slow	80
ENSG00000183258_DDX41	ENSG00000183258	DDX41	1869	57.29	552	329	17.60	GC1	70	slow	70
ENSG00000183260_ABHD16B	ENSG00000183260	ABHD16B	1410	68.87	709	276	19.57			fast	
ENSG00000183273_CCDC60	ENSG00000183273	CCDC60	1563	51.55	915	533	34.10	GC1		fast	90
ENSG00000183287_CCBE1	ENSG00000183287	CCBE1	1194	59.30	605	314	26.30	GC1	70	fast	90
ENSG00000183323_CCDC125	ENSG00000183323	CCDC125	1542	41.57	952	531	34.44	GC3	80	fast	90
ENSG00000183337_BCOR	ENSG00000183337	BCOR	5277	56.79	2282	1444	27.36	GC1	90	slow	90
ENSG00000183346_C10orf107	ENSG00000183346	C10orf107	813	37.72	514	241	29.64	GC3		fast	90
ENSG00000183378_OVCH2	ENSG00000183378	OVCH2	1689	47.69	1054	651	38.54	GC2	80	fast	90
ENSG00000183386_FHL3	ENSG00000183386	FHL3	843	61.36	259	129	15.30			slow	80
ENSG00000183401_CCDC159	ENSG00000183401	CCDC159	1221	57.59	690	365	29.89			fast	
ENSG00000183475_ASB7	ENSG00000183475	ASB7	957	49.84	287	207	21.63	GC2	70	slow	90
ENSG00000183495_EP400	ENSG00000183495	EP400	9426	60.98	4984	3309	35.11	GC1	90	slow	70
ENSG00000183496_MEX3B	ENSG00000183496	MEX3B	1707	67.30	505	251	14.70			slow	
ENSG00000183508_FAM46C	ENSG00000183508	FAM46C	1176	57.16	402	250	21.26			slow	90
ENSG00000183520_UTP11L	ENSG00000183520	UTP11L	762	43.57	316	175	22.97	GC3		slow	90
ENSG00000183527_PSMG1	ENSG00000183527	PSMG1	867	46.05	401	240	27.68	GC2	70	fast	80
ENSG00000183560_IZUMO1R	ENSG00000183560	IZUMO1R	735	61.79	506	316	42.99			fast	70
ENSG00000183570_PCBP3	ENSG00000183570	PCBP3	1020	57.55	302	169	16.57	GC1		slow	80
ENSG00000183576_SETD3	ENSG00000183576	SETD3	1788	51.16	748	460	25.73	GC2	80	fast	90
ENSG00000183578_TNFAIP8L3	ENSG00000183578	TNFAIP8L3	615	49.15	283	154	25.04	GC1		slow	90
ENSG00000183579_ZNRF3	ENSG00000183579	ZNRF3	2502	64.13	1403	762	30.46		70	fast	90
ENSG00000183580_FBXL7	ENSG00000183580	FBXL7	1440	63.06	380	191	13.26			slow	80
ENSG00000183597_TANGO2	ENSG00000183597	TANGO2	831	58.41	411	233	28.04			fast	80
ENSG00000183605_SFXN4	ENSG00000183605	SFXN4	942	46.12	574	345	36.62	GC2	70	slow	70
ENSG00000183625_CCR3	ENSG00000183625	CCR3	1068	49.93	603	396	37.08	GC1	70	fast	
ENSG00000183638_RP1L1	ENSG00000183638	RP1L1	5808	59.96	4745	3269	56.28	GC1	90	fast	70
ENSG00000183654_MARCH11	ENSG00000183654	MARCH11	753	48.97	205	111	14.74	GC2		fast	80
ENSG00000183665_TRMT12	ENSG00000183665	TRMT12	1347	55.07	717	402	29.84	GC2	80	slow	70
ENSG00000183671_GPR1	ENSG00000183671	GPR1	1068	47.26	567	317	29.68	GC1	80	slow	80
ENSG00000183690_EFHC2	ENSG00000183690	EFHC2	2247	41.71	1392	782	34.80	GC3	80	fast	80
ENSG00000183715_OPCML	ENSG00000183715	OPCML	969	52.12	437	211	21.78	GC1		fast	80
ENSG00000183729_NPBWR1	ENSG00000183729	NPBWR1	987	67.17	414	210	21.28		70	slow	
ENSG00000183733_FIGLA	ENSG00000183733	FIGLA	615	54.92	417	227	36.91	GC2		slow	70
ENSG00000183735_TBK1	ENSG00000183735	TBK1	2190	38.37	909	395	18.04	GC3	80	slow	90
ENSG00000183742_MACC1	ENSG00000183742	MACC1	2559	40.43	1441	761	29.74	GC3	80	fast	90
ENSG00000183751_TBL3	ENSG00000183751	TBL3	2403	62.89	1285	686	28.55			fast	90
ENSG00000183760_NONAME	ENSG00000183760	NONAME	1317	59.65	712	384	29.16			fast	90
ENSG00000183762_KREMEN1	ENSG00000183762	KREMEN1	1332	53.81	526	312	23.42	GC1		fast	90
ENSG00000183763_TRAIP	ENSG00000183763	TRAIP	1410	54.69	784	457	32.41	GC1	80	slow	90
ENSG00000183765_CHEK2	ENSG00000183765	CHEK2	1617	46.36	727	430	26.59	GC2	70	fast	90
ENSG00000183775_KCTD16	ENSG00000183775	KCTD16	1287	50.09	476	216	16.78	GC2		slow	80
ENSG00000183780_SLC35F3	ENSG00000183780	SLC35F3	1266	53.76	546	300	23.70	GC1		fast	90
ENSG00000183785_TUBA8	ENSG00000183785	TUBA8	1350	55.29	373	239	17.70	GC1		slow	70
ENSG00000183798_EMILIN3	ENSG00000183798	EMILIN3	2298	66.02	1312	709	30.85		80	fast	80
ENSG00000183801_OLFML1	ENSG00000183801	OLFML1	1209	50.73	682	384	31.76	GC2	70	fast	90
ENSG00000183814_LIN9	ENSG00000183814	LIN9	1629	41.39	569	308	18.91	GC3		slow	90
ENSG00000183826_BTBD9	ENSG00000183826	BTBD9	1839	46.92	517	212	11.53	GC2		fast	
ENSG00000183828_NUDT14	ENSG00000183828	NUDT14	669	65.70	383	189	28.25			fast	70
ENSG00000183831_ANKRD45	ENSG00000183831	ANKRD45	807	45.61	475	277	34.32	GC3		slow	80
ENSG00000183833_MAATS1	ENSG00000183833	MAATS1	2304	47.65	1275	732	31.77	GC2	70	fast	90
ENSG00000183853_KIRREL	ENSG00000183853	KIRREL	2274	61.52	1108	557	24.49			fast	90
ENSG00000183856_IQGAP3	ENSG00000183856	IQGAP3	4899	58.86	2396	1331	27.17		80	fast	90
ENSG00000183862_CNGA2	ENSG00000183862	CNGA2	1995	52.12	823	495	24.81	GC1		slow	90
ENSG00000183864_TOB2	ENSG00000183864	TOB2	1038	61.07	363	206	19.85			slow	70
ENSG00000183876_ARSI	ENSG00000183876	ARSI	1716	63.20	625	353	20.57		70	slow	80
ENSG00000183908_LRRC55	ENSG00000183908	LRRC55	951	63.29	396	204	21.45			slow	80
ENSG00000183914_DNAH2	ENSG00000183914	DNAH2	13284	54.28	5192	2700	20.33	GC1	90	slow	
ENSG00000183955_SETD8	ENSG00000183955	SETD8	1047	54.08	420	209	19.96	GC1		fast	80
ENSG00000183963_SMTN	ENSG00000183963	SMTN	2748	64.22	1555	868	31.59	GC1		fast	80
ENSG00000183977_PP2D1	ENSG00000183977	PP2D1	1899	40.87	1437	1034	54.45	GC3	70	fast	80
ENSG00000184005_ST6GALNAC3	ENSG00000184005	ST6GALNAC3	906	44.87	263	135	14.90	GC2		fast	
ENSG00000184014_DENND5A	ENSG00000184014	DENND5A	3828	50.54	1267	697	18.21	GC2	70	slow	80
ENSG00000184047_DIABLO	ENSG00000184047	DIABLO	714	50.07	350	197	27.59	GC2		slow	90
ENSG00000184056_VPS33B	ENSG00000184056	VPS33B	1854	52.79	677	356	19.20	GC1	70	slow	80
ENSG00000184060_ADAP2	ENSG00000184060	ADAP2	1146	55.03	473	253	22.08	GC1		fast	80
ENSG00000184083_FAM120C	ENSG00000184083	FAM120C	3282	53.24	1569	604	18.40	GC2	70	fast	80
ENSG00000184108_TRIML1	ENSG00000184108	TRIML1	1407	49.70	797	508	36.11	GC2		slow	80
ENSG00000184117_NIPSNAP1	ENSG00000184117	NIPSNAP1	855	57.41	277	152	17.78			fast	80
ENSG00000184144_CNTN2	ENSG00000184144	CNTN2	3123	61.96	1372	710	22.73		70	fast	80
ENSG00000184156_KCNQ3	ENSG00000184156	KCNQ3	2259	54.89	861	531	23.51	GC1	70	fast	90
ENSG00000184163_FAM132A	ENSG00000184163	FAM132A	915	67.07	589	319	34.86		70	fast	70
ENSG00000184164_CRELD2	ENSG00000184164	CRELD2	1062	62.16	663	416	39.17		70	fast	70
ENSG00000184178_SCFD2	ENSG00000184178	SCFD2	2055	53.90	939	507	24.67	GC1		fast	70
ENSG00000184203_PPP1R2	ENSG00000184203	PPP1R2	618	44.23	260	137	22.17	GC3		slow	80
ENSG00000184205_TSPYL2	ENSG00000184205	TSPYL2	2100	53.64	1206	609	29.00	GC1	80	slow	80
ENSG00000184210_DGAT2L6	ENSG00000184210	DGAT2L6	1014	47.96	571	315	31.07	GC2		slow	80
ENSG00000184216_IRAK1	ENSG00000184216	IRAK1	2139	64.79	1214	712	33.29		70	fast	80
ENSG00000184220_CMSS1	ENSG00000184220	CMSS1	786	44.18	375	192	24.43	GC2		fast	90
ENSG00000184226_PCDH9	ENSG00000184226	PCDH9	3198	45.83	780	430	13.45	GC2		slow	90
ENSG00000184232_OAF	ENSG00000184232	OAF	813	64.33	467	208	25.58			fast	70
ENSG00000184254_ALDH1A3	ENSG00000184254	ALDH1A3	1539	54.41	598	360	23.39	GC1	70	fast	80
ENSG00000184277_TM2D3	ENSG00000184277	TM2D3	744	54.59	393	242	32.53	GC1		fast	90
ENSG00000184302_SIX6	ENSG00000184302	SIX6	885	64.25	373	230	25.99		70	slow	90
ENSG00000184304_PRKD1	ENSG00000184304	PRKD1	2475	47.37	827	460	18.59	GC2		slow	90
ENSG00000184305_CCSER1	ENSG00000184305	CCSER1	2172	42.64	916	452	20.81	GC3	80	fast	80
ENSG00000184307_ZDHHC23	ENSG00000184307	ZDHHC23	1290	54.22	675	374	28.99	GC1	70	slow	90
ENSG00000184343_SRPK3	ENSG00000184343	SRPK3	1704	62.31	673	379	22.24			slow	80
ENSG00000184344_GDF3	ENSG00000184344	GDF3	1098	52.02	705	426	38.80	GC1	80	fast	90
ENSG00000184347_SLIT3	ENSG00000184347	SLIT3	4158	59.74	1636	813	19.55		80	fast	90
ENSG00000184363_PKP3	ENSG00000184363	PKP3	2394	66.74	1120	573	23.93		90	slow	70
ENSG00000184368_MAP7D2	ENSG00000184368	MAP7D2	2130	50.41	1108	611	28.69	GC2	70	slow	80
ENSG00000184374_COLEC10	ENSG00000184374	COLEC10	834	50.38	335	191	22.90	GC2	70	fast	90
ENSG00000184378_ACTRT3	ENSG00000184378	ACTRT3	1119	50.71	567	337	30.12	GC2	70	slow	90
ENSG00000184381_PLA2G6	ENSG00000184381	PLA2G6	2421	60.97	977	562	23.21		70	fast	90
ENSG00000184432_COPB2	ENSG00000184432	COPB2	2721	45.32	879	479	17.60	GC3	80	slow	90
ENSG00000184434_LRRC19	ENSG00000184434	LRRC19	1113	34.37	686	355	31.90	GC3	70	slow	90
ENSG00000184436_THAP7	ENSG00000184436	THAP7	930	64.63	353	189	20.32			slow	80
ENSG00000184445_KNTC1	ENSG00000184445	KNTC1	6627	42.74	3452	2061	31.10	GC3	80	fast	90
ENSG00000184459_BPIFC	ENSG00000184459	BPIFC	1524	46.87	918	534	35.04	GC2	70	fast	90
ENSG00000184465_WDR27	ENSG00000184465	WDR27	2442	53.90	1741	1262	51.68	GC2	90	fast	70
ENSG00000184470_TXNRD2	ENSG00000184470	TXNRD2	1512	59.64	852	526	34.79	GC1	70	fast	90
ENSG00000184481_FOXO4	ENSG00000184481	FOXO4	1521	60.16	674	323	21.24	GC1		slow	80
ENSG00000184500_PROS1	ENSG00000184500	PROS1	2028	41.66	1160	625	30.82	GC3	80	fast	80
ENSG00000184507_NUTM1	ENSG00000184507	NUTM1	3408	57.23	2636	1641	48.15	GC2	80	fast	90
ENSG00000184530_C6orf58	ENSG00000184530	C6orf58	993	42.23	789	515	51.86	GC3		fast	80
ENSG00000184544_DHRS7C	ENSG00000184544	DHRS7C	939	55.84	443	255	27.16		70	slow	90
ENSG00000184575_XPOT	ENSG00000184575	XPOT	2889	40.99	812	406	14.05	GC3	70	fast	90
ENSG00000184584_TMEM173	ENSG00000184584	TMEM173	1140	58.57	735	442	38.77	GC1	70	fast	90
ENSG00000184588_PDE4B	ENSG00000184588	PDE4B	2142	47.85	905	514	24.00	GC2		slow	90
ENSG00000184611_KCNH7	ENSG00000184611	KCNH7	3519	43.61	1205	671	19.07	GC3	80	slow	90
ENSG00000184613_NELL2	ENSG00000184613	NELL2	2451	48.33	952	519	21.18	GC2		fast	90
ENSG00000184634_MED12	ENSG00000184634	MED12	6540	55.22	2423	1256	19.20	GC1	80	slow	90
ENSG00000184640_SEPT9	ENSG00000184640	SEPT9	1704	61.90	697	386	22.65			fast	70
ENSG00000184647_PRSS55	ENSG00000184647	PRSS55	990	50.57	705	520	52.53	GC2	80	fast	80
ENSG00000184650_ODF4	ENSG00000184650	ODF4	741	53.19	597	424	57.22	GC1		fast	
ENSG00000184661_CDCA2	ENSG00000184661	CDCA2	3084	43.33	2462	1611	52.24	GC3	80	fast	90
ENSG00000184675_AMER1	ENSG00000184675	AMER1	3405	53.62	1910	1104	32.42	GC2	90	slow	90
ENSG00000184677_ZBTB40	ENSG00000184677	ZBTB40	3729	53.73	1885	1126	30.20	GC1	80	slow	90
ENSG00000184708_EIF4ENIF1	ENSG00000184708	EIF4ENIF1	2958	52.59	1218	645	21.81	GC2	80	slow	90
ENSG00000184716_SERINC4	ENSG00000184716	SERINC4	1554	54.76	913	459	29.54	GC1	80	slow	90
ENSG00000184719_RNLS	ENSG00000184719	RNLS	1029	49.09	572	296	28.77	GC2		fast	70
ENSG00000184730_APOBR	ENSG00000184730	APOBR	3102	61.65	2507	1496	48.23	GC1	80	fast	70
ENSG00000184743_ATL3	ENSG00000184743	ATL3	1626	47.96	644	409	25.15	GC2	70	fast	90
ENSG00000184788_SATL1	ENSG00000184788	SATL1	1287	46.62	913	523	40.64	GC3		fast	
ENSG00000184840_TMED9	ENSG00000184840	TMED9	708	57.34	286	153	21.61			slow	80
ENSG00000184845_DRD1	ENSG00000184845	DRD1	1341	54.21	481	286	21.33	GC1		slow	70
ENSG00000184860_SDR42E1	ENSG00000184860	SDR42E1	1182	51.53	663	408	34.52	GC2		slow	90
ENSG00000184898_RBM43	ENSG00000184898	RBM43	1062	40.15	830	510	48.02	GC3	70	fast	70
ENSG00000184922_FMNL1	ENSG00000184922	FMNL1	3309	60.28	1501	795	24.03		70	slow	70
ENSG00000184933_OR6A2	ENSG00000184933	OR6A2	984	50.36	422	248	25.20	GC2	70	slow	70
ENSG00000184937_WT1	ENSG00000184937	WT1	1347	59.38	479	228	16.93	GC1		fast	90
ENSG00000184949_FAM227A	ENSG00000184949	FAM227A	1761	46.86	1278	793	45.03	GC2	70	fast	80
ENSG00000184984_CHRM5	ENSG00000184984	CHRM5	1599	52.11	684	388	24.27	GC1	80	slow	90
ENSG00000184988_TMEM106A	ENSG00000184988	TMEM106A	786	54.37	471	263	33.46	GC1		fast	90
ENSG00000185000_DGAT1	ENSG00000185000	DGAT1	1464	60.79	776	414	28.28			fast	80
ENSG00000185002_RFX6	ENSG00000185002	RFX6	2787	46.80	1254	661	23.72	GC3	70	slow	90
ENSG00000185008_ROBO2	ENSG00000185008	ROBO2	3774	47.95	1321	732	19.40	GC3	80	slow	90
ENSG00000185009_AP3M1	ENSG00000185009	AP3M1	1257	41.91	334	161	12.81	GC3		slow	90
ENSG00000185010_F8	ENSG00000185010	F8	7080	44.41	4565	2630	37.15	GC3	90	fast	80
ENSG00000185015_CA13	ENSG00000185015	CA13	789	48.70	344	221	28.01	GC2		fast	90
ENSG00000185024_BRF1	ENSG00000185024	BRF1	1863	62.11	857	529	28.40			fast	70
ENSG00000185028_LRRC14B	ENSG00000185028	LRRC14B	1542	65.99	1030	624	40.47		80	fast	80
ENSG00000185033_SEMA4B	ENSG00000185033	SEMA4B	2475	62.19	1296	791	31.96		70	slow	80
ENSG00000185049_NELFA	ENSG00000185049	NELFA	1596	63.58	604	358	22.43			fast	80
ENSG00000185052_SLC24A3	ENSG00000185052	SLC24A3	1797	53.14	720	403	22.43	GC1	70	fast	90
ENSG00000185070_FLRT2	ENSG00000185070	FLRT2	1983	53.97	631	393	19.82	GC1		slow	
ENSG00000185085_INTS5	ENSG00000185085	INTS5	3060	61.22	1100	590	19.28	GC1	80	slow	80
ENSG00000185090_MANEAL	ENSG00000185090	MANEAL	1197	58.42	403	193	16.12			slow	
ENSG00000185101_ANO9	ENSG00000185101	ANO9	2286	58.51	1300	653	28.57			fast	
ENSG00000185104_FAF1	ENSG00000185104	FAF1	1953	44.53	566	231	11.83	GC3		fast	90
ENSG00000185105_MYADML2	ENSG00000185105	MYADML2	924	67.05	335	182	19.70			slow	
ENSG00000185133_INPP5J	ENSG00000185133	INPP5J	3024	62.95	1649	846	27.98	GC1	80	slow	70
ENSG00000185231_MC2R	ENSG00000185231	MC2R	894	47.94	466	295	33.00	GC1	70	slow	80
ENSG00000185236_RAB11B	ENSG00000185236	RAB11B	657	58.97	178	86	13.09			slow	70
ENSG00000185238_PRMT3	ENSG00000185238	PRMT3	1596	41.59	710	392	24.56	GC3		slow	90
ENSG00000185246_PRPF39	ENSG00000185246	PRPF39	2004	37.90	674	309	15.42	GC3		slow	90
ENSG00000185250_PPIL6	ENSG00000185250	PPIL6	936	42.28	524	301	32.16	GC3		fast	90
ENSG00000185264_TEX33	ENSG00000185264	TEX33	843	58.59	575	333	39.50		70	fast	90
ENSG00000185271_KLHL33	ENSG00000185271	KLHL33	1647	61.41	799	436	26.47	GC1	80	fast	80
ENSG00000185272_RBM11	ENSG00000185272	RBM11	717	43.60	390	229	31.94	GC3	70	fast	90
ENSG00000185274_WBSCR17	ENSG00000185274	WBSCR17	1797	55.94	552	285	15.86	GC1		fast	70
ENSG00000185278_ZBTB37	ENSG00000185278	ZBTB37	1512	51.83	508	300	19.84	GC2	80	slow	90
ENSG00000185298_CCDC137	ENSG00000185298	CCDC137	864	61.38	635	399	46.18			fast	80
ENSG00000185306_C12orf56	ENSG00000185306	C12orf56	1854	43.99	1019	487	26.27	GC3	70	fast	90
ENSG00000185313_SCN10A	ENSG00000185313	SCN10A	5871	52.47	3143	1856	31.61	GC1	90	fast	90
ENSG00000185324_CDK10	ENSG00000185324	CDK10	1083	59.78	464	268	24.75			fast	90
ENSG00000185339_TCN2	ENSG00000185339	TCN2	1293	58.79	822	513	39.68		80	fast	90
ENSG00000185344_ATP6V0A2	ENSG00000185344	ATP6V0A2	2568	49.49	1072	727	28.31	GC1	70	fast	90
ENSG00000185347_C14orf80	ENSG00000185347	C14orf80	1278	70.47	947	498	38.97			fast	70
ENSG00000185352_HS6ST3	ENSG00000185352	HS6ST3	762	57.58	282	160	21.00			slow	80
ENSG00000185359_HGS	ENSG00000185359	HGS	2334	63.72	993	573	24.55		80	fast	80
ENSG00000185379_RAD51D	ENSG00000185379	RAD51D	987	59.16	604	323	32.73	GC1		fast	90
ENSG00000185418_TARSL2	ENSG00000185418	TARSL2	2358	46.63	1277	735	31.17	GC2	70	fast	80
ENSG00000185436_IFNLR1	ENSG00000185436	IFNLR1	1572	58.76	1220	759	48.28	GC1	80	fast	80
ENSG00000185453_C19orf68	ENSG00000185453	C19orf68	1896	67.94	1273	593	31.28			slow	
ENSG00000185467_KPNA7	ENSG00000185467	KPNA7	1503	54.60	947	615	40.92	GC1	80	fast	90
ENSG00000185480_PARPBP	ENSG00000185480	PARPBP	1743	37.66	969	487	27.94	GC3	70	fast	90
ENSG00000185482_STAC3	ENSG00000185482	STAC3	1095	52.85	405	175	15.98	GC1		slow	90
ENSG00000185483_ROR1	ENSG00000185483	ROR1	2724	49.98	924	564	20.70	GC2		slow	90
ENSG00000185504_C17orf70	ENSG00000185504	C17orf70	2469	66.04	1697	1060	42.93		80	fast	70
ENSG00000185513_L3MBTL1	ENSG00000185513	L3MBTL1	2190	59.70	1146	572	26.12	GC1		fast	80
ENSG00000185515_BRCC3	ENSG00000185515	BRCC3	948	47.91	387	200	21.10	GC2		slow	70
ENSG00000185518_SV2B	ENSG00000185518	SV2B	2052	51.21	849	480	23.39	GC1	80	fast	90
ENSG00000185519_FAM131C	ENSG00000185519	FAM131C	843	64.48	566	251	29.77			fast	70
ENSG00000185532_PRKG1	ENSG00000185532	PRKG1	1470	43.49	423	224	15.24	GC3		slow	90
ENSG00000185551_NR2F2	ENSG00000185551	NR2F2	1245	61.91	270	71	5.70			slow	
ENSG00000185565_LSAMP	ENSG00000185565	LSAMP	867	51.91	237	123	14.19	GC2		fast	80
ENSG00000185585_OLFML2A	ENSG00000185585	OLFML2A	1941	62.80	922	500	25.76		70	fast	90
ENSG00000185610_DBX2	ENSG00000185610	DBX2	969	55.58	512	249	25.70	GC2		fast	80
ENSG00000185614_FAM212A	ENSG00000185614	FAM212A	849	64.46	466	275	32.39	GC1	70	fast	90
ENSG00000185619_PCGF3	ENSG00000185619	PCGF3	729	51.91	201	145	19.89	GC1		slow	
ENSG00000185621_LMLN	ENSG00000185621	LMLN	2079	47.59	891	496	23.86	GC3	80	fast	90
ENSG00000185624_P4HB	ENSG00000185624	P4HB	1533	56.56	629	384	25.05			fast	70
ENSG00000185627_PSMD13	ENSG00000185627	PSMD13	1131	52.83	450	270	23.87	GC1		slow	90
ENSG00000185630_PBX1	ENSG00000185630	PBX1	1293	54.57	301	125	9.67	GC1		slow	80
ENSG00000185634_SHC4	ENSG00000185634	SHC4	1893	52.13	996	499	26.36	GC2	70	fast	90
ENSG00000185640_KRT79	ENSG00000185640	KRT79	1608	59.87	861	494	30.72		70	fast	80
ENSG00000185652_NTF3	ENSG00000185652	NTF3	813	53.81	287	156	19.19	GC1		slow	70
ENSG00000185658_BRWD1	ENSG00000185658	BRWD1	6963	42.39	3292	1723	24.75	GC3	70	slow	70
ENSG00000185664_PMEL	ENSG00000185664	PMEL	1992	56.93	1191	684	34.34	GC2	80	slow	90
ENSG00000185669_SNAI3	ENSG00000185669	SNAI3	876	66.44	614	329	37.56			fast	70
ENSG00000185674_LYG2	ENSG00000185674	LYG2	639	49.33	408	252	39.44	GC2		fast	90
ENSG00000185689_C6orf201	ENSG00000185689	C6orf201	684	46.59	518	298	43.57	GC2		fast	
ENSG00000185697_MYBL1	ENSG00000185697	MYBL1	2259	39.98	743	317	14.03	GC3	70	slow	90
ENSG00000185722_ANKFY1	ENSG00000185722	ANKFY1	3510	52.82	1494	897	25.56	GC1	80	slow	80
ENSG00000185728_YTHDF3	ENSG00000185728	YTHDF3	1755	45.69	428	206	11.74	GC3	70	slow	90
ENSG00000185737_NRG3	ENSG00000185737	NRG3	1212	46.80	657	282	23.27	GC2	70	fast	90
ENSG00000185753_CXorf38	ENSG00000185753	CXorf38	963	52.19	569	291	30.22	GC2	70	fast	90
ENSG00000185760_KCNQ5	ENSG00000185760	KCNQ5	2457	50.59	979	608	24.75	GC2	70	fast	80
ENSG00000185774_KCNIP4	ENSG00000185774	KCNIP4	690	42.29	233	121	17.54	GC2		fast	90
ENSG00000185787_MORF4L1	ENSG00000185787	MORF4L1	1089	45.19	275	151	13.87	GC3		slow	70
ENSG00000185798_WDR53	ENSG00000185798	WDR53	1077	45.81	545	328	30.45	GC3	70	slow	80
ENSG00000185800_DMWD	ENSG00000185800	DMWD	2016	68.36	786	369	18.30			fast	70
ENSG00000185811_IKZF1	ENSG00000185811	IKZF1	1560	57.54	665	349	22.37	GC1	80	fast	80
ENSG00000185813_PCYT2	ENSG00000185813	PCYT2	1170	60.10	480	277	23.68			fast	80
ENSG00000185825_BCAP31	ENSG00000185825	BCAP31	741	53.09	369	207	27.94	GC1		slow	90
ENSG00000185873_TMPRSS11B	ENSG00000185873	TMPRSS11B	1251	41.38	827	579	46.28	GC3		fast	
ENSG00000185875_THNSL1	ENSG00000185875	THNSL1	2232	40.87	1027	551	24.69	GC3	70	slow	80
ENSG00000185880_TRIM69	ENSG00000185880	TRIM69	1503	45.99	834	407	27.08	GC2	80	fast	90
ENSG00000185888_PRSS38	ENSG00000185888	PRSS38	981	55.29	699	474	48.32	GC1	80	fast	70
ENSG00000185896_LAMP1	ENSG00000185896	LAMP1	1242	53.73	810	579	46.62	GC1	80	fast	80
ENSG00000185900_POMK	ENSG00000185900	POMK	1053	54.86	589	384	36.47	GC1	70	fast	80
ENSG00000185909_KLHDC8B	ENSG00000185909	KLHDC8B	1065	63.98	408	212	19.91	GC1	80	slow	80
ENSG00000185920_PTCH1	ENSG00000185920	PTCH1	4296	55.14	1609	877	20.41	GC1	80	slow	90
ENSG00000185924_RTN4RL1	ENSG00000185924	RTN4RL1	1338	65.20	475	246	18.39			slow	70
ENSG00000185933_CALHM1	ENSG00000185933	CALHM1	1038	63.59	414	220	21.19			slow	80
ENSG00000185958_FAM186A	ENSG00000185958	FAM186A	2553	39.63	1443	298	11.67	GC3	70	fast	
ENSG00000185963_BICD2	ENSG00000185963	BICD2	2550	62.69	1022	619	24.27		70	slow	80
ENSG00000185973_TMLHE	ENSG00000185973	TMLHE	1266	45.37	482	197	15.56	GC2		fast	80
ENSG00000185989_RASA3	ENSG00000185989	RASA3	2505	53.98	924	605	24.15		80	fast	80
ENSG00000186001_LRCH3	ENSG00000186001	LRCH3	2319	47.30	1120	657	28.33	GC3		fast	90
ENSG00000186063_AIDA	ENSG00000186063	AIDA	921	42.42	267	129	14.01	GC3		slow	80
ENSG00000186073_C15orf41	ENSG00000186073	C15orf41	846	48.32	298	114	13.48	GC2		fast	90
ENSG00000186081_KRT5	ENSG00000186081	KRT5	1776	59.53	703	404	22.75			slow	80
ENSG00000186104_CYP2R1	ENSG00000186104	CYP2R1	1506	43.44	725	373	24.77	GC3	70	slow	90
ENSG00000186106_ANKRD46	ENSG00000186106	ANKRD46	687	47.68	272	164	23.87	GC2		slow	90
ENSG00000186118_TEX38	ENSG00000186118	TEX38	675	56.13	448	254	37.63	GC1		slow	80
ENSG00000186130_ZBTB6	ENSG00000186130	ZBTB6	1275	40.86	516	270	21.18	GC3	70	slow	80
ENSG00000186141_POLR3C	ENSG00000186141	POLR3C	1605	48.38	596	341	21.25	GC2	70	slow	90
ENSG00000186166_CCDC84	ENSG00000186166	CCDC84	999	55.46	542	268	26.83	GC1		fast	90
ENSG00000186174_BCL9L	ENSG00000186174	BCL9L	4494	65.34	1422	664	14.78		80	slow	70
ENSG00000186187_ZNRF1	ENSG00000186187	ZNRF1	717	63.34	167	64	8.93			slow	80
ENSG00000186188_FFAR4	ENSG00000186188	FFAR4	1086	59.64	541	319	29.37		70	slow	90
ENSG00000186190_BPIFB3	ENSG00000186190	BPIFB3	1431	59.52	720	382	26.69	GC1		fast	80
ENSG00000186191_BPIFB4	ENSG00000186191	BPIFB4	1845	57.97	1009	477	25.85	GC1		fast	80
ENSG00000186231_KLHL32	ENSG00000186231	KLHL32	1863	50.48	591	334	17.93	GC2	70	slow	90
ENSG00000186260_MKL2	ENSG00000186260	MKL2	3267	55.30	1592	1025	31.37	GC1	80	slow	80
ENSG00000186265_BTLA	ENSG00000186265	BTLA	876	43.18	681	409	46.69	GC3	70	fast	70
ENSG00000186281_GPAT2	ENSG00000186281	GPAT2	2394	61.14	1225	633	26.44		80	slow	80
ENSG00000186283_TOR3A	ENSG00000186283	TOR3A	1200	60.00	783	502	41.83		70	fast	80
ENSG00000186297_GABRA5	ENSG00000186297	GABRA5	1392	50.21	556	343	24.64	GC1		slow	80
ENSG00000186298_PPP1CC	ENSG00000186298	PPP1CC	1014	42.69	264	106	10.45	GC3		slow	80
ENSG00000186310_NAP1L3	ENSG00000186310	NAP1L3	1482	44.41	733	313	21.12	GC3	80	slow	
ENSG00000186318_BACE1	ENSG00000186318	BACE1	1506	58.74	469	290	19.26			slow	90
ENSG00000186335_SLC36A2	ENSG00000186335	SLC36A2	1452	54.74	788	475	32.71		80	fast	80
ENSG00000186350_RXRA	ENSG00000186350	RXRA	1404	64.26	422	212	15.10			slow	
ENSG00000186377_CYP4X1	ENSG00000186377	CYP4X1	1530	49.75	988	657	42.94	GC1	80	fast	90
ENSG00000186393_KRT26	ENSG00000186393	KRT26	1407	48.93	889	505	35.89	GC2	80	fast	80
ENSG00000186407_CD300E	ENSG00000186407	CD300E	615	54.62	469	312	50.73	GC1		fast	70
ENSG00000186409_CCDC30	ENSG00000186409	CCDC30	2319	41.25	1803	1070	46.14	GC3	70	fast	90
ENSG00000186416_NKRF	ENSG00000186416	NKRF	2073	44.66	717	392	18.91	GC3		slow	80
ENSG00000186417_GLDN	ENSG00000186417	GLDN	1656	54.57	868	462	27.90	GC2	80	slow	80
ENSG00000186432_KPNA4	ENSG00000186432	KPNA4	1566	40.82	572	185	11.81	GC3		slow	90
ENSG00000186452_TMPRSS12	ENSG00000186452	TMPRSS12	1044	43.98	695	434	41.57	GC3	70	fast	80
ENSG00000186462_NAP1L2	ENSG00000186462	NAP1L2	1386	41.17	382	132	9.52	GC3	80	slow	
ENSG00000186472_PCLO	ENSG00000186472	PCLO	15153	46.21	7544	3778	24.93	GC3	90	slow	
ENSG00000186487_MYT1L	ENSG00000186487	MYT1L	3564	54.73	1379	947	26.57	GC1	90	fast	90
ENSG00000186501_TMEM222	ENSG00000186501	TMEM222	627	59.79	227	95	15.15			slow	80
ENSG00000186517_ARHGAP30	ENSG00000186517	ARHGAP30	3321	60.00	1962	1057	31.83	GC1	80	fast	80
ENSG00000186522_SEPT10	ENSG00000186522	SEPT10	1335	42.32	701	386	28.91	GC3		fast	90
ENSG00000186532_SMYD4	ENSG00000186532	SMYD4	2406	50.79	1548	974	40.48	GC2	90	fast	90
ENSG00000186575_NF2	ENSG00000186575	NF2	1791	52.46	657	366	20.44	GC1		fast	90
ENSG00000186583_SPATC1	ENSG00000186583	SPATC1	1776	64.91	1103	599	33.73			fast	70
ENSG00000186603_HPDL	ENSG00000186603	HPDL	1116	65.71	643	397	35.57		70	slow	70
ENSG00000186625_KATNA1	ENSG00000186625	KATNA1	1476	43.88	547	299	20.26	GC3		slow	90
ENSG00000186628_FSD2	ENSG00000186628	FSD2	2253	51.61	1225	747	33.16	GC2	80	fast	80
ENSG00000186635_ARAP1	ENSG00000186635	ARAP1	4365	62.24	2075	1010	23.14			fast	80
ENSG00000186638_KIF24	ENSG00000186638	KIF24	4110	51.05	2436	1360	33.09	GC2	80	fast	90
ENSG00000186642_PDE2A	ENSG00000186642	PDE2A	2826	58.08	1105	597	21.13		80	slow	70
ENSG00000186648_LRRC16B	ENSG00000186648	LRRC16B	4119	61.80	1515	742	18.01		80	slow	80
ENSG00000186666_BCDIN3D	ENSG00000186666	BCDIN3D	879	54.50	459	253	28.78	GC1		slow	90
ENSG00000186716_BCR	ENSG00000186716	BCR	3672	59.54	1560	743	20.23		80	fast	80
ENSG00000186732_MPPED1	ENSG00000186732	MPPED1	852	61.53	280	124	14.55			fast	80
ENSG00000186765_FSCN2	ENSG00000186765	FSCN2	1479	66.41	601	306	20.69		70	slow	70
ENSG00000186767_SPIN4	ENSG00000186767	SPIN4	750	50.14	260	146	19.47	GC2		slow	80
ENSG00000186795_KCNK18	ENSG00000186795	KCNK18	1149	57.30	771	484	42.12		70	fast	80
ENSG00000186810_CXCR3	ENSG00000186810	CXCR3	1107	62.33	499	269	24.30			slow	70
ENSG00000186812_ZNF397	ENSG00000186812	ZNF397	1608	45.27	734	324	20.15	GC3	80	slow	70
ENSG00000186814_ZSCAN30	ENSG00000186814	ZSCAN30	1479	48.39	818	373	25.22	GC3	80	slow	
ENSG00000186815_TPCN1	ENSG00000186815	TPCN1	2454	55.93	967	527	21.48		70	fast	80
ENSG00000186834_HEXIM1	ENSG00000186834	HEXIM1	1080	62.06	427	177	16.39		70	slow	
ENSG00000186847_KRT14	ENSG00000186847	KRT14	1425	61.61	628	309	21.68			slow	80
ENSG00000186868_MAPT	ENSG00000186868	MAPT	2289	60.50	1241	682	29.79	GC1	70	fast	80
ENSG00000186871_ERCC6L	ENSG00000186871	ERCC6L	3771	42.50	2280	1353	35.88	GC3	80	fast	90
ENSG00000186908_ZDHHC17	ENSG00000186908	ZDHHC17	1899	41.56	495	230	12.11	GC3		slow	90
ENSG00000186910_SERPINA11	ENSG00000186910	SERPINA11	1269	55.21	738	441	34.75	GC1	70	fast	80
ENSG00000186918_ZNF395	ENSG00000186918	ZNF395	1539	61.47	689	377	24.50	GC1		fast	90
ENSG00000186952_TMEM232	ENSG00000186952	TMEM232	1581	37.98	1212	639	40.42	GC3	80	fast	90
ENSG00000186976_EFCAB6	ENSG00000186976	EFCAB6	4509	48.09	3134	2024	44.89	GC2	90	fast	90
ENSG00000186998_EMID1	ENSG00000186998	EMID1	1332	66.20	707	360	27.03	GC1		slow	70
ENSG00000187003_ACTL7A	ENSG00000187003	ACTL7A	1323	55.84	575	339	25.62	GC1		slow	80
ENSG00000187017_ESPN	ENSG00000187017	ESPN	2472	67.65	1416	659	26.66			fast	70
ENSG00000187021_PNLIPRP1	ENSG00000187021	PNLIPRP1	1404	51.79	719	376	26.78	GC1		slow	
ENSG00000187033_SAMD7	ENSG00000187033	SAMD7	1341	47.74	945	574	42.80	GC3	80	fast	90
ENSG00000187037_GPR141	ENSG00000187037	GPR141	918	44.58	508	354	38.56	GC2	70	slow	80
ENSG00000187045_TMPRSS6	ENSG00000187045	TMPRSS6	2406	64.16	1157	485	20.16			fast	70
ENSG00000187054_TMPRSS11A	ENSG00000187054	TMPRSS11A	1266	42.72	728	417	32.94	GC3	80	slow	90
ENSG00000187068_C3orf70	ENSG00000187068	C3orf70	747	53.96	224	132	17.67	GC1		fast	80
ENSG00000187079_TEAD1	ENSG00000187079	TEAD1	1236	48.96	311	150	12.14	GC2		slow	90
ENSG00000187091_PLCD1	ENSG00000187091	PLCD1	2334	59.71	1161	618	26.48		70	slow	80
ENSG00000187097_ENTPD5	ENSG00000187097	ENTPD5	1287	48.99	549	300	23.31	GC2	70	slow	90
ENSG00000187098_MITF	ENSG00000187098	MITF	1581	50.83	528	303	19.17	GC2		slow	90
ENSG00000187105_HEATR4	ENSG00000187105	HEATR4	2889	51.35	1927	1154	39.94	GC2	80	fast	90
ENSG00000187109_NAP1L1	ENSG00000187109	NAP1L1	1176	39.40	306	126	10.71	GC3		slow	80
ENSG00000187122_SLIT1	ENSG00000187122	SLIT1	4605	61.10	1751	850	18.46		80	fast	90
ENSG00000187135_VSTM2B	ENSG00000187135	VSTM2B	855	68.38	446	210	24.56			fast	70
ENSG00000187144_SPATA21	ENSG00000187144	SPATA21	2001	61.59	1483	873	43.63	GC1	70	fast	80
ENSG00000187147_RNF220	ENSG00000187147	RNF220	1701	55.90	495	228	13.40	GC1		slow	80
ENSG00000187164_KIAA1598	ENSG00000187164	KIAA1598	1887	44.06	820	487	25.81	GC3	70	slow	90
ENSG00000187210_GCNT1	ENSG00000187210	GCNT1	1287	46.02	659	424	32.94	GC2		slow	90
ENSG00000187231_SESTD1	ENSG00000187231	SESTD1	2091	43.77	654	333	15.93	GC3		slow	90
ENSG00000187239_FNBP1	ENSG00000187239	FNBP1	1836	48.46	667	443	24.13	GC2	70	slow	90
ENSG00000187242_KRT12	ENSG00000187242	KRT12	1488	55.54	840	473	31.79	GC1	80	slow	90
ENSG00000187244_BCAM	ENSG00000187244	BCAM	1887	65.67	1294	674	35.72		70	fast	80
ENSG00000187257_RSBN1L	ENSG00000187257	RSBN1L	2526	43.99	1047	441	17.46	GC3	70	fast	90
ENSG00000187258_NPSR1	ENSG00000187258	NPSR1	1098	50.48	563	326	29.69	GC1		fast	90
ENSG00000187266_EPOR	ENSG00000187266	EPOR	1530	64.51	991	521	34.05		70	fast	80
ENSG00000187288_CIDEC	ENSG00000187288	CIDEC	717	57.53	446	271	37.80			slow	90
ENSG00000187323_DCC	ENSG00000187323	DCC	4260	50.21	1408	767	18.00	GC2	70	slow	70
ENSG00000187325_TAF9B	ENSG00000187325	TAF9B	756	43.49	233	86	11.38	GC3		slow	80
ENSG00000187391_MAGI2	ENSG00000187391	MAGI2	3384	51.85	1093	518	15.31	GC2		slow	80
ENSG00000187486_KCNJ11	ENSG00000187486	KCNJ11	1173	61.68	346	198	16.88			slow	70
ENSG00000187522_HSPA14	ENSG00000187522	HSPA14	1530	42.12	668	364	23.79	GC3	70	fast	90
ENSG00000187546_AGMO	ENSG00000187546	AGMO	1338	42.68	656	332	24.81	GC3		fast	80
ENSG00000187555_USP7	ENSG00000187555	USP7	3324	46.43	1053	753	22.65	GC2	70	slow	90
ENSG00000187566_NHLRC1	ENSG00000187566	NHLRC1	1188	63.28	575	311	26.18		70	fast	
ENSG00000187583_PLEKHN1	ENSG00000187583	PLEKHN1	1926	64.34	1303	745	38.68		80	fast	
ENSG00000187605_TET3	ENSG00000187605	TET3	4983	62.88	2028	986	19.79			fast	80
ENSG00000187616_TMEM8C	ENSG00000187616	TMEM8C	666	60.94	327	166	24.92			fast	70
ENSG00000187624_C17orf97	ENSG00000187624	C17orf97	693	58.50	479	274	39.54	GC1		fast	
ENSG00000187634_SAMD11	ENSG00000187634	SAMD11	2037	65.71	1361	695	34.12	GC1	70	slow	70
ENSG00000187642_PERM1	ENSG00000187642	PERM1	2223	63.84	1702	1163	52.32	GC1	70	fast	70
ENSG00000187664_HAPLN4	ENSG00000187664	HAPLN4	1209	69.82	588	298	24.65			fast	70
ENSG00000187672_ERC2	ENSG00000187672	ERC2	2868	47.59	901	505	17.61	GC2	70	slow	80
ENSG00000187676_B3GALTL	ENSG00000187676	B3GALTL	1428	46.99	727	463	32.42	GC2		fast	90
ENSG00000187678_SPRY4	ENSG00000187678	SPRY4	966	65.55	299	161	16.67			slow	70
ENSG00000187688_TRPV2	ENSG00000187688	TRPV2	2295	59.77	1205	729	31.76		70	fast	80
ENSG00000187689_AMTN	ENSG00000187689	AMTN	639	52.16	455	260	40.69	GC3		slow	80
ENSG00000187726_DNAJB13	ENSG00000187726	DNAJB13	951	52.40	403	241	25.34	GC1		slow	90
ENSG00000187730_GABRD	ENSG00000187730	GABRD	1296	60.80	526	307	23.69			fast	80
ENSG00000187741_FANCA	ENSG00000187741	FANCA	4371	58.47	3140	2196	50.24	GC1	90	fast	90
ENSG00000187742_SECISBP2	ENSG00000187742	SECISBP2	2577	50.89	1650	1101	42.72	GC2	80	fast	90
ENSG00000187764_SEMA4D	ENSG00000187764	SEMA4D	2589	59.12	1557	997	38.51		90	fast	80
ENSG00000187772_LIN28B	ENSG00000187772	LIN28B	750	51.06	277	134	17.87	GC3		slow	90
ENSG00000187773_FAM69C	ENSG00000187773	FAM69C	1059	64.93	581	361	34.09			fast	80
ENSG00000187778_MCRS1	ENSG00000187778	MCRS1	1389	58.09	416	186	13.39	GC1		slow	70
ENSG00000187783_TMEM72	ENSG00000187783	TMEM72	828	59.84	493	274	33.09			fast	90
ENSG00000187790_FANCM	ENSG00000187790	FANCM	6168	39.56	3985	2197	35.62	GC3	90	fast	90
ENSG00000187796_CARD9	ENSG00000187796	CARD9	1611	64.93	835	399	24.77			slow	70
ENSG00000187800_PEAR1	ENSG00000187800	PEAR1	3123	65.10	1697	915	29.30		80	fast	90
ENSG00000187806_TMEM202	ENSG00000187806	TMEM202	816	49.39	534	323	39.58	GC2		fast	80
ENSG00000187821_HELT	ENSG00000187821	HELT	729	63.88	309	159	21.81			slow	80
ENSG00000187837_HIST1H1C	ENSG00000187837	HIST1H1C	642	63.73	260	155	24.14			slow	70
ENSG00000187838_TMEM256-PLSCR3	ENSG00000187838	TMEM256-PLSCR3	888	64.57	430	246	27.70	GC1		slow	80
ENSG00000187848_P2RX2	ENSG00000187848	P2RX2	1386	58.86	656	355	25.61		80	fast	70
ENSG00000187860_CCDC157	ENSG00000187860	CCDC157	2151	65.20	1261	672	31.24		80	fast	80
ENSG00000187862_TTC24	ENSG00000187862	TTC24	1749	63.68	1195	740	42.31	GC1		fast	80
ENSG00000187866_FAM122A	ENSG00000187866	FAM122A	864	57.58	237	131	15.16	GC1		slow	80
ENSG00000187871_GFRAL	ENSG00000187871	GFRAL	1185	43.62	743	423	35.70	GC3	80	fast	90
ENSG00000187889_C1orf168	ENSG00000187889	C1orf168	2193	44.46	1617	1018	46.42	GC3	80	fast	90
ENSG00000187954_CYHR1	ENSG00000187954	CYHR1	945	59.64	294	194	20.53		70	slow	80
ENSG00000187955_COL14A1	ENSG00000187955	COL14A1	5391	49.11	2358	1482	27.49	GC3	90	slow	80
ENSG00000187957_DNER	ENSG00000187957	DNER	1935	56.22	988	556	28.73	GC1	70	fast	90
ENSG00000187961_KLHL17	ENSG00000187961	KLHL17	1920	63.82	847	455	23.70		70	slow	80
ENSG00000187994_RINL	ENSG00000187994	RINL	1686	64.21	1103	628	37.25	GC1	70	fast	90
ENSG00000188001_TPRG1	ENSG00000188001	TPRG1	840	48.72	447	268	31.90	GC2	70	slow	90
ENSG00000188026_RILPL1	ENSG00000188026	RILPL1	1212	61.56	511	267	22.03			fast	90
ENSG00000188032_C19orf67	ENSG00000188032	C19orf67	819	59.59	361	172	21.00			slow	80
ENSG00000188037_CLCN1	ENSG00000188037	CLCN1	2970	56.45	1363	796	26.80	GC1	80	fast	90
ENSG00000188039_NWD1	ENSG00000188039	NWD1	4686	60.26	2509	1393	29.73		80	slow	
ENSG00000188060_RAB42	ENSG00000188060	RAB42	627	61.92	315	158	25.20			slow	
ENSG00000188086_PRSS45	ENSG00000188086	PRSS45	786	57.31	518	323	41.09		70	slow	90
ENSG00000188089_PLA2G4E	ENSG00000188089	PLA2G4E	2517	55.82	1367	724	28.76		80	fast	80
ENSG00000188112_C6orf132	ENSG00000188112	C6orf132	609	59.60	207	69	11.33	GC1		slow	
ENSG00000188130_MAPK12	ENSG00000188130	MAPK12	1104	59.75	478	215	19.47			fast	70
ENSG00000188133_TMEM215	ENSG00000188133	TMEM215	708	58.16	253	120	16.95	GC1		slow	70
ENSG00000188153_COL4A5	ENSG00000188153	COL4A5	5076	55.58	1988	883	17.40	GC3	90	slow	90
ENSG00000188158_NHS	ENSG00000188158	NHS	4326	51.62	1974	1195	27.62	GC2	80	slow	90
ENSG00000188162_OTOG	ENSG00000188162	OTOG	8649	62.13	4322	2371	27.41	GC1	80	fast	90
ENSG00000188163_FAM166A	ENSG00000188163	FAM166A	963	60.59	620	347	36.03			fast	80
ENSG00000188175_HEPACAM2	ENSG00000188175	HEPACAM2	1392	45.98	718	424	30.46	GC3	80	slow	90
ENSG00000188176_SMTNL2	ENSG00000188176	SMTNL2	1374	66.15	804	398	28.97		70	fast	80
ENSG00000188215_DCUN1D3	ENSG00000188215	DCUN1D3	915	53.66	267	119	13.01	GC1		slow	80
ENSG00000188266_HYKK	ENSG00000188266	HYKK	1131	47.01	678	442	39.08	GC2		fast	90
ENSG00000188282_RUFY4	ENSG00000188282	RUFY4	1716	59.92	1258	733	42.72	GC1		fast	70
ENSG00000188306_LRRIQ4	ENSG00000188306	LRRIQ4	1689	48.92	1150	794	47.01	GC2	80	fast	90
ENSG00000188312_CENPP	ENSG00000188312	CENPP	864	45.62	596	337	39.00	GC3	70	fast	90
ENSG00000188315_C3orf62	ENSG00000188315	C3orf62	804	53.03	435	248	30.85	GC2		fast	70
ENSG00000188316_ENO4	ENSG00000188316	ENO4	1857	49.27	1026	638	34.36	GC2	80	fast	90
ENSG00000188322_SBK1	ENSG00000188322	SBK1	1251	67.55	435	159	12.71			fast	
ENSG00000188338_SLC38A3	ENSG00000188338	SLC38A3	1515	57.09	587	352	23.23			fast	90
ENSG00000188343_FAM92A1	ENSG00000188343	FAM92A1	873	41.38	305	145	16.61	GC3		slow	70
ENSG00000188352_FOCAD	ENSG00000188352	FOCAD	5409	47.27	2688	1520	28.10	GC2	80	slow	90
ENSG00000188368_PRR19	ENSG00000188368	PRR19	1074	62.98	700	387	36.03	GC1		fast	80
ENSG00000188389_PDCD1	ENSG00000188389	PDCD1	867	67.30	661	424	48.90		70	fast	80
ENSG00000188404_SELL	ENSG00000188404	SELL	1134	47.78	722	485	42.77	GC2	70	fast	90
ENSG00000188419_CHM	ENSG00000188419	CHM	1962	41.21	851	395	20.13	GC3	70	fast	80
ENSG00000188452_CERKL	ENSG00000188452	CERKL	1641	44.13	885	496	30.23	GC3	80	slow	70
ENSG00000188467_SLC24A5	ENSG00000188467	SLC24A5	1506	42.60	772	430	28.55	GC3	70	slow	90
ENSG00000188487_INSC	ENSG00000188487	INSC	1731	60.22	691	349	20.16		70	fast	90
ENSG00000188493_C19orf54	ENSG00000188493	C19orf54	1050	63.09	593	341	32.48	GC1		fast	80
ENSG00000188501_LCTL	ENSG00000188501	LCTL	1704	52.30	860	484	28.40	GC1	80	slow	90
ENSG00000188505_NCCRP1	ENSG00000188505	NCCRP1	789	66.79	455	216	27.38			fast	70
ENSG00000188517_COL25A1	ENSG00000188517	COL25A1	1644	57.88	586	256	15.57	GC3		slow	70
ENSG00000188522_FAM83G	ENSG00000188522	FAM83G	2472	64.66	1292	813	32.89		80	fast	80
ENSG00000188523_C9orf171	ENSG00000188523	C9orf171	906	59.14	480	264	29.14	GC1	70	fast	80
ENSG00000188529_SRSF10	ENSG00000188529	SRSF10	789	43.34	119	54	6.84	GC3		slow	
ENSG00000188549_C15orf52	ENSG00000188549	C15orf52	1605	63.81	1033	616	38.38	GC1	70	fast	80
ENSG00000188554_NBR1	ENSG00000188554	NBR1	2880	49.94	1226	598	20.76	GC2	70	fast	80
ENSG00000188559_RALGAPA2	ENSG00000188559	RALGAPA2	5541	48.18	2429	1517	27.38	GC2	90	fast	90
ENSG00000188596_CFAP54	ENSG00000188596	CFAP54	2067	43.82	1200	700	33.87	GC3	80	fast	90
ENSG00000188620_HMX3	ENSG00000188620	HMX3	1074	71.76	336	114	10.61			slow	
ENSG00000188641_DPYD	ENSG00000188641	DPYD	3078	46.08	1178	666	21.64	GC3	80	slow	90
ENSG00000188647_PTAR1	ENSG00000188647	PTAR1	1290	47.34	551	274	21.24	GC2	70	slow	90
ENSG00000188676_IDO2	ENSG00000188676	IDO2	1224	50.90	768	476	38.89	GC2	70	slow	70
ENSG00000188687_SLC4A5	ENSG00000188687	SLC4A5	3390	56.25	1583	771	22.74	GC1	80	fast	90
ENSG00000188690_UROS	ENSG00000188690	UROS	798	52.20	439	258	32.33	GC2		fast	90
ENSG00000188694_KRTAP24-1	ENSG00000188694	KRTAP24-1	762	48.68	550	297	38.98	GC2	70	fast	
ENSG00000188706_ZDHHC9	ENSG00000188706	ZDHHC9	1095	52.15	322	168	15.34	GC1	70	slow	90
ENSG00000188730_VWC2	ENSG00000188730	VWC2	978	67.73	419	212	21.68			fast	80
ENSG00000188732_FAM221A	ENSG00000188732	FAM221A	897	47.63	476	240	26.76	GC3		fast	90
ENSG00000188735_TMEM120B	ENSG00000188735	TMEM120B	1020	52.77	435	242	23.73			fast	90
ENSG00000188739_RBM34	ENSG00000188739	RBM34	1290	42.43	830	465	36.05	GC3	70	fast	90
ENSG00000188747_NOXA1	ENSG00000188747	NOXA1	1422	67.57	960	547	38.47		70	fast	
ENSG00000188770_OPTC	ENSG00000188770	OPTC	996	58.95	593	326	32.73			fast	
ENSG00000188778_ADRB3	ENSG00000188778	ADRB3	1227	68.83	646	366	29.83		80	slow	80
ENSG00000188782_CATSPER4	ENSG00000188782	CATSPER4	1419	53.00	890	581	40.94		70	fast	90
ENSG00000188786_MTF1	ENSG00000188786	MTF1	2262	51.96	845	391	17.29	GC2	70	slow	90
ENSG00000188807_TMEM201	ENSG00000188807	TMEM201	2004	66.79	1035	507	25.30		70	fast	80
ENSG00000188811_NHLRC3	ENSG00000188811	NHLRC3	1044	46.04	537	321	30.75	GC3	70	fast	80
ENSG00000188816_HMX2	ENSG00000188816	HMX2	822	68.65	227	85	10.34			slow	
ENSG00000188820_FAM26F	ENSG00000188820	FAM26F	948	58.33	700	402	42.41			fast	70
ENSG00000188822_CNR2	ENSG00000188822	CNR2	1083	56.22	626	396	36.57	GC1	70	slow	90
ENSG00000188827_SLX4	ENSG00000188827	SLX4	5349	60.37	3976	2753	51.47	GC1	90	fast	80
ENSG00000188828_GLRA4	ENSG00000188828	GLRA4	1374	51.54	508	234	17.03	GC1		slow	90
ENSG00000188833_ENTPD8	ENSG00000188833	ENTPD8	1488	63.52	898	506	34.01			fast	70
ENSG00000188848_BEND4	ENSG00000188848	BEND4	1362	53.92	585	385	28.27	GC2		fast	90
ENSG00000188859_FAM78B	ENSG00000188859	FAM78B	786	58.09	177	79	10.05			slow	80
ENSG00000188895_MSL1	ENSG00000188895	MSL1	1284	48.90	225	69	5.37	GC2		slow	90
ENSG00000188906_LRRK2	ENSG00000188906	LRRK2	7584	42.09	3739	2147	28.31	GC3	80	fast	90
ENSG00000188909_BSX	ENSG00000188909	BSX	699	64.54	266	133	19.03			slow	90
ENSG00000188916_FAM196A	ENSG00000188916	FAM196A	1440	60.72	846	547	37.99	GC1	80	fast	90
ENSG00000188921_PTPLAD2	ENSG00000188921	PTPLAD2	699	41.16	319	173	24.75	GC2		fast	90
ENSG00000188959_C9orf152	ENSG00000188959	C9orf152	720	58.61	552	346	48.06	GC1	70	fast	80
ENSG00000188976_NOC2L	ENSG00000188976	NOC2L	2244	59.84	1284	822	36.63		80	fast	80
ENSG00000188984_AADACL3	ENSG00000188984	AADACL3	1053	51.97	726	479	45.49	GC1	80	fast	80
ENSG00000188986_NELFB	ENSG00000188986	NELFB	1743	61.35	703	378	21.69		80	fast	80
ENSG00000188991_SLC15A5	ENSG00000188991	SLC15A5	1362	43.99	933	506	37.15	GC3	80	slow	80
ENSG00000188992_LIPI	ENSG00000188992	LIPI	1380	36.90	855	532	38.55	GC3		fast	90
ENSG00000188993_LRRC66	ENSG00000188993	LRRC66	2640	49.61	2132	1408	53.33	GC2	90	fast	80
ENSG00000188994_ZNF292	ENSG00000188994	ZNF292	8166	39.17	3523	1724	21.11	GC3	90	slow	90
ENSG00000188997_KCTD21	ENSG00000188997	KCTD21	783	55.65	223	115	14.69			slow	70
ENSG00000189023_MAGEB16	ENSG00000189023	MAGEB16	975	49.56	677	306	31.38	GC2		fast	
ENSG00000189046_ALKBH2	ENSG00000189046	ALKBH2	786	56.18	446	281	35.75	GC1		slow	80
ENSG00000189051_RNF222	ENSG00000189051	RNF222	636	66.71	252	123	19.34			slow	
ENSG00000189056_RELN	ENSG00000189056	RELN	10383	48.72	3848	2002	19.28	GC2	80	fast	80
ENSG00000189079_ARID2	ENSG00000189079	ARID2	5325	44.06	1519	653	12.26	GC3	80	slow	90
ENSG00000189091_SF3B3	ENSG00000189091	SF3B3	3654	49.27	1091	694	18.99	GC2	80	slow	90
ENSG00000189108_IL1RAPL2	ENSG00000189108	IL1RAPL2	1977	42.64	586	234	11.84	GC3		slow	
ENSG00000189127_ANKRD34B	ENSG00000189127	ANKRD34B	1545	45.18	744	402	26.02	GC3	70	slow	80
ENSG00000189134_NKAPL	ENSG00000189134	NKAPL	1221	50.40	853	408	33.42	GC2	70	slow	
ENSG00000189139_FSCB	ENSG00000189139	FSCB	2289	48.44	1929	1181	51.59	GC3		fast	
ENSG00000189143_CLDN4	ENSG00000189143	CLDN4	630	65.40	231	134	21.27			slow	70
ENSG00000189167_ZAR1L	ENSG00000189167	ZAR1L	966	54.44	542	241	24.95	GC1	70	fast	
ENSG00000189184_PCDH18	ENSG00000189184	PCDH18	3408	47.73	1393	891	26.14	GC2	70	fast	90
ENSG00000189221_MAOA	ENSG00000189221	MAOA	1584	48.07	799	552	34.85	GC2	70	fast	90
ENSG00000189233_NUGGC	ENSG00000189233	NUGGC	2385	49.25	1249	647	27.13	GC2	80	slow	80
ENSG00000189241_TSPYL1	ENSG00000189241	TSPYL1	1302	59.48	795	471	36.18	GC1		fast	
ENSG00000189280_GJB5	ENSG00000189280	GJB5	822	59.83	403	249	30.29			slow	80
ENSG00000189308_LIN54	ENSG00000189308	LIN54	2250	45.09	637	314	13.96	GC3		slow	90
ENSG00000189319_FAM53B	ENSG00000189319	FAM53B	1275	64.60	663	357	28.00			fast	80
ENSG00000189325_C6orf222	ENSG00000189325	C6orf222	1956	59.04	1653	1110	56.75	GC1	80	fast	90
ENSG00000189337_KAZN	ENSG00000189337	KAZN	2103	62.29	603	307	14.60			fast	80
ENSG00000189350_FAM179A	ENSG00000189350	FAM179A	3054	61.15	1802	918	30.06		70	slow	70
ENSG00000189410_SH2D5	ENSG00000189410	SH2D5	1287	66.93	540	276	21.45			fast	80
ENSG00000189433_GJB4	ENSG00000189433	GJB4	801	61.61	368	217	27.09		70	slow	70
ENSG00000196074_SYCP2	ENSG00000196074	SYCP2	4578	36.26	3065	1721	37.59	GC3	80	fast	90
ENSG00000196083_IL1RAP	ENSG00000196083	IL1RAP	1713	45.11	866	623	36.37	GC2	70	fast	90
ENSG00000196090_PTPRT	ENSG00000196090	PTPRT	4302	56.50	1097	616	14.32	GC1	70	slow	
ENSG00000196091_MYBPC1	ENSG00000196091	MYBPC1	3513	46.31	1495	893	25.42	GC3	70	slow	90
ENSG00000196092_PAX5	ENSG00000196092	PAX5	1176	59.19	366	188	15.99	GC1		fast	90
ENSG00000196116_TDRD7	ENSG00000196116	TDRD7	3297	46.22	1620	977	29.63	GC2	80	slow	90
ENSG00000196118_C16orf93	ENSG00000196118	C16orf93	999	57.37	601	367	36.74	GC1		fast	80
ENSG00000196123_KIAA0895L	ENSG00000196123	KIAA0895L	1416	62.52	586	292	20.62		70	slow	70
ENSG00000196132_MYT1	ENSG00000196132	MYT1	3348	60.14	1491	862	25.75		80	fast	70
ENSG00000196141_SPATS2L	ENSG00000196141	SPATS2L	1677	50.13	763	417	24.87	GC2	70	slow	90
ENSG00000196150_ZNF250	ENSG00000196150	ZNF250	1671	59.25	881	589	35.25		80	fast	70
ENSG00000196151_WDSUB1	ENSG00000196151	WDSUB1	1431	42.44	590	312	21.80	GC3	70	slow	90
ENSG00000196155_PLEKHG4	ENSG00000196155	PLEKHG4	3591	60.52	1825	943	26.26	GC1	80	slow	70
ENSG00000196182_STK40	ENSG00000196182	STK40	1308	59.59	397	208	15.90			fast	80
ENSG00000196187_TMEM63A	ENSG00000196187	TMEM63A	2418	57.31	1197	679	28.08			fast	90
ENSG00000196188_CTSE	ENSG00000196188	CTSE	1191	55.14	609	299	25.10	GC1		fast	70
ENSG00000196189_SEMA4A	ENSG00000196189	SEMA4A	2286	60.39	1181	688	30.10		80	fast	80
ENSG00000196208_GREB1	ENSG00000196208	GREB1	5856	58.84	2725	1451	24.78		80	fast	80
ENSG00000196218_RYR1	ENSG00000196218	RYR1	15123	59.85	6156	2819	18.64		80	fast	70
ENSG00000196220_SRGAP3	ENSG00000196220	SRGAP3	3300	56.11	880	428	12.97	GC1	80	slow	70
ENSG00000196233_LCOR	ENSG00000196233	LCOR	1302	47.33	119	40	3.07	GC3		slow	80
ENSG00000196235_SUPT5H	ENSG00000196235	SUPT5H	3264	58.88	1117	531	16.27			slow	80
ENSG00000196236_XPNPEP3	ENSG00000196236	XPNPEP3	1524	51.07	687	406	26.64	GC2	70	fast	90
ENSG00000196277_GRM7	ENSG00000196277	GRM7	2697	50.66	856	514	19.06	GC2	70	fast	80
ENSG00000196284_SUPT3H	ENSG00000196284	SUPT3H	954	44.04	404	260	27.25	GC3		fast	90
ENSG00000196290_NIF3L1	ENSG00000196290	NIF3L1	1134	49.28	609	346	30.51	GC2	70	fast	90
ENSG00000196296_ATP2A1	ENSG00000196296	ATP2A1	2985	58.19	945	577	19.33		70	slow	90
ENSG00000196305_IARS	ENSG00000196305	IARS	3792	45.56	1682	1110	29.27	GC2	80	slow	90
ENSG00000196323_ZBTB44	ENSG00000196323	ZBTB44	1713	45.07	591	251	14.65	GC3		slow	90
ENSG00000196335_STK31	ENSG00000196335	STK31	3057	39.70	1491	753	24.63	GC3	80	fast	90
ENSG00000196338_NLGN3	ENSG00000196338	NLGN3	2547	57.16	648	337	13.23	GC1	80	slow	80
ENSG00000196353_CPNE4	ENSG00000196353	CPNE4	1674	49.98	478	285	17.03	GC1		fast	90
ENSG00000196358_NTNG2	ENSG00000196358	NTNG2	1596	65.70	595	224	14.04			fast	80
ENSG00000196361_ELAVL3	ENSG00000196361	ELAVL3	1104	60.24	275	159	14.40			slow	80
ENSG00000196363_WDR5	ENSG00000196363	WDR5	1005	52.71	347	223	22.19	GC1		fast	90
ENSG00000196367_TRRAP	ENSG00000196367	TRRAP	11583	53.63	4177	2512	21.69	GC1	80	fast	90
ENSG00000196372_ASB13	ENSG00000196372	ASB13	837	61.33	342	233	27.84			fast	80
ENSG00000196376_SLC35F1	ENSG00000196376	SLC35F1	1053	51.15	353	176	16.71	GC1		fast	90
ENSG00000196388_INCA1	ENSG00000196388	INCA1	705	59.26	519	294	41.70	GC1	80	fast	90
ENSG00000196396_PTPN1	ENSG00000196396	PTPN1	1305	52.00	712	374	28.66	GC1	70	fast	90
ENSG00000196407_THEM5	ENSG00000196407	THEM5	744	52.76	452	266	35.75	GC1		fast	80
ENSG00000196408_NOXO1	ENSG00000196408	NOXO1	1071	65.94	827	539	50.33		70	fast	80
ENSG00000196411_EPHB4	ENSG00000196411	EPHB4	2964	62.37	1053	622	20.99		70	slow	80
ENSG00000196419_XRCC6	ENSG00000196419	XRCC6	1827	48.72	899	535	29.28	GC2	70	slow	80
ENSG00000196422_PPP1R26	ENSG00000196422	PPP1R26	3609	66.01	2686	1860	51.54		80	fast	70
ENSG00000196449_YRDC	ENSG00000196449	YRDC	840	64.41	433	206	24.52	GC1		fast	70
ENSG00000196455_PIK3R4	ENSG00000196455	PIK3R4	4077	46.33	1687	882	21.63	GC3	80	fast	80
ENSG00000196465_MYL6B	ENSG00000196465	MYL6B	624	57.04	274	144	23.08	GC1		slow	70
ENSG00000196475_GK2	ENSG00000196475	GK2	1662	45.50	796	476	28.64	GC3		slow	
ENSG00000196476_C20orf96	ENSG00000196476	C20orf96	1089	53.02	811	508	46.65		70	fast	90
ENSG00000196482_ESRRG	ENSG00000196482	ESRRG	1377	51.58	382	226	16.41	GC1		slow	90
ENSG00000196498_NCOR2	ENSG00000196498	NCOR2	7569	66.05	3794	1785	23.58		80	fast	70
ENSG00000196504_PRPF40A	ENSG00000196504	PRPF40A	2874	41.53	825	496	17.26	GC3		slow	90
ENSG00000196505_GDAP2	ENSG00000196505	GDAP2	1494	44.49	554	307	20.55	GC3	70	fast	90
ENSG00000196510_ANAPC7	ENSG00000196510	ANAPC7	1698	47.31	524	273	16.08	GC2	70	slow	90
ENSG00000196511_TPK1	ENSG00000196511	TPK1	732	47.69	336	219	29.92	GC2		slow	90
ENSG00000196517_SLC6A9	ENSG00000196517	SLC6A9	2088	58.61	730	358	17.15		70	slow	
ENSG00000196535_MYO18A	ENSG00000196535	MYO18A	6165	59.74	2418	1235	20.03		70	slow	90
ENSG00000196544_C17orf59	ENSG00000196544	C17orf59	1071	71.14	601	322	30.07		70	slow	70
ENSG00000196547_MAN2A2	ENSG00000196547	MAN2A2	3453	60.59	1449	793	22.97		70	slow	80
ENSG00000196549_MME	ENSG00000196549	MME	2253	42.01	942	570	25.30	GC3	70	slow	90
ENSG00000196562_SULF2	ENSG00000196562	SULF2	2613	58.22	853	447	17.11		70	slow	80
ENSG00000196569_LAMA2	ENSG00000196569	LAMA2	9357	47.48	4353	2585	27.63	GC3	90	fast	90
ENSG00000196576_PLXNB2	ENSG00000196576	PLXNB2	5526	62.37	2640	1405	25.43		80	fast	70
ENSG00000196586_MYO6	ENSG00000196586	MYO6	3858	42.19	1369	731	18.95	GC3	70	slow	90
ENSG00000196588_MKL1	ENSG00000196588	MKL1	2790	63.76	1422	772	27.67		70	fast	90
ENSG00000196591_HDAC2	ENSG00000196591	HDAC2	1467	40.06	455	221	15.06	GC3		slow	90
ENSG00000196628_TCF4	ENSG00000196628	TCF4	2016	53.32	537	257	12.75	GC2	70	slow	90
ENSG00000196642_RABL6	ENSG00000196642	RABL6	2187	62.39	1365	787	35.99		80	fast	70
ENSG00000196652_ZKSCAN5	ENSG00000196652	ZKSCAN5	2511	49.10	1569	797	31.74	GC2		fast	70
ENSG00000196655_TRAPPC4	ENSG00000196655	TRAPPC4	660	53.93	232	102	15.45	GC1		slow	70
ENSG00000196660_SLC30A10	ENSG00000196660	SLC30A10	1452	57.66	980	697	48.00	GC1		fast	90
ENSG00000196663_TECPR2	ENSG00000196663	TECPR2	4236	58.86	2399	1538	36.31	GC1	90	fast	90
ENSG00000196664_TLR7	ENSG00000196664	TLR7	3153	41.81	1545	941	29.84	GC3	80	fast	80
ENSG00000196678_ERI2	ENSG00000196678	ERI2	2076	40.37	1301	689	33.19	GC3	90	slow	80
ENSG00000196700_ZNF512B	ENSG00000196700	ZNF512B	2682	62.83	1415	819	30.54		80	fast	80
ENSG00000196704_AMZ2	ENSG00000196704	AMZ2	1083	46.31	557	360	33.24	GC2		fast	80
ENSG00000196712_NF1	ENSG00000196712	NF1	8478	43.52	2661	1370	16.16	GC3	90	slow	90
ENSG00000196730_DAPK1	ENSG00000196730	DAPK1	4293	53.98	1743	965	22.48	GC1	80	fast	90
ENSG00000196739_COL27A1	ENSG00000196739	COL27A1	5574	65.03	3039	1479	26.53	GC1	90	fast	80
ENSG00000196776_CD47	ENSG00000196776	CD47	966	39.23	626	409	42.34	GC3	80	fast	90
ENSG00000196781_TLE1	ENSG00000196781	TLE1	2313	56.20	869	398	17.21	GC1	70	slow	90
ENSG00000196792_STRN3	ENSG00000196792	STRN3	2394	44.14	738	284	11.86	GC3	70	slow	90
ENSG00000196811_CHRNG	ENSG00000196811	CHRNG	1560	62.26	783	369	23.65			slow	80
ENSG00000196814_MVB12B	ENSG00000196814	MVB12B	879	51.56	278	141	16.04	GC2		fast	80
ENSG00000196821_C6orf106	ENSG00000196821	C6orf106	876	51.19	208	79	9.02	GC2		fast	90
ENSG00000196839_ADA	ENSG00000196839	ADA	1092	58.07	615	346	31.68			fast	90
ENSG00000196843_ARID5A	ENSG00000196843	ARID5A	1797	63.99	1120	615	34.22		80	fast	90
ENSG00000196850_PPTC7	ENSG00000196850	PPTC7	915	52.68	276	148	16.17	GC2		fast	90
ENSG00000196859_KRT39	ENSG00000196859	KRT39	1476	51.22	840	419	28.39	GC1	70	slow	
ENSG00000196865_NHLRC2	ENSG00000196865	NHLRC2	2181	45.52	1056	592	27.14	GC3		fast	90
ENSG00000196867_ZFP28	ENSG00000196867	ZFP28	2604	49.09	1482	850	32.64	GC2	80	fast	
ENSG00000196872_KIAA1211L	ENSG00000196872	KIAA1211L	2808	62.88	1895	1155	41.13	GC1	80	fast	70
ENSG00000196876_SCN8A	ENSG00000196876	SCN8A	5943	49.95	1746	957	16.10	GC1	70	slow	90
ENSG00000196914_ARHGEF12	ENSG00000196914	ARHGEF12	4635	47.18	2158	1121	24.19	GC3	80	fast	90
ENSG00000196917_HCAR1	ENSG00000196917	HCAR1	1032	56.10	508	299	28.97			slow	
ENSG00000196924_FLNA	ENSG00000196924	FLNA	7944	61.52	2835	1683	21.19		80	slow	80
ENSG00000196932_TMEM26	ENSG00000196932	TMEM26	1107	50.13	548	340	30.71	GC2	80	fast	80
ENSG00000196935_SRGAP1	ENSG00000196935	SRGAP1	3258	48.85	1144	641	19.67	GC2	70	slow	90
ENSG00000196937_FAM3C	ENSG00000196937	FAM3C	684	42.26	231	146	21.35	GC3		slow	90
ENSG00000196943_NOP9	ENSG00000196943	NOP9	1911	58.85	1054	593	31.03	GC1	70	fast	90
ENSG00000196950_SLC39A10	ENSG00000196950	SLC39A10	2502	41.84	930	409	16.35	GC3		slow	80
ENSG00000196961_AP2A1	ENSG00000196961	AP2A1	2937	61.72	1064	453	15.42			slow	80
ENSG00000196968_FUT11	ENSG00000196968	FUT11	1482	61.01	650	363	24.49	GC1	70	slow	80
ENSG00000196975_ANXA4	ENSG00000196975	ANXA4	966	50.65	468	234	24.22	GC2		slow	90
ENSG00000196981_WDR5B	ENSG00000196981	WDR5B	993	40.96	459	234	23.56	GC3	80	slow	80
ENSG00000197006_METTL9	ENSG00000197006	METTL9	816	43.19	268	143	17.52	GC2		slow	90
ENSG00000197043_ANXA6	ENSG00000197043	ANXA6	2022	54.68	698	407	20.13	GC1	70	slow	80
ENSG00000197046_SIGLEC15	ENSG00000197046	SIGLEC15	987	70.92	600	277	28.06			fast	70
ENSG00000197056_ZMYM1	ENSG00000197056	ZMYM1	3423	35.29	1843	917	26.79	GC3	90	fast	90
ENSG00000197057_DTHD1	ENSG00000197057	DTHD1	2337	41.75	1486	744	31.84	GC3	80	fast	90
ENSG00000197070_ARRDC1	ENSG00000197070	ARRDC1	1296	63.29	665	383	29.55		70	fast	70
ENSG00000197079_KRT35	ENSG00000197079	KRT35	1368	61.97	664	333	24.34			slow	90
ENSG00000197081_IGF2R	ENSG00000197081	IGF2R	7344	55.19	4139	2776	37.80	GC1	80	fast	80
ENSG00000197102_DYNC1H1	ENSG00000197102	DYNC1H1	13938	54.60	4057	2688	19.29	GC1	90	slow	
ENSG00000197106_SLC6A17	ENSG00000197106	SLC6A17	2184	59.06	668	311	14.24			fast	70
ENSG00000197114_ZGPAT	ENSG00000197114	ZGPAT	1542	64.60	870	514	33.33		70	fast	80
ENSG00000197121_PGAP1	ENSG00000197121	PGAP1	2769	38.72	1155	572	20.66	GC3		slow	90
ENSG00000197122_SRC	ENSG00000197122	SRC	1629	61.18	515	279	17.13			slow	80
ENSG00000197140_ADAM32	ENSG00000197140	ADAM32	2241	38.74	1553	944	42.12	GC3	70	fast	70
ENSG00000197142_ACSL5	ENSG00000197142	ACSL5	2079	47.52	1176	649	31.22	GC2	70	fast	90
ENSG00000197147_LRRC8B	ENSG00000197147	LRRC8B	2412	48.01	817	470	19.49	GC1	70	slow	80
ENSG00000197150_ABCB8	ENSG00000197150	ABCB8	2157	63.07	1040	603	27.96		80	fast	90
ENSG00000197157_SND1	ENSG00000197157	SND1	2733	55.45	927	493	18.04	GC1	70	fast	90
ENSG00000197170_PSMD12	ENSG00000197170	PSMD12	1371	41.26	466	246	17.94	GC3		slow	90
ENSG00000197181_PIWIL2	ENSG00000197181	PIWIL2	2916	47.62	1369	774	26.54	GC2	80	slow	90
ENSG00000197183_NOL4L	ENSG00000197183	NOL4L	1347	61.48	336	167	12.40			fast	
ENSG00000197208_SLC22A4	ENSG00000197208	SLC22A4	1656	52.44	738	401	24.21	GC1	80	fast	90
ENSG00000197226_TBC1D9B	ENSG00000197226	TBC1D9B	3774	59.36	1656	895	23.71		80	slow	80
ENSG00000197245_FAM110D	ENSG00000197245	FAM110D	816	71.15	313	148	18.14			slow	
ENSG00000197265_GTF2E2	ENSG00000197265	GTF2E2	876	41.58	368	157	17.92	GC3		fast	90
ENSG00000197275_RAD54B	ENSG00000197275	RAD54B	2733	39.09	1455	807	29.53	GC3	80	fast	90
ENSG00000197283_SYNGAP1	ENSG00000197283	SYNGAP1	4032	60.72	1329	574	14.24		80	slow	80
ENSG00000197296_FITM2	ENSG00000197296	FITM2	789	58.78	339	177	22.43			slow	80
ENSG00000197299_BLM	ENSG00000197299	BLM	4260	42.21	2329	1398	32.82	GC3	90	fast	80
ENSG00000197321_SVIL	ENSG00000197321	SVIL	6615	53.99	3437	2271	34.33	GC2	90	fast	90
ENSG00000197323_TRIM33	ENSG00000197323	TRIM33	3114	45.88	823	403	12.94	GC3	70	slow	90
ENSG00000197324_LRP10	ENSG00000197324	LRP10	2142	63.71	1172	678	31.65	GC1	80	slow	90
ENSG00000197329_PELI1	ENSG00000197329	PELI1	1257	45.92	316	153	12.17	GC3		slow	90
ENSG00000197343_ZNF655	ENSG00000197343	ZNF655	1581	42.14	815	328	20.75	GC3	70	slow	
ENSG00000197381_ADARB1	ENSG00000197381	ADARB1	2106	60.44	848	551	26.16		80	fast	80
ENSG00000197386_HTT	ENSG00000197386	HTT	9360	56.68	4408	2935	31.36	GC1	90	fast	90
ENSG00000197410_DCHS2	ENSG00000197410	DCHS2	8682	46.13	5826	3534	40.70	GC3	80	fast	80
ENSG00000197415_VEPH1	ENSG00000197415	VEPH1	2502	46.91	1323	718	28.70	GC2	80	fast	90
ENSG00000197417_SHPK	ENSG00000197417	SHPK	1437	59.14	747	438	30.48	GC1		fast	90
ENSG00000197429_IPP	ENSG00000197429	IPP	1755	43.28	706	292	16.64	GC3		fast	90
ENSG00000197442_MAP3K5	ENSG00000197442	MAP3K5	4092	47.19	1618	961	23.48	GC2	70	fast	90
ENSG00000197467_COL13A1	ENSG00000197467	COL13A1	2154	65.35	982	463	21.49	GC2	70	slow	80
ENSG00000197471_SPN	ENSG00000197471	SPN	1206	58.11	1068	786	65.17	GC2	70	fast	70
ENSG00000197496_SLC2A10	ENSG00000197496	SLC2A10	1626	62.34	946	583	35.85		70	fast	90
ENSG00000197498_RPF2	ENSG00000197498	RPF2	921	38.60	350	170	18.46	GC3		slow	90
ENSG00000197530_MIB2	ENSG00000197530	MIB2	2868	66.16	1413	618	21.55		80	fast	70
ENSG00000197535_MYO5A	ENSG00000197535	MYO5A	5640	46.51	2108	1168	20.71	GC2	80	slow	90
ENSG00000197548_ATG7	ENSG00000197548	ATG7	2112	51.89	874	553	26.18	GC2	80	fast	90
ENSG00000197555_SIPA1L1	ENSG00000197555	SIPA1L1	5418	53.08	1895	1210	22.33	GC1	90	slow	90
ENSG00000197563_PIGN	ENSG00000197563	PIGN	2796	41.68	1497	920	32.90	GC3	80	fast	90
ENSG00000197565_COL4A6	ENSG00000197565	COL4A6	5064	58.42	2849	1634	32.27	GC3	90	fast	90
ENSG00000197579_TOPORS	ENSG00000197579	TOPORS	3138	43.25	1398	792	25.24	GC3	80	slow	90
ENSG00000197580_BCO2	ENSG00000197580	BCO2	1740	43.95	975	507	29.14	GC3	70	fast	90
ENSG00000197586_ENTPD6	ENSG00000197586	ENTPD6	1401	55.03	764	499	35.62	GC1	80	fast	80
ENSG00000197587_DMBX1	ENSG00000197587	DMBX1	1149	65.26	406	198	17.23			slow	70
ENSG00000197594_ENPP1	ENSG00000197594	ENPP1	2622	42.79	1364	764	29.14	GC3	80	fast	90
ENSG00000197599_CCDC154	ENSG00000197599	CCDC154	2028	64.02	1317	796	39.25		70	fast	70
ENSG00000197601_FAR1	ENSG00000197601	FAR1	1548	40.79	521	279	18.02	GC3		slow	90
ENSG00000197632_SERPINB2	ENSG00000197632	SERPINB2	1248	47.27	748	462	37.02	GC2		fast	80
ENSG00000197635_DPP4	ENSG00000197635	DPP4	2301	42.03	1127	683	29.68	GC3	80	fast	90
ENSG00000197641_SERPINB13	ENSG00000197641	SERPINB13	1173	46.48	724	476	40.58	GC2	80	fast	80
ENSG00000197683_KRTAP26-1	ENSG00000197683	KRTAP26-1	636	54.20	505	275	43.24	GC2		fast	
ENSG00000197694_SPTAN1	ENSG00000197694	SPTAN1	7434	55.10	2339	1536	20.66	GC1	80	slow	90
ENSG00000197702_PARVA	ENSG00000197702	PARVA	1119	50.96	437	209	18.68	GC1		fast	90
ENSG00000197705_KLHL14	ENSG00000197705	KLHL14	1890	56.27	471	218	11.53	GC1	70	slow	80
ENSG00000197712_FAM114A1	ENSG00000197712	FAM114A1	1692	48.69	928	567	33.51	GC3	80	fast	90
ENSG00000197724_PHF2	ENSG00000197724	PHF2	3207	58.30	1389	792	24.70		80	slow	80
ENSG00000197746_PSAP	ENSG00000197746	PSAP	1575	56.04	722	433	27.49		80	fast	80
ENSG00000197753_LHFPL5	ENSG00000197753	LHFPL5	660	57.97	190	125	18.94			slow	90
ENSG00000197757_HOXC6	ENSG00000197757	HOXC6	708	55.59	84	34	4.80	GC1		slow	90
ENSG00000197768_C9orf173	ENSG00000197768	C9orf173	954	64.19	710	420	44.03			fast	
ENSG00000197776_KLHDC1	ENSG00000197776	KLHDC1	1221	40.94	474	200	16.38	GC3		slow	90
ENSG00000197790_OR52M1	ENSG00000197790	OR52M1	954	50.89	454	295	30.92	GC2	70	slow	
ENSG00000197798_FAM118B	ENSG00000197798	FAM118B	1056	46.18	342	207	19.60	GC2		slow	80
ENSG00000197818_SLC9A8	ENSG00000197818	SLC9A8	1746	49.80	623	283	16.21	GC1		slow	90
ENSG00000197822_OCLN	ENSG00000197822	OCLN	1569	46.55	792	469	29.89	GC2	70	fast	90
ENSG00000197826_C4orf22	ENSG00000197826	C4orf22	708	43.64	292	141	19.92	GC3		slow	
ENSG00000197858_GPAA1	ENSG00000197858	GPAA1	1866	64.24	904	487	26.10		70	fast	80
ENSG00000197860_SGTB	ENSG00000197860	SGTB	915	41.88	262	129	14.10	GC3	70	slow	90
ENSG00000197872_FAM49A	ENSG00000197872	FAM49A	972	47.88	278	171	17.59	GC2		slow	90
ENSG00000197879_MYO1C	ENSG00000197879	MYO1C	3192	58.75	1186	629	19.71		80	slow	90
ENSG00000197892_KIF13B	ENSG00000197892	KIF13B	5445	50.50	2555	1618	29.72	GC2	70	slow	80
ENSG00000197893_NRAP	ENSG00000197893	NRAP	5214	53.02	2409	1396	26.77	GC1	80	fast	90
ENSG00000197905_TEAD4	ENSG00000197905	TEAD4	1305	58.45	457	235	18.01			fast	90
ENSG00000197912_SPG7	ENSG00000197912	SPG7	2355	59.23	1092	681	28.92		80	fast	80
ENSG00000197930_ERO1L	ENSG00000197930	ERO1L	1407	41.14	542	297	21.11	GC3		slow	90
ENSG00000197943_PLCG2	ENSG00000197943	PLCG2	3798	54.19	1384	824	21.70		90	fast	90
ENSG00000197948_FCHSD1	ENSG00000197948	FCHSD1	2076	62.00	965	452	21.77	GC1	80	slow	80
ENSG00000197953_AADACL2	ENSG00000197953	AADACL2	1206	39.52	816	527	43.70	GC3	70	fast	70
ENSG00000197959_DNM3	ENSG00000197959	DNM3	2610	48.26	844	453	17.36	GC2	70	slow	
ENSG00000197965_MPZL1	ENSG00000197965	MPZL1	810	51.93	411	214	26.42	GC1		slow	
ENSG00000197969_VPS13A	ENSG00000197969	VPS13A	9519	37.60	4563	2314	24.31	GC3	80	fast	80
ENSG00000197977_ELOVL2	ENSG00000197977	ELOVL2	891	46.76	392	235	26.37	GC1		fast	90
ENSG00000197992_CLEC9A	ENSG00000197992	CLEC9A	726	43.96	512	367	50.55	GC2	70	fast	90
ENSG00000197993_KEL	ENSG00000197993	KEL	2193	56.40	1518	939	42.82	GC1	70	fast	90
ENSG00000198001_IRAK4	ENSG00000198001	IRAK4	1383	39.79	592	333	24.08	GC3	70	slow	90
ENSG00000198010_DLGAP2	ENSG00000198010	DLGAP2	3009	60.01	1458	967	32.14		80	fast	80
ENSG00000198018_ENTPD7	ENSG00000198018	ENTPD7	1815	50.56	814	409	22.53	GC2		fast	90
ENSG00000198026_ZNF335	ENSG00000198026	ZNF335	4041	62.41	1817	1058	26.18	GC1	70	fast	90
ENSG00000198042_MAK16	ENSG00000198042	MAK16	900	44.37	382	219	24.33	GC3		slow	90
ENSG00000198049_AVPR1B	ENSG00000198049	AVPR1B	1269	62.73	683	389	30.65		70	fast	90
ENSG00000198055_GRK6	ENSG00000198055	GRK6	1770	59.51	593	360	20.34		70	slow	80
ENSG00000198060_MARCH5	ENSG00000198060	MARCH5	837	43.15	228	93	11.11	GC3		slow	90
ENSG00000198087_CD2AP	ENSG00000198087	CD2AP	1920	41.05	904	515	26.82	GC3	70	fast	90
ENSG00000198089_SFI1	ENSG00000198089	SFI1	3678	59.94	2544	1640	44.59	GC1	90	fast	90
ENSG00000198092_TMPRSS11F	ENSG00000198092	TMPRSS11F	1317	40.98	651	342	25.97	GC3	70	fast	90
ENSG00000198104_OR2T6	ENSG00000198104	OR2T6	927	47.97	454	242	26.11	GC1		slow	
ENSG00000198108_CHSY3	ENSG00000198108	CHSY3	2655	52.00	895	349	13.15	GC2		slow	
ENSG00000198121_LPAR1	ENSG00000198121	LPAR1	1095	51.31	361	237	21.64	GC1		slow	80
ENSG00000198130_HIBCH	ENSG00000198130	HIBCH	1161	40.90	654	364	31.35	GC3	70	fast	90
ENSG00000198146_ZNF770	ENSG00000198146	ZNF770	2112	38.31	1030	448	21.21	GC3	70	slow	
ENSG00000198160_MIER1	ENSG00000198160	MIER1	1632	39.97	677	330	20.22	GC3	70	slow	90
ENSG00000198162_MAN1A2	ENSG00000198162	MAN1A2	1926	44.42	735	384	19.94	GC3	80	fast	90
ENSG00000198171_DDRGK1	ENSG00000198171	DDRGK1	948	61.18	516	256	27.00	GC1		slow	80
ENSG00000198198_SZT2	ENSG00000198198	SZT2	10266	60.35	4240	2293	22.34	GC1	90	fast	80
ENSG00000198203_SULT1C2	ENSG00000198203	SULT1C2	891	47.29	464	291	32.66	GC2		fast	80
ENSG00000198218_QRICH1	ENSG00000198218	QRICH1	2334	54.33	634	360	15.42	GC1	80	slow	90
ENSG00000198231_DDX42	ENSG00000198231	DDX42	2808	49.15	1056	548	19.52	GC3	80	slow	90
ENSG00000198246_SLC29A3	ENSG00000198246	SLC29A3	1428	59.91	834	474	33.19		70	fast	80
ENSG00000198265_HELZ	ENSG00000198265	HELZ	5829	47.65	2568	1220	20.93	GC3	70	slow	90
ENSG00000198270_TMEM116	ENSG00000198270	TMEM116	975	46.05	545	247	25.33	GC2		fast	80
ENSG00000198283_OR5B21	ENSG00000198283	OR5B21	942	47.68	465	231	24.52	GC2		slow	
ENSG00000198286_CARD11	ENSG00000198286	CARD11	3465	60.00	1425	707	20.40			fast	70
ENSG00000198300_PEG3	ENSG00000198300	PEG3	4725	51.89	3155	1863	39.43	GC2	80	fast	70
ENSG00000198301_SDAD1	ENSG00000198301	SDAD1	2064	42.64	771	391	18.94	GC2		fast	80
ENSG00000198315_ZKSCAN8	ENSG00000198315	ZKSCAN8	1737	50.13	666	344	19.80	GC2	70	fast	90
ENSG00000198331_HYLS1	ENSG00000198331	HYLS1	903	47.81	438	226	25.03	GC3		slow	80
ENSG00000198363_ASPH	ENSG00000198363	ASPH	2172	47.32	1169	715	32.92	GC3	80	fast	90
ENSG00000198369_SPRED2	ENSG00000198369	SPRED2	1254	57.66	338	186	14.83	GC1		slow	80
ENSG00000198373_WWP2	ENSG00000198373	WWP2	2613	55.54	938	508	19.44	GC1	80	fast	90
ENSG00000198380_GFPT1	ENSG00000198380	GFPT1	2100	45.51	655	381	18.14	GC3		fast	90
ENSG00000198382_UVRAG	ENSG00000198382	UVRAG	2100	47.80	906	474	22.57	GC2	70	fast	90
ENSG00000198399_ITSN2	ENSG00000198399	ITSN2	5076	45.40	1873	1001	19.72	GC3	80	fast	90
ENSG00000198400_NTRK1	ENSG00000198400	NTRK1	2391	62.99	1229	604	25.26			fast	90
ENSG00000198408_MGEA5	ENSG00000198408	MGEA5	2751	44.52	794	392	14.25	GC3		slow	90
ENSG00000198431_TXNRD1	ENSG00000198431	TXNRD1	1752	48.74	889	596	34.02	GC2		fast	90
ENSG00000198440_ZNF583	ENSG00000198440	ZNF583	1710	41.71	812	441	25.79	GC3	80	slow	80
ENSG00000198467_TPM2	ENSG00000198467	TPM2	855	55.39	435	248	29.01	GC1		slow	90
ENSG00000198471_RTP2	ENSG00000198471	RTP2	681	61.43	269	136	19.97			slow	70
ENSG00000198483_ANKRD35	ENSG00000198483	ANKRD35	3012	61.62	1815	1018	33.80	GC1	80	fast	90
ENSG00000198492_YTHDF2	ENSG00000198492	YTHDF2	1740	48.40	396	169	9.71	GC3		slow	90
ENSG00000198513_ATL1	ENSG00000198513	ATL1	1677	43.97	576	299	17.83	GC3		slow	90
ENSG00000198520_C1orf228	ENSG00000198520	C1orf228	1317	52.60	718	384	29.16	GC1	70	fast	90
ENSG00000198542_ITGBL1	ENSG00000198542	ITGBL1	1485	52.60	613	380	25.59	GC2	70	fast	90
ENSG00000198546_ZNF511	ENSG00000198546	ZNF511	753	62.49	441	259	34.40			fast	70
ENSG00000198553_KCNRG	ENSG00000198553	KCNRG	822	42.67	461	222	27.01	GC3		slow	80
ENSG00000198554_WDHD1	ENSG00000198554	WDHD1	3393	42.02	1770	916	27.00	GC3	80	fast	90
ENSG00000198569_SLC34A3	ENSG00000198569	SLC34A3	1803	64.20	1104	556	30.84		80	fast	
ENSG00000198586_TLK1	ENSG00000198586	TLK1	2163	40.21	589	277	12.81	GC3	70	slow	90
ENSG00000198589_LRBA	ENSG00000198589	LRBA	8598	43.66	3555	1878	21.84	GC3	90	slow	80
ENSG00000198604_BAZ1A	ENSG00000198604	BAZ1A	4563	41.42	1737	848	18.58	GC3	70	slow	90
ENSG00000198624_CCDC69	ENSG00000198624	CCDC69	885	57.01	506	280	31.64	GC1	70	fast	80
ENSG00000198625_MDM4	ENSG00000198625	MDM4	1476	43.58	728	381	25.81	GC3	80	slow	90
ENSG00000198626_RYR2	ENSG00000198626	RYR2	14850	47.60	5518	3640	24.51	GC2	90	slow	80
ENSG00000198643_FAM3D	ENSG00000198643	FAM3D	675	53.19	435	285	42.22	GC1		fast	90
ENSG00000198646_NCOA6	ENSG00000198646	NCOA6	6183	51.32	2258	1029	16.64	GC3	80	slow	90
ENSG00000198648_STK39	ENSG00000198648	STK39	1599	45.86	528	244	15.26	GC3	70	fast	90
ENSG00000198650_TAT	ENSG00000198650	TAT	1365	51.18	641	370	27.11	GC2		fast	90
ENSG00000198663_C6orf89	ENSG00000198663	C6orf89	1065	50.23	514	297	27.89	GC2		fast	90
ENSG00000198677_TTC37	ENSG00000198677	TTC37	4695	42.55	2229	1077	22.94	GC3	80	slow	90
ENSG00000198682_PAPSS2	ENSG00000198682	PAPSS2	1860	52.93	845	542	29.14	GC1	70	fast	90
ENSG00000198689_SLC9A6	ENSG00000198689	SLC9A6	2106	47.80	710	414	19.66	GC2	70	slow	90
ENSG00000198690_FAN1	ENSG00000198690	FAN1	3084	49.77	1971	1325	42.96	GC2	80	fast	90
ENSG00000198691_ABCA4	ENSG00000198691	ABCA4	6819	52.86	3156	1827	26.79	GC1	80	fast	90
ENSG00000198700_IPO9	ENSG00000198700	IPO9	3126	54.86	1140	693	22.17	GC1	80	fast	90
ENSG00000198707_CEP290	ENSG00000198707	CEP290	7449	35.90	3218	1663	22.33	GC3	90	slow	90
ENSG00000198715_GLMP	ENSG00000198715	GLMP	1221	60.74	701	431	35.30	GC1	70	fast	90
ENSG00000198719_DLL1	ENSG00000198719	DLL1	2172	63.76	1158	666	30.66		70	fast	90
ENSG00000198720_ANKRD13B	ENSG00000198720	ANKRD13B	1860	62.57	747	324	17.42			slow	80
ENSG00000198722_UNC13B	ENSG00000198722	UNC13B	4869	50.77	1684	866	17.79	GC2	80	slow	90
ENSG00000198723_C19orf45	ENSG00000198723	C19orf45	1503	64.40	1058	625	41.58		70	fast	70
ENSG00000198728_LDB1	ENSG00000198728	LDB1	1233	57.03	277	109	8.84			slow	80
ENSG00000198730_CTR9	ENSG00000198730	CTR9	3522	45.54	1349	712	20.22	GC3	80	slow	90
ENSG00000198732_SMOC1	ENSG00000198732	SMOC1	1308	57.63	468	233	17.81	GC1	70	fast	90
ENSG00000198734_F5	ENSG00000198734	F5	6390	46.06	3950	2290	35.84	GC2	80	slow	70
ENSG00000198739_LRRTM3	ENSG00000198739	LRRTM3	1746	47.35	501	226	12.94	GC2		slow	90
ENSG00000198740_ZNF652	ENSG00000198740	ZNF652	1824	50.70	617	343	18.80	GC2		slow	90
ENSG00000198742_SMURF1	ENSG00000198742	SMURF1	2271	52.96	792	551	24.26	GC1	70	fast	90
ENSG00000198743_SLC5A3	ENSG00000198743	SLC5A3	2157	49.58	660	363	16.83	GC2		slow	70
ENSG00000198746_GPATCH3	ENSG00000198746	GPATCH3	1578	59.37	770	469	29.72	GC1	70	fast	90
ENSG00000198752_CDC42BPB	ENSG00000198752	CDC42BPB	4965	56.61	2362	1472	29.65	GC1	80	fast	90
ENSG00000198753_PLXNB3	ENSG00000198753	PLXNB3	5721	65.48	3085	1773	30.99		80	fast	80
ENSG00000198755_RPL10A	ENSG00000198755	RPL10A	654	52.46	201	114	17.43			slow	
ENSG00000198756_COLGALT2	ENSG00000198756	COLGALT2	1881	52.71	760	372	19.78	GC1	70	fast	80
ENSG00000198758_EPS8L3	ENSG00000198758	EPS8L3	1791	59.05	1177	682	38.08	GC1	70	fast	80
ENSG00000198759_EGFL6	ENSG00000198759	EGFL6	1668	50.11	997	549	32.91	GC2	70	fast	80
ENSG00000198765_SYCP1	ENSG00000198765	SYCP1	2937	33.86	1595	694	23.63	GC3	70	fast	80
ENSG00000198771_RCSD1	ENSG00000198771	RCSD1	1254	61.91	899	565	45.06	GC1	70	fast	80
ENSG00000198774_RASSF9	ENSG00000198774	RASSF9	1308	42.79	585	278	21.25	GC3	70	slow	70
ENSG00000198780_FAM169A	ENSG00000198780	FAM169A	2013	44.02	962	471	23.40	GC3	80	slow	90
ENSG00000198783_ZNF830	ENSG00000198783	ZNF830	1119	53.55	534	327	29.22	GC2		slow	80
ENSG00000198785_GRIN3A	ENSG00000198785	GRIN3A	3348	52.82	1384	709	21.18	GC1	80	slow	90
ENSG00000198791_CNOT7	ENSG00000198791	CNOT7	858	41.25	196	99	11.54	GC3		slow	90
ENSG00000198793_MTOR	ENSG00000198793	MTOR	7650	54.69	2121	1283	16.77	GC1	80	slow	90
ENSG00000198794_SCAMP5	ENSG00000198794	SCAMP5	708	55.89	135	73	10.31			slow	70
ENSG00000198795_ZNF521	ENSG00000198795	ZNF521	3936	51.67	1226	784	19.92	GC1	70	slow	90
ENSG00000198796_ALPK2	ENSG00000198796	ALPK2	6531	51.60	5071	3469	53.12	GC2	90	fast	90
ENSG00000198797_BRINP2	ENSG00000198797	BRINP2	2352	58.40	907	487	20.71		70	fast	90
ENSG00000198799_LRIG2	ENSG00000198799	LRIG2	3198	46.47	1472	753	23.55	GC2	80	slow	90
ENSG00000198807_PAX9	ENSG00000198807	PAX9	1029	62.94	375	182	17.69			slow	80
ENSG00000198815_FOXJ3	ENSG00000198815	FOXJ3	1869	47.18	519	240	12.84	GC3		slow	90
ENSG00000198822_GRM3	ENSG00000198822	GRM3	2640	51.82	901	500	18.94	GC1	70	slow	90
ENSG00000198824_CHAMP1	ENSG00000198824	CHAMP1	2445	47.67	1156	647	26.46	GC3	70	slow	70
ENSG00000198825_INPP5F	ENSG00000198825	INPP5F	3354	44.25	1574	857	25.55	GC3	80	slow	80
ENSG00000198833_UBE2J1	ENSG00000198833	UBE2J1	957	46.09	388	201	21.00	GC3		slow	90
ENSG00000198837_DENND4B	ENSG00000198837	DENND4B	4479	63.66	2066	1017	22.71	GC1	80	slow	80
ENSG00000198838_RYR3	ENSG00000198838	RYR3	14562	50.63	5291	3086	21.19	GC1	90	slow	90
ENSG00000198839_ZNF277	ENSG00000198839	ZNF277	1371	41.03	607	338	24.65	GC3	70	slow	80
ENSG00000198842_DUSP27	ENSG00000198842	DUSP27	3480	58.78	2031	1171	33.65		80	fast	90
ENSG00000198844_ARHGEF15	ENSG00000198844	ARHGEF15	2535	63.58	1285	753	29.70	GC1	80	slow	90
ENSG00000198846_TOX	ENSG00000198846	TOX	1581	53.38	535	333	21.06	GC2	70	slow	90
ENSG00000198853_RUSC2	ENSG00000198853	RUSC2	4539	61.03	2207	1135	25.01	GC1	90	fast	90
ENSG00000198855_FICD	ENSG00000198855	FICD	1377	59.34	556	357	25.93		70	slow	80
ENSG00000198862_LTN1	ENSG00000198862	LTN1	5301	41.02	2562	1550	29.24	GC3	80	fast	90
ENSG00000198863_RUNDC1	ENSG00000198863	RUNDC1	1842	60.15	1011	515	27.96	GC1	70	fast	90
ENSG00000198865_CCDC152	ENSG00000198865	CCDC152	765	32.83	426	214	27.97	GC3		fast	90
ENSG00000198870_STKLD1	ENSG00000198870	STKLD1	2010	59.21	1455	894	44.48		80	fast	70
ENSG00000198876_DCAF12	ENSG00000198876	DCAF12	1362	51.82	475	219	16.08	GC2		fast	90
ENSG00000198879_SFMBT2	ENSG00000198879	SFMBT2	2685	52.99	1062	637	23.72	GC1	80	fast	70
ENSG00000198881_ASB12	ENSG00000198881	ASB12	960	51.42	414	196	20.42	GC2		slow	
ENSG00000198885_ITPRIPL1	ENSG00000198885	ITPRIPL1	1668	57.35	699	371	22.24	GC1	80	slow	70
ENSG00000198887_SMC5	ENSG00000198887	SMC5	3306	39.65	1348	784	23.71	GC3	80	slow	90
ENSG00000198890_PRMT6	ENSG00000198890	PRMT6	1128	65.41	402	219	19.41		70	slow	70
ENSG00000198898_CAPZA2	ENSG00000198898	CAPZA2	861	39.58	220	101	11.73	GC3		slow	80
ENSG00000198900_TOP1	ENSG00000198900	TOP1	2304	43.00	731	388	16.84	GC2	70	slow	90
ENSG00000198901_PRC1	ENSG00000198901	PRC1	1863	48.17	825	407	21.85	GC2	70	fast	80
ENSG00000198908_BHLHB9	ENSG00000198908	BHLHB9	1644	43.66	889	413	25.12	GC3	70	slow	70
ENSG00000198909_MAP3K3	ENSG00000198909	MAP3K3	1974	55.57	698	367	18.59	GC1		fast	90
ENSG00000198910_L1CAM	ENSG00000198910	L1CAM	3774	60.25	1819	1051	27.85		70	fast	90
ENSG00000198911_SREBF2	ENSG00000198911	SREBF2	3414	61.31	1479	793	23.23		70	fast	90
ENSG00000198915_RASGEF1A	ENSG00000198915	RASGEF1A	1449	56.46	608	301	20.77			slow	80
ENSG00000198917_C9orf114	ENSG00000198917	C9orf114	1137	59.68	536	290	25.51	GC1		fast	90
ENSG00000198919_DZIP3	ENSG00000198919	DZIP3	3627	39.86	1730	827	22.80	GC3	80	slow	90
ENSG00000198920_KIAA0753	ENSG00000198920	KIAA0753	2910	50.56	2115	1398	48.04	GC2	80	fast	90
ENSG00000198924_DCLRE1A	ENSG00000198924	DCLRE1A	3162	42.20	2161	1377	43.55	GC3	80	slow	80
ENSG00000198925_ATG9A	ENSG00000198925	ATG9A	2520	59.00	768	432	17.14	GC1		slow	90
ENSG00000198933_TBKBP1	ENSG00000198933	TBKBP1	1848	66.43	950	360	19.48		70	slow	70
ENSG00000198944_SOWAHA	ENSG00000198944	SOWAHA	1650	70.58	989	589	35.70		80	slow	80
ENSG00000198945_L3MBTL3	ENSG00000198945	L3MBTL3	2343	45.21	1070	594	25.35	GC3	70	slow	90
ENSG00000198951_NAGA	ENSG00000198951	NAGA	1236	58.28	613	330	26.70			fast	90
ENSG00000198952_SMG5	ENSG00000198952	SMG5	3051	57.47	1222	693	22.71	GC1	70	fast	90
ENSG00000198954_KIAA1279	ENSG00000198954	KIAA1279	1866	46.38	674	378	20.26	GC2	80	slow	90
ENSG00000198959_TGM2	ENSG00000198959	TGM2	2064	60.98	1088	596	28.88			fast	90
ENSG00000198961_PJA2	ENSG00000198961	PJA2	2133	45.71	1110	626	29.35	GC3	70	slow	90
ENSG00000198963_RORB	ENSG00000198963	RORB	1380	48.51	365	204	14.78	GC2		slow	90
ENSG00000198964_SGMS1	ENSG00000198964	SGMS1	1260	51.40	444	263	20.87	GC1		slow	90
ENSG00000198967_OR10Z1	ENSG00000198967	OR10Z1	942	53.18	526	334	35.46	GC1	70	slow	80
ENSG00000203697_CAPN8	ENSG00000203697	CAPN8	2112	57.31	1475	878	41.57	GC1	70	fast	80
ENSG00000203705_TATDN3	ENSG00000203705	TATDN3	825	47.39	408	230	27.88	GC3	70	slow	90
ENSG00000203740_METTL11B	ENSG00000203740	METTL11B	849	50.78	378	186	21.91	GC1		slow	90
ENSG00000203757_OR6K3	ENSG00000203757	OR6K3	948	44.84	610	367	38.71	GC2		slow	70
ENSG00000203780_FANK1	ENSG00000203780	FANK1	1038	51.52	514	340	32.76	GC2	70	fast	90
ENSG00000203797_DDO	ENSG00000203797	DDO	1107	54.81	626	390	35.23	GC2	70	fast	90
ENSG00000203805_PPAPDC1A	ENSG00000203805	PPAPDC1A	816	54.01	261	155	19.00	GC1		fast	90
ENSG00000203867_RBM20	ENSG00000203867	RBM20	3579	58.13	1570	737	20.59	GC1	90	fast	
ENSG00000203872_C6orf163	ENSG00000203872	C6orf163	990	42.47	615	392	39.60	GC3	70	fast	90
ENSG00000203880_PCMTD2	ENSG00000203880	PCMTD2	1086	52.02	489	314	28.91	GC2		fast	80
ENSG00000203952_CCDC160	ENSG00000203952	CCDC160	975	38.88	713	380	38.97	GC3	70	slow	80
ENSG00000203972_GLYATL3	ENSG00000203972	GLYATL3	843	48.34	507	328	38.91	GC2		slow	70
ENSG00000203995_ZYG11A	ENSG00000203995	ZYG11A	2277	46.11	1275	660	28.99	GC2		fast	90
ENSG00000204007_GLT6D1	ENSG00000204007	GLT6D1	927	51.87	695	547	59.01	GC1	80	fast	70
ENSG00000204021_LIPK	ENSG00000204021	LIPK	1200	43.42	717	413	34.42	GC3	70	fast	90
ENSG00000204033_LRIT2	ENSG00000204033	LRIT2	1650	55.11	1044	560	33.94	GC1	70	slow	70
ENSG00000204052_LRRC73	ENSG00000204052	LRRC73	951	63.66	291	133	13.99			slow	80
ENSG00000204084_INPP5B	ENSG00000204084	INPP5B	2982	51.28	1454	862	28.91	GC1	80	slow	80
ENSG00000204104_TRAF3IP1	ENSG00000204104	TRAF3IP1	2079	54.41	1295	757	36.41	GC1	70	fast	80
ENSG00000204116_CHIC1	ENSG00000204116	CHIC1	666	49.40	190	86	12.91	GC2		fast	90
ENSG00000204120_GIGYF2	ENSG00000204120	GIGYF2	3882	51.04	1477	831	21.41	GC2	70	slow	90
ENSG00000204130_RUFY2	ENSG00000204130	RUFY2	1836	40.18	757	362	19.72	GC3		slow	90
ENSG00000204131_NHSL2	ENSG00000204131	NHSL2	2385	54.42	1355	720	30.19	GC2	70	fast	80
ENSG00000204138_PHACTR4	ENSG00000204138	PHACTR4	2148	50.46	1149	640	29.80	GC3	80	slow	90
ENSG00000204160_ZDHHC18	ENSG00000204160	ZDHHC18	870	58.09	316	151	17.36			slow	90
ENSG00000204174_NPY4R	ENSG00000204174	NPY4R	1128	54.86	533	291	25.80		80	slow	70
ENSG00000204175_GPRIN2	ENSG00000204175	GPRIN2	1377	66.79	932	521	37.84	GC1	80	slow	80
ENSG00000204178_TMEM57	ENSG00000204178	TMEM57	1983	45.47	555	304	15.33	GC2	70	slow	90
ENSG00000204195_AWAT1	ENSG00000204195	AWAT1	987	51.27	510	289	29.28	GC1	70	slow	70
ENSG00000204217_BMPR2	ENSG00000204217	BMPR2	3117	45.84	1050	561	18.00	GC3	80	slow	90
ENSG00000204227_RING1	ENSG00000204227	RING1	1221	63.15	293	144	11.79	GC1		slow	70
ENSG00000204228_HSD17B8	ENSG00000204228	HSD17B8	780	60.05	367	153	19.62	GC1		slow	
ENSG00000204231_RXRB	ENSG00000204231	RXRB	1611	61.80	506	225	13.97	GC1		slow	90
ENSG00000204248_COL11A2	ENSG00000204248	COL11A2	5211	65.50	2317	1058	20.30	GC2	70	slow	70
ENSG00000204256_BRD2	ENSG00000204256	BRD2	2409	51.78	870	525	21.79	GC2	80	slow	90
ENSG00000204257_HLA-DMA	ENSG00000204257	HLA-DMA	786	54.34	501	317	40.33	GC1		slow	90
ENSG00000204262_COL5A2	ENSG00000204262	COL5A2	4500	56.84	1725	960	21.33	GC3	80	slow	90
ENSG00000204264_PSMB8	ENSG00000204264	PSMB8	831	56.98	412	232	27.92	GC1		fast	90
ENSG00000204291_COL15A1	ENSG00000204291	COL15A1	4155	59.81	2291	1307	31.46	GC2	80	slow	70
ENSG00000204301_NOTCH4	ENSG00000204301	NOTCH4	6006	63.84	2934	1550	25.81	GC1	80	fast	70
ENSG00000204304_PBX2	ENSG00000204304	PBX2	1293	59.44	374	191	14.77	GC1		slow	80
ENSG00000204305_AGER	ENSG00000204305	AGER	1212	60.82	735	421	34.74	GC1	70	fast	90
ENSG00000204310_AGPAT1	ENSG00000204310	AGPAT1	864	59.99	247	131	15.16			slow	80
ENSG00000204316_MRPL38	ENSG00000204316	MRPL38	1143	62.14	546	271	23.71		70	fast	80
ENSG00000204334_ERICH2	ENSG00000204334	ERICH2	762	40.80	507	239	31.36	GC3		fast	80
ENSG00000204344_STK19	ENSG00000204344	STK19	1086	60.96	606	324	29.83	GC1		fast	70
ENSG00000204348_DXO	ENSG00000204348	DXO	1191	59.72	573	372	31.23	GC1		fast	90
ENSG00000204356_NELFE	ENSG00000204356	NELFE	1137	57.62	417	215	18.91	GC1		slow	80
ENSG00000204371_EHMT2	ENSG00000204371	EHMT2	3804	61.60	1282	644	16.93	GC1	80	slow	70
ENSG00000204381_LAYN	ENSG00000204381	LAYN	1149	53.10	660	358	31.16	GC2		fast	90
ENSG00000204385_SLC44A4	ENSG00000204385	SLC44A4	2127	55.83	1062	694	32.63		80	fast	90
ENSG00000204386_NEU1	ENSG00000204386	NEU1	1251	60.09	657	444	35.49	GC1	70	slow	90
ENSG00000204390_HSPA1L	ENSG00000204390	HSPA1L	1926	51.89	617	354	18.38	GC1		slow	
ENSG00000204394_VARS	ENSG00000204394	VARS	3795	61.63	1387	701	18.47	GC1	80	fast	70
ENSG00000204396_VWA7	ENSG00000204396	VWA7	2676	62.45	1557	831	31.05	GC1	80	fast	80
ENSG00000204406_MBD5	ENSG00000204406	MBD5	4509	47.41	1179	472	10.47	GC3	70	slow	90
ENSG00000204420_C6orf25	ENSG00000204420	C6orf25	726	64.67	521	313	43.11	GC1		fast	80
ENSG00000204427_ABHD16A	ENSG00000204427	ABHD16A	1677	59.28	612	313	18.66			slow	90
ENSG00000204435_CSNK2B	ENSG00000204435	CSNK2B	663	54.21	197	83	12.52	GC1		slow	80
ENSG00000204438_GPANK1	ENSG00000204438	GPANK1	1065	60.47	597	363	34.08	GC1	80	slow	90
ENSG00000204463_BAG6	ENSG00000204463	BAG6	3489	60.91	1169	671	19.23	GC1	70	slow	80
ENSG00000204469_PRRC2A	ENSG00000204469	PRRC2A	6501	62.59	2850	1562	24.03	GC2	90	fast	90
ENSG00000204498_NFKBIL1	ENSG00000204498	NFKBIL1	1146	66.00	512	250	21.82	GC1		slow	90
ENSG00000204536_CCHCR1	ENSG00000204536	CCHCR1	2334	61.79	1736	894	38.30	GC1	80	fast	90
ENSG00000204539_CDSN	ENSG00000204539	CDSN	1515	58.79	847	460	30.36	GC2		slow	
ENSG00000204542_C6orf15	ENSG00000204542	C6orf15	945	58.35	774	475	50.26	GC2	80	fast	70
ENSG00000204560_DHX16	ENSG00000204560	DHX16	3135	58.22	1088	619	19.74	GC1		fast	90
ENSG00000204564_C6orf136	ENSG00000204564	C6orf136	948	57.32	468	241	25.42	GC2		slow	90
ENSG00000204568_MRPS18B	ENSG00000204568	MRPS18B	777	54.83	412	247	31.79	GC2	80	slow	90
ENSG00000204569_PPP1R10	ENSG00000204569	PPP1R10	2727	57.59	1011	620	22.74	GC2		slow	90
ENSG00000204574_ABCF1	ENSG00000204574	ABCF1	2529	54.90	1014	537	21.23	GC1	70	slow	80
ENSG00000204580_DDR1	ENSG00000204580	DDR1	2742	62.34	975	479	17.47		70	fast	80
ENSG00000204590_GNL1	ENSG00000204590	GNL1	1824	59.56	660	340	18.64	GC1		fast	80
ENSG00000204613_TRIM10	ENSG00000204613	TRIM10	1446	58.61	780	476	32.92		70	fast	90
ENSG00000204618_RNF39	ENSG00000204618	RNF39	1209	69.87	604	269	22.25			fast	
ENSG00000204624_PTCHD2	ENSG00000204624	PTCHD2	4176	62.62	1712	902	21.60		80	fast	90
ENSG00000204628_GNB2L1	ENSG00000204628	GNB2L1	954	54.48	412	158	16.56	GC1		slow	
ENSG00000204634_TBC1D8	ENSG00000204634	TBC1D8	3189	53.70	1284	812	25.46	GC1	80	fast	90
ENSG00000204644_ZFP57	ENSG00000204644	ZFP57	1527	55.36	1200	761	49.84	GC1	70	fast	70
ENSG00000204655_MOG	ENSG00000204655	MOG	741	55.51	381	236	31.85	GC1		fast	70
ENSG00000204673_AKT1S1	ENSG00000204673	AKT1S1	771	69.51	325	151	19.58			slow	
ENSG00000204681_GABBR1	ENSG00000204681	GABBR1	2802	56.73	971	461	16.45	GC1	70	fast	80
ENSG00000204711_C9orf135	ENSG00000204711	C9orf135	690	43.47	430	224	32.46	GC3	70	fast	90
ENSG00000204713_TRIM27	ENSG00000204713	TRIM27	1542	56.88	454	235	15.24	GC1		fast	90
ENSG00000204764_RANBP17	ENSG00000204764	RANBP17	3267	43.87	1320	689	21.09	GC3	70	slow	90
ENSG00000204815_TTC25	ENSG00000204815	TTC25	1965	52.44	1148	684	34.81	GC1		fast	90
ENSG00000204842_ATXN2	ENSG00000204842	ATXN2	3267	49.37	1014	503	15.40	GC3	70	slow	90
ENSG00000204843_DCTN1	ENSG00000204843	DCTN1	3846	58.55	1388	830	21.58	GC1		slow	90
ENSG00000204859_ZBTB48	ENSG00000204859	ZBTB48	2067	59.91	1039	524	25.35		80	slow	90
ENSG00000204897_KRT25	ENSG00000204897	KRT25	1353	53.41	545	325	24.02	GC1	70	slow	80
ENSG00000204928_GRXCR2	ENSG00000204928	GRXCR2	747	51.17	353	193	25.84	GC1		slow	90
ENSG00000204952_FBXO47	ENSG00000204952	FBXO47	1356	41.09	625	328	24.19	GC3		slow	90
ENSG00000204977_TRIM13	ENSG00000204977	TRIM13	1230	41.92	521	296	24.07	GC3	70	slow	90
ENSG00000204991_SPIRE2	ENSG00000204991	SPIRE2	1935	63.01	1022	585	30.23		70	slow	70
ENSG00000205038_PKHD1L1	ENSG00000205038	PKHD1L1	12732	42.82	6734	3589	28.19	GC3	90	slow	80
ENSG00000205060_SLC35B4	ENSG00000205060	SLC35B4	996	48.45	444	250	25.10	GC1		slow	90
ENSG00000205085_FAM71F2	ENSG00000205085	FAM71F2	924	53.18	548	322	34.85	GC1		fast	90
ENSG00000205189_ZBTB10	ENSG00000205189	ZBTB10	2391	46.85	794	292	12.21	GC3	70	fast	90
ENSG00000205213_LGR4	ENSG00000205213	LGR4	2721	44.81	1153	671	24.66	GC3	70	slow	80
ENSG00000205220_PSMB10	ENSG00000205220	PSMB10	822	62.49	423	244	29.68			fast	80
ENSG00000205221_VIT	ENSG00000205221	VIT	2082	52.91	1039	607	29.15	GC1	80	fast	80
ENSG00000205250_E2F4	ENSG00000205250	E2F4	1227	59.21	476	221	18.01	GC1	70	slow	80
ENSG00000205268_PDE7A	ENSG00000205268	PDE7A	1374	42.34	515	286	20.82	GC3	70	fast	90
ENSG00000205301_MGAT4D	ENSG00000205301	MGAT4D	1023	35.92	629	278	27.17	GC3		fast	
ENSG00000205302_SNX2	ENSG00000205302	SNX2	1560	41.99	429	195	12.50	GC3		slow	90
ENSG00000205309_NT5M	ENSG00000205309	NT5M	687	61.80	361	171	24.89			fast	80
ENSG00000205336_GPR56	ENSG00000205336	GPR56	2064	60.78	1134	579	28.05			slow	70
ENSG00000205339_IPO7	ENSG00000205339	IPO7	3117	40.57	927	481	15.43	GC3	80	slow	90
ENSG00000205356_TECPR1	ENSG00000205356	TECPR1	3498	64.33	1606	849	24.27		80	fast	70
ENSG00000205403_CFI	ENSG00000205403	CFI	1755	43.80	1216	816	46.50	GC3	70	fast	90
ENSG00000205464_ATP6AP1L	ENSG00000205464	ATP6AP1L	675	48.73	474	278	41.19	GC2		fast	90
ENSG00000205517_RGL3	ENSG00000205517	RGL3	2136	64.59	1205	653	30.57		70	fast	80
ENSG00000205531_NAP1L4	ENSG00000205531	NAP1L4	1128	47.73	466	310	27.48	GC2		fast	90
ENSG00000205560_CPT1B	ENSG00000205560	CPT1B	2319	58.43	1050	610	26.30		80	slow	80
ENSG00000205593_DENND6B	ENSG00000205593	DENND6B	1590	61.10	796	428	26.92		70	slow	70
ENSG00000205629_LCMT1	ENSG00000205629	LCMT1	1002	47.23	483	268	26.75	GC2	70	fast	70
ENSG00000205678_TECRL	ENSG00000205678	TECRL	1092	39.08	554	290	26.56	GC3		fast	90
ENSG00000205683_DPF3	ENSG00000205683	DPF3	1071	56.00	550	336	31.37	GC1		fast	80
ENSG00000205693_MANSC4	ENSG00000205693	MANSC4	1023	45.54	627	352	34.41	GC2	70	slow	80
ENSG00000205765_C5orf51	ENSG00000205765	C5orf51	885	41.49	358	192	21.69	GC3		slow	90
ENSG00000205784_ARRDC5	ENSG00000205784	ARRDC5	987	56.85	573	339	34.35			fast	70
ENSG00000205832_C16orf96	ENSG00000205832	C16orf96	690	56.88	356	134	19.42			slow	
ENSG00000205835_GMNC	ENSG00000205835	GMNC	1005	47.31	480	259	25.77	GC3	80	slow	90
ENSG00000205838_TTC23L	ENSG00000205838	TTC23L	1083	48.65	687	385	35.55	GC2	70	fast	80
ENSG00000205937_RNPS1	ENSG00000205937	RNPS1	918	57.55	389	203	22.11	GC1		slow	90
ENSG00000206052_DOK6	ENSG00000206052	DOK6	996	49.52	309	198	19.88	GC2		slow	90
ENSG00000206075_SERPINB5	ENSG00000206075	SERPINB5	1128	44.58	508	305	27.04	GC2		slow	90
ENSG00000206107_KRTAP27-1	ENSG00000206107	KRTAP27-1	621	49.16	446	228	36.71	GC2	70	fast	
ENSG00000206190_ATP10A	ENSG00000206190	ATP10A	4404	56.39	2248	1317	29.90	GC1		fast	70
ENSG00000206384_COL6A6	ENSG00000206384	COL6A6	6792	51.81	3425	2045	30.11	GC2	80	fast	70
ENSG00000206422_LRRC30	ENSG00000206422	LRRC30	906	59.40	444	297	32.78		70	fast	80
ENSG00000206527_PTPLB	ENSG00000206527	PTPLB	765	46.15	340	157	20.52	GC2		fast	90
ENSG00000206530_CFAP44	ENSG00000206530	CFAP44	3108	41.52	1458	754	24.26	GC3	80	fast	80
ENSG00000206538_VGLL3	ENSG00000206538	VGLL3	987	58.14	350	188	19.05	GC1		fast	90
ENSG00000206557_TRIM71	ENSG00000206557	TRIM71	2388	63.64	796	357	14.95			fast	80
ENSG00000206560_ANKRD28	ENSG00000206560	ANKRD28	3261	45.37	1115	629	19.29	GC3	80	slow	90
ENSG00000211455_STK38L	ENSG00000211455	STK38L	1395	42.26	476	222	15.91	GC3		slow	80
ENSG00000211456_SACM1L	ENSG00000211456	SACM1L	1764	42.37	659	380	21.54	GC3	80	slow	90
ENSG00000211460_TSN	ENSG00000211460	TSN	687	47.93	198	113	16.45	GC2		fast	90
ENSG00000213047_DENND1B	ENSG00000213047	DENND1B	1269	45.53	458	267	21.04	GC2		fast	70
ENSG00000213085_CFAP45	ENSG00000213085	CFAP45	1656	56.15	941	496	29.95			fast	90
ENSG00000213160_KLHL23	ENSG00000213160	KLHL23	1677	41.02	556	291	17.35	GC3	70	slow	90
ENSG00000213171_LINGO4	ENSG00000213171	LINGO4	1782	62.76	742	401	22.50	GC1	80	slow	70
ENSG00000213341_CHUK	ENSG00000213341	CHUK	2238	42.75	778	360	16.09	GC3	70	slow	90
ENSG00000213347_MXD3	ENSG00000213347	MXD3	621	66.07	317	170	27.38			slow	80
ENSG00000213397_HAUS7	ENSG00000213397	HAUS7	1086	59.32	826	534	49.17			fast	80
ENSG00000213420_GPC2	ENSG00000213420	GPC2	1737	62.91	1086	571	32.87	GC1	80	fast	80
ENSG00000213551_DNAJC9	ENSG00000213551	DNAJC9	783	50.46	313	161	20.56	GC2		slow	70
ENSG00000213585_VDAC1	ENSG00000213585	VDAC1	852	49.57	237	144	16.90	GC2		slow	80
ENSG00000213619_NDUFS3	ENSG00000213619	NDUFS3	792	55.39	354	209	26.39	GC1		slow	90
ENSG00000213639_PPP1CB	ENSG00000213639	PPP1CB	984	42.24	254	126	12.80	GC3		slow	90
ENSG00000213694_S1PR3	ENSG00000213694	S1PR3	1137	57.51	573	353	31.05		80	slow	80
ENSG00000213699_SLC35F6	ENSG00000213699	SLC35F6	1116	62.52	433	235	21.06			slow	80
ENSG00000213722_DDAH2	ENSG00000213722	DDAH2	858	65.01	317	184	21.45	GC1		slow	90
ENSG00000213782_DDX47	ENSG00000213782	DDX47	1368	47.61	635	308	22.51	GC2		fast	90
ENSG00000213901_SLC23A3	ENSG00000213901	SLC23A3	1830	60.87	1076	609	33.28	GC1	80	fast	80
ENSG00000213918_DNASE1	ENSG00000213918	DNASE1	849	58.26	479	307	36.16		80	slow	80
ENSG00000213923_CSNK1E	ENSG00000213923	CSNK1E	1251	60.42	311	163	13.03			slow	70
ENSG00000213937_CLDN9	ENSG00000213937	CLDN9	654	67.01	227	115	17.58			slow	70
ENSG00000213949_ITGA1	ENSG00000213949	ITGA1	3540	42.23	1713	919	25.96	GC3	80	slow	90
ENSG00000213983_AP1G2	ENSG00000213983	AP1G2	2358	58.47	1042	570	24.17	GC1	80	fast	80
ENSG00000214013_GANC	ENSG00000214013	GANC	2745	46.92	1386	804	29.29	GC2	90	fast	90
ENSG00000214063_TSPAN4	ENSG00000214063	TSPAN4	717	61.63	289	152	21.20			fast	70
ENSG00000214517_PPME1	ENSG00000214517	PPME1	1161	48.56	423	213	18.35	GC3		fast	90
ENSG00000214944_ARHGEF28	ENSG00000214944	ARHGEF28	5112	49.82	2489	1297	25.37	GC2	80	slow	
ENSG00000215251_FASTKD5	ENSG00000215251	FASTKD5	2298	46.14	1335	735	31.98	GC2	80	slow	70
ENSG00000215305_VPS16	ENSG00000215305	VPS16	2520	57.46	912	532	21.11	GC1	70	slow	90
ENSG00000215440_NPEPL1	ENSG00000215440	NPEPL1	1428	63.20	530	318	22.27		70	slow	80
ENSG00000218336_TENM3	ENSG00000218336	TENM3	7848	50.93	2639	1660	21.15	GC2	80	fast	90
ENSG00000221818_EBF2	ENSG00000221818	EBF2	1728	51.67	445	241	13.95	GC2	70	slow	80
ENSG00000221829_FANCG	ENSG00000221829	FANCG	1869	56.60	1155	674	36.06	GC2	80	fast	90
ENSG00000221838_AP4M1	ENSG00000221838	AP4M1	1362	57.62	527	293	21.51	GC1	70	fast	90
ENSG00000221947_XKR9	ENSG00000221947	XKR9	1122	35.15	690	396	35.29	GC3	80	slow	90
ENSG00000221978_CCNL2	ENSG00000221978	CCNL2	1560	57.07	689	401	25.71	GC1		slow	
ENSG00000221986_MYBPHL	ENSG00000221986	MYBPHL	1065	57.78	594	316	29.67	GC1	70	slow	80
ENSG00000223501_VPS52	ENSG00000223501	VPS52	2172	54.80	703	454	20.90	GC1	70	slow	90
ENSG00000224586_GPX5	ENSG00000224586	GPX5	666	47.88	387	245	36.79	GC2		fast	90
ENSG00000225830_ERCC6	ENSG00000225830	ERCC6	4464	48.77	2579	1632	36.56	GC2	80	slow	80
ENSG00000225921_NOL7	ENSG00000225921	NOL7	774	51.40	399	217	28.04	GC2		fast	80
ENSG00000225950_NTF4	ENSG00000225950	NTF4	633	68.04	278	134	21.17	GC1		slow	
ENSG00000226979_LTA	ENSG00000226979	LTA	618	62.10	340	179	28.96	GC1		slow	90
ENSG00000227057_WDR46	ENSG00000227057	WDR46	1836	58.32	901	518	28.21	GC1		fast	90
ENSG00000227507_LTB	ENSG00000227507	LTB	735	67.59	435	227	30.88			fast	70
ENSG00000228146_CASP16	ENSG00000228146	CASP16	822	67.08	448	219	26.64			fast	
ENSG00000229809_ZNF688	ENSG00000229809	ZNF688	831	67.17	376	195	23.47			slow	
ENSG00000230124_LHX4-AS1	ENSG00000230124	LHX4-AS1	849	50.63	371	185	21.79	GC2		fast	90
ENSG00000231213_PLSCR5	ENSG00000231213	PLSCR5	822	45.14	404	191	23.24	GC3		slow	70
ENSG00000231925_TAPBP	ENSG00000231925	TAPBP	1386	64.21	840	524	37.81	GC1	80	fast	90
ENSG00000232810_TNF	ENSG00000232810	TNF	702	58.97	367	231	32.91			slow	80
ENSG00000234127_TRIM26	ENSG00000234127	TRIM26	1620	60.63	759	428	26.42			fast	80
ENSG00000235173_HGH1	ENSG00000235173	HGH1	1179	67.41	800	426	36.13			fast	80
ENSG00000236320_SLFN14	ENSG00000236320	SLFN14	2736	46.55	1687	912	33.33	GC2	80	fast	70
ENSG00000237441_RGL2	ENSG00000237441	RGL2	2334	61.99	976	495	21.21	GC1	70	slow	80
ENSG00000239282_GATSL3	ENSG00000239282	GATSL3	990	60.70	354	209	21.11			fast	80
ENSG00000239305_RNF103	ENSG00000239305	RNF103	2058	42.77	662	310	15.06	GC3		slow	90
ENSG00000239382_ALKBH6	ENSG00000239382	ALKBH6	789	63.85	396	195	24.71			fast	80
ENSG00000239388_ASB14	ENSG00000239388	ASB14	1764	46.64	873	478	27.10	GC3	70	slow	90
ENSG00000239474_KLHL41	ENSG00000239474	KLHL41	1821	43.36	634	343	18.84	GC3		slow	80
ENSG00000239779_WBP1	ENSG00000239779	WBP1	900	61.02	427	230	25.56	GC1		fast	90
ENSG00000239857_GET4	ENSG00000239857	GET4	978	60.84	486	230	23.52			fast	90
ENSG00000240065_PSMB9	ENSG00000240065	PSMB9	660	57.38	308	200	30.30	GC1		fast	90
ENSG00000240764_PCDHGC5	ENSG00000240764	PCDHGC5	2835	56.75	1024	385	13.58	GC1	80	fast	
ENSG00000240771_ARHGEF25	ENSG00000240771	ARHGEF25	1860	58.29	839	399	21.45	GC1		fast	90
ENSG00000241058_NSUN6	ENSG00000241058	NSUN6	1410	43.84	725	442	31.35	GC3	70	fast	90
ENSG00000241127_YAE1D1	ENSG00000241127	YAE1D1	681	44.88	401	224	32.89	GC3		slow	90
ENSG00000241399_CD302	ENSG00000241399	CD302	699	41.07	362	191	27.32	GC3		slow	90
ENSG00000241935_HOGA1	ENSG00000241935	HOGA1	984	61.60	404	213	21.65			fast	80
ENSG00000241973_PI4KA	ENSG00000241973	PI4KA	6135	54.90	2156	1352	22.04	GC1	80	fast	90
ENSG00000242173_ARHGDIG	ENSG00000242173	ARHGDIG	678	61.96	415	232	34.22		70	slow	
ENSG00000242247_ARFGAP3	ENSG00000242247	ARFGAP3	1551	50.38	771	487	31.40	GC2		fast	90
ENSG00000242612_DECR2	ENSG00000242612	DECR2	879	60.37	494	317	36.06	GC1		fast	80
ENSG00000242689_CNTF	ENSG00000242689	CNTF	603	52.46	315	188	31.18	GC2	70	slow	70
ENSG00000242802_AP5Z1	ENSG00000242802	AP5Z1	2424	66.20	1572	935	38.57		80	fast	80
ENSG00000242866_STRC	ENSG00000242866	STRC	5307	60.03	2456	1353	25.49	GC1	80	slow	90
ENSG00000243232_PCDHAC2	ENSG00000243232	PCDHAC2	3021	57.01	1066	518	17.15	GC1	70	slow	80
ENSG00000243364_EFNA4	ENSG00000243364	EFNA4	615	62.30	362	179	29.11	GC1		slow	70
ENSG00000243566_UPK3B	ENSG00000243566	UPK3B	840	65.20	502	281	33.45			slow	70
ENSG00000243710_CFAP57	ENSG00000243710	CFAP57	3738	48.91	1835	965	25.82	GC2		fast	90
ENSG00000243978_RGAG1	ENSG00000243978	RGAG1	4113	52.24	2922	1765	42.91	GC2	80	fast	90
ENSG00000244038_DDOST	ENSG00000244038	DDOST	1371	56.45	547	321	23.41			slow	90
ENSG00000244045_TMEM199	ENSG00000244045	TMEM199	627	54.87	289	173	27.59	GC1		slow	90
ENSG00000244274_DBNDD2	ENSG00000244274	DBNDD2	714	59.89	443	306	42.86	GC1	70	fast	80
ENSG00000244405_ETV5	ENSG00000244405	ETV5	1533	54.08	483	273	17.81	GC2	70	slow	90
ENSG00000244462_RBM12	ENSG00000244462	RBM12	2790	47.70	665	315	11.29	GC3	80	slow	70
ENSG00000244486_SCARF2	ENSG00000244486	SCARF2	2586	71.64	1153	480	18.56			fast	70
ENSG00000244607_CCDC13	ENSG00000244607	CCDC13	2148	58.98	1250	683	31.80		70	fast	90
ENSG00000247077_PGAM5	ENSG00000247077	PGAM5	867	61.71	461	211	24.34		70	fast	80
ENSG00000247626_MARS2	ENSG00000247626	MARS2	1782	57.94	789	474	26.60	GC1	70	slow	70
ENSG00000248487_ABHD14A	ENSG00000248487	ABHD14A	810	61.80	409	196	24.20			slow	70
ENSG00000248712_CCDC153	ENSG00000248712	CCDC153	627	58.83	389	218	34.77	GC1		slow	
ENSG00000248746_ACTN3	ENSG00000248746	ACTN3	2703	60.68	866	366	13.54			slow	
ENSG00000249115_HAUS5	ENSG00000249115	HAUS5	1902	62.56	1153	661	34.75		90	fast	90
ENSG00000249481_SPATS1	ENSG00000249481	SPATS1	897	47.30	597	325	36.23	GC2		fast	80
ENSG00000249581_CLRN2	ENSG00000249581	CLRN2	699	56.50	302	169	24.18			slow	80
ENSG00000249853_HS3ST5	ENSG00000249853	HS3ST5	1041	47.60	297	160	15.37	GC2		slow	90
ENSG00000249961_CCDC79	ENSG00000249961	CCDC79	1998	35.96	1035	460	23.02	GC3	70	slow	70
ENSG00000250067_YJEFN3	ENSG00000250067	YJEFN3	753	66.21	287	149	19.79			slow	
ENSG00000250305_KIAA1456	ENSG00000250305	KIAA1456	1362	49.85	841	559	41.04	GC2	80	fast	90
ENSG00000250423_KIAA1210	ENSG00000250423	KIAA1210	3282	49.62	3004	2029	61.82	GC3	80	fast	70
ENSG00000250565_ATP6V1E2	ENSG00000250565	ATP6V1E2	681	49.46	348	234	34.36	GC1		slow	90
ENSG00000250722_SEPP1	ENSG00000250722	SEPP1	1029	44.75	597	284	27.60	GC3		slow	
ENSG00000253293_HOXA10	ENSG00000253293	HOXA10	1176	67.41	361	156	13.27			slow	
ENSG00000253729_PRKDC	ENSG00000253729	PRKDC	12405	45.74	7085	4717	38.02	GC2	90	fast	80
ENSG00000254004_ZNF260	ENSG00000254004	ZNF260	1239	38.05	378	137	11.06	GC3	70	slow	
ENSG00000254087_LYN	ENSG00000254087	LYN	1539	48.45	537	331	21.51	GC2	70	fast	80
ENSG00000254093_PINX1	ENSG00000254093	PINX1	984	46.64	578	339	34.45	GC2	70	slow	70
ENSG00000254726_MEX3A	ENSG00000254726	MEX3A	1206	66.93	378	194	16.09			slow	80
ENSG00000254858_MPV17L2	ENSG00000254858	MPV17L2	618	64.79	304	183	29.61			fast	80
ENSG00000254986_DPP3	ENSG00000254986	DPP3	2214	60.54	788	434	19.60		70	fast	80
ENSG00000256043_CTSO	ENSG00000256043	CTSO	954	46.91	565	374	39.20	GC3	70	fast	90
ENSG00000256223_ZNF10	ENSG00000256223	ZNF10	1722	43.10	821	403	23.40	GC3	80	slow	
ENSG00000256269_HMBS	ENSG00000256269	HMBS	1086	55.32	467	247	22.74	GC1		slow	90
ENSG00000256394_ASIC5	ENSG00000256394	ASIC5	1518	41.79	879	462	30.43	GC3	70	fast	80
ENSG00000256453_DND1	ENSG00000256453	DND1	1062	65.30	460	247	23.26			slow	80
ENSG00000256500_NONAME	ENSG00000256500	NONAME	1848	52.48	670	428	23.16	GC1		fast	70
ENSG00000256525_POLG2	ENSG00000256525	POLG2	1458	48.22	790	406	27.85	GC3	70	fast	90
ENSG00000256870_SLC5A8	ENSG00000256870	SLC5A8	1836	46.83	878	469	25.54	GC2	70	fast	90
ENSG00000257093_KIAA1147	ENSG00000257093	KIAA1147	1179	55.28	522	256	21.71			fast	80
ENSG00000257103_LSM14A	ENSG00000257103	LSM14A	1392	47.58	475	192	13.79	GC3		slow	80
ENSG00000257138_TAS2R38	ENSG00000257138	TAS2R38	1002	51.44	680	408	40.72	GC1		fast	
ENSG00000257335_MGAM	ENSG00000257335	MGAM	5499	49.44	3026	1668	30.33	GC2	80	fast	70
ENSG00000258223_PRSS58	ENSG00000258223	PRSS58	726	46.37	498	355	48.90	GC2	70	fast	90
ENSG00000258366_RTEL1	ENSG00000258366	RTEL1	3828	62.37	2466	1506	39.34		80	fast	80
ENSG00000258890_CEP95	ENSG00000258890	CEP95	2469	42.81	1390	763	30.90	GC3	80	fast	90
ENSG00000259431_THTPA	ENSG00000259431	THTPA	693	59.09	427	253	36.51	GC1		slow	90
ENSG00000259494_MRPL46	ENSG00000259494	MRPL46	840	55.13	486	324	38.57	GC1		fast	90
ENSG00000260027_HOXB7	ENSG00000260027	HOXB7	654	61.61	142	63	9.63			slow	70
ENSG00000260230_FRRS1L	ENSG00000260230	FRRS1L	759	49.60	281	178	23.45	GC2		slow	90
ENSG00000260314_MRC1	ENSG00000260314	MRC1	4368	44.77	2403	1453	33.26	GC3	70	fast	90
ENSG00000260916_CCPG1	ENSG00000260916	CCPG1	2427	40.73	1409	744	30.66	GC3		fast	90
ENSG00000261147_NONAME	ENSG00000261147	NONAME	2217	54.04	1119	473	21.34	GC1		slow	
ENSG00000261236_BOP1	ENSG00000261236	BOP1	2181	65.12	1158	654	29.99		80	slow	70
ENSG00000261609_GAN	ENSG00000261609	GAN	1794	49.81	581	425	23.69	GC2	80	slow	90
ENSG00000262406_MMP12	ENSG00000262406	MMP12	1413	43.16	1008	674	47.70	GC3	80	fast	80
ENSG00000262655_SPON1	ENSG00000262655	SPON1	2424	57.24	743	406	16.75	GC1	70	fast	80
ENSG00000262919_FAM58A	ENSG00000262919	FAM58A	753	59.21	342	219	29.08			fast	80
ENSG00000263001_GTF2I	ENSG00000263001	GTF2I	2997	45.28	940	541	18.05	GC3	70	slow	70
ENSG00000263528_IKBKE	ENSG00000263528	IKBKE	2157	59.98	995	507	23.50		70	slow	80
ENSG00000263761_GDF2	ENSG00000263761	GDF2	1290	57.02	707	430	33.33		90	slow	80
ENSG00000264522_OTUD7B	ENSG00000264522	OTUD7B	2532	56.21	946	472	18.64	GC1	70	slow	80
ENSG00000265107_GJA5	ENSG00000265107	GJA5	1077	58.16	495	269	24.98			slow	70
ENSG00000265203_RBP3	ENSG00000265203	RBP3	3732	62.38	1894	1166	31.24		70	fast	80
ENSG00000265491_RNF115	ENSG00000265491	RNF115	918	50.09	337	164	17.86	GC3		slow	90
ENSG00000265763_ZNF488	ENSG00000265763	ZNF488	1020	60.33	675	325	31.86	GC1	70	fast	
ENSG00000266074_BAHCC1	ENSG00000266074	BAHCC1	7389	68.33	4426	2111	28.57		80	fast	70
ENSG00000266094_RASSF5	ENSG00000266094	RASSF5	1185	59.87	614	324	27.34			slow	70
ENSG00000266173_STRADA	ENSG00000266173	STRADA	1296	53.87	460	244	18.83	GC1		slow	90
ENSG00000266524_GDF10	ENSG00000266524	GDF10	1434	64.16	814	460	32.08		70	slow	80
ENSG00000267796_LIN37	ENSG00000267796	LIN37	741	58.68	228	116	15.65	GC1	70	slow	70
ENSG00000268089_GABRQ	ENSG00000268089	GABRQ	1899	51.70	1253	840	44.23	GC1	70	slow	80
ENSG00000269190_FBXO17	ENSG00000269190	FBXO17	837	65.21	448	172	20.55			fast	80
ENSG00000269335_IKBKG	ENSG00000269335	IKBKG	1275	62.01	601	324	25.41		70	slow	80
ENSG00000269556_TMEM185A	ENSG00000269556	TMEM185A	1053	48.34	312	204	19.37	GC2		slow	70
ENSG00000269743_SLC25A53	ENSG00000269743	SLC25A53	921	54.04	368	186	20.20	GC1	70	slow	70
ENSG00000270379_HEATR9	ENSG00000270379	HEATR9	1707	51.04	1310	782	45.81	GC1	80	fast	90
ENSG00000270647_TAF15	ENSG00000270647	TAF15	1695	50.80	524	258	15.22	GC3		slow	90
ENSG00000270885_RASL10B	ENSG00000270885	RASL10B	612	63.62	132	47	7.68			slow	80
ENSG00000271447_MMP28	ENSG00000271447	MMP28	1563	64.57	838	432	27.64			fast	80
ENSG00000271601_LIX1L	ENSG00000271601	LIX1L	1014	58.28	365	182	17.95	GC1		fast	90
ENSG00000271605_MILR1	ENSG00000271605	MILR1	1032	43.64	776	499	48.35	GC3	70	fast	90
ENSG00000272031_ANKRD34A	ENSG00000272031	ANKRD34A	1491	67.40	443	224	15.02	GC1	70	slow	
ENSG00000272333_KMT2B	ENSG00000272333	KMT2B	8046	61.95	3594	1722	21.40	GC1	90	fast	90
ENSG00000272886_DCP1A	ENSG00000272886	DCP1A	1749	52.51	890	485	27.73	GC2	70	fast	90
ENSG00000273079_GRIN2B	ENSG00000273079	GRIN2B	4455	55.04	1304	757	16.99	GC1	80	slow	90
ENSG00000273111_LYPD4	ENSG00000273111	LYPD4	741	51.69	503	324	43.72	GC2	80	fast	90
ENSG00000273559_CWC25	ENSG00000273559	CWC25	1278	52.03	596	323	25.27	GC1	70	slow	90
ENSG00000273706_LHX1	ENSG00000273706	LHX1	1221	62.63	343	200	16.38			slow	90
ENSG00000273749_CYFIP1	ENSG00000273749	CYFIP1	3762	52.13	1540	811	21.56	GC1	70	slow	80
ENSG00000273820_USP27X	ENSG00000273820	USP27X	1572	49.00	401	194	12.34	GC2	70	slow	80
ENSG00000274211_SOCS7	ENSG00000274211	SOCS7	1719	60.20	867	356	20.71	GC1		fast	90
ENSG00000274523_WBSCR16	ENSG00000274523	WBSCR16	1386	59.65	627	372	26.84	GC1		fast	90
ENSG00000274529_SEBOX	ENSG00000274529	SEBOX	624	61.31	406	190	30.45	GC1		slow	
ENSG00000274588_DGKK	ENSG00000274588	DGKK	3183	45.40	1524	720	22.62	GC3	70	fast	80
ENSG00000275023_MLLT6	ENSG00000275023	MLLT6	3237	63.68	1424	570	17.61	GC1	70	fast	80
ENSG00000275052_SMEK2	ENSG00000275052	SMEK2	2463	39.50	701	303	12.30	GC3		slow	90
ENSG00000275066_SYNRG	ENSG00000275066	SYNRG	4110	47.14	1798	1001	24.36	GC3	80	slow	90
ENSG00000275074_NUDT18	ENSG00000275074	NUDT18	972	61.64	497	279	28.70			slow	80
ENSG00000275111_ZNF2	ENSG00000275111	ZNF2	1281	49.03	613	360	28.10	GC2	80	slow	70
ENSG00000275410_HNF1B	ENSG00000275410	HNF1B	1674	58.89	464	246	14.70		70	slow	90
ENSG00000275591_XKR5	ENSG00000275591	XKR5	2067	60.15	1571	1007	48.72	GC1	80	fast	80
ENSG00000275700_AATF	ENSG00000275700	AATF	1701	50.49	921	504	29.63	GC2	70	slow	90
ENSG00000275835_TUBGCP5	ENSG00000275835	TUBGCP5	3075	44.21	1602	866	28.16	GC3	80	fast	90
ENSG00000276043_UHRF1	ENSG00000276043	UHRF1	2409	61.96	1333	775	32.17		70	fast	80
ENSG00000276045_ORAI1	ENSG00000276045	ORAI1	903	65.19	338	161	17.83			slow	80
ENSG00000276231_PIK3R6	ENSG00000276231	PIK3R6	2274	61.73	1471	757	33.29		70	fast	90
ENSG00000276234_TADA2A	ENSG00000276234	TADA2A	1332	46.63	415	200	15.02	GC2		slow	80
ENSG00000276293_PIP4K2B	ENSG00000276293	PIP4K2B	1251	54.24	441	200	15.99			slow	90
ENSG00000276644_DACH1	ENSG00000276644	DACH1	1710	50.51	482	231	13.51	GC2	70	slow	70
ENSG00000276747_PADI6	ENSG00000276747	PADI6	2079	57.06	1340	846	40.69		80	fast	90
ENSG00000277161_PIGW	ENSG00000277161	PIGW	1515	39.66	821	443	29.24	GC3	70	slow	80
ENSG00000277258_PCGF2	ENSG00000277258	PCGF2	1035	59.38	385	186	17.97			slow	80
ENSG00000277363_SRCIN1	ENSG00000277363	SRCIN1	3537	66.41	1527	656	18.55			fast	90
ENSG00000277399_GPR179	ENSG00000277399	GPR179	7137	59.34	5381	3134	43.91	GC1	80	fast	90
ENSG00000277481_PKD1L3	ENSG00000277481	PKD1L3	5169	49.16	3258	1584	30.64	GC2	70	fast	
ENSG00000277586_NEFL	ENSG00000277586	NEFL	1635	58.89	474	252	15.41		70	slow	80
ENSG00000277893_SRD5A2	ENSG00000277893	SRD5A2	765	53.48	387	209	27.32	GC1		fast	80
ENSG00000278129_ZNF8	ENSG00000278129	ZNF8	1728	54.39	1002	646	37.38	GC2	80	fast	
ENSG00000278195_SSTR3	ENSG00000278195	SSTR3	1260	66.58	527	293	23.25			slow	70
ENSG00000278259_MYO19	ENSG00000278259	MYO19	2895	58.22	1408	820	28.32	GC1	80	fast	90
ENSG00000278311_GGNBP2	ENSG00000278311	GGNBP2	2091	43.24	551	233	11.14	GC3		slow	90
ENSG00000278505_C17orf78	ENSG00000278505	C17orf78	837	47.86	617	341	40.74	GC2		slow	70
ENSG00000278535_DHRS11	ENSG00000278535	DHRS11	783	59.69	338	165	21.07			slow	80
ENSG00000278540_ACACA	ENSG00000278540	ACACA	7113	48.54	2522	1311	18.43	GC2	90	slow	90
ENSG00000278619_MRM1	ENSG00000278619	MRM1	1068	65.91	628	368	34.46		70	fast	90
